distance_km,traffic,weather,weight_kg,stops,dispatch_hour,warehouse_congestion,priority,carrier,delivery_time_hours
81.01,Low,Clear,11.36,3,5,Low,Standard,Carrier_B,12.19
108.19,Low,Clear,21.68,2,21,High,Express,Carrier_A,8.36
71.64,High,Storm,34.0,0,4,Medium,Standard,Carrier_B,24.7
64.53,High,Clear,15.49,0,10,Medium,Standard,Carrier_A,17.17
117.05,Medium,Rain,13.36,5,19,Low,Standard,Carrier_C,15.86
68.54,Low,Clear,16.14,2,21,High,Express,Carrier_A,8.57
90.34,Medium,Rain,13.51,3,10,High,Standard,Carrier_A,10.94
84.6,High,Clear,10.31,3,8,Medium,Standard,Carrier_A,12.71
116.99,High,Rain,9.79,4,11,Low,Standard,Carrier_B,21.68
56.89,Medium,Clear,5.13,8,14,Low,Standard,Carrier_A,16.33
142.96,Low,Rain,17.21,3,7,Low,Standard,Carrier_A,14.73
46.92,Medium,Clear,9.77,3,16,Medium,Standard,Carrier_A,10.74
94.24,Medium,Clear,25.59,1,19,Medium,Standard,Carrier_A,9.47
87.12,Medium,Clear,18.08,2,1,Medium,Standard,Carrier_C,8.05
43.77,Medium,Clear,6.64,2,19,Low,Standard,Carrier_B,14.75
99.44,High,Storm,22.43,4,16,Low,Standard,Carrier_B,26.74
60.03,Low,Clear,1.89,1,1,High,Standard,Carrier_A,5.36
33.31,Medium,Clear,34.98,1,19,Low,Standard,Carrier_B,11.8
107.71,Medium,Rain,4.18,2,11,High,Standard,Carrier_B,25.94
23.81,Medium,Clear,13.76,4,0,Medium,Standard,Carrier_A,8.75
38.4,High,Clear,13.17,1,1,Low,Standard,Carrier_C,7.13
71.07,Medium,Rain,20.71,0,1,Medium,Express,Carrier_A,11.71
116.49,Medium,Clear,8.06,1,9,High,Standard,Carrier_A,20.42
103.47,Low,Rain,2.47,0,12,High,Standard,Carrier_C,16.14
80.16,Medium,Clear,8.06,2,5,Low,Express,Carrier_B,7.97
17.49,Low,Clear,8.65,3,23,Low,Standard,Carrier_B,5.19
45.32,Low,Clear,2.63,2,0,Medium,Express,Carrier_C,1.0
53.04,Medium,Rain,10.27,3,23,Low,Standard,Carrier_C,7.31
32.06,Medium,Clear,4.96,3,3,Low,Standard,Carrier_C,8.01
13.38,High,Rain,15.21,2,2,High,Standard,Carrier_B,15.81
73.43,Medium,Clear,8.5,1,11,Medium,Standard,Carrier_B,12.13
105.59,High,Clear,35.68,0,18,Medium,Standard,Carrier_B,17.48
50.04,Medium,Rain,8.44,2,15,Medium,Standard,Carrier_A,12.38
115.55,Medium,Clear,13.19,1,19,Low,Standard,Carrier_A,13.2
21.35,High,Clear,8.68,0,10,Low,Standard,Carrier_C,9.32
30.49,Medium,Clear,3.47,2,21,Medium,Express,Carrier_A,8.92
72.38,High,Rain,8.73,3,18,Medium,Standard,Carrier_C,18.64
46.96,Medium,Clear,16.28,2,1,Medium,Standard,Carrier_A,9.1
100.05,Low,Clear,14.75,0,12,Low,Express,Carrier_A,5.47
89.7,Medium,Clear,8.24,0,23,Medium,Standard,Carrier_A,8.19
49.46,Low,Rain,3.87,7,17,Low,Standard,Carrier_A,17.58
23.21,Low,Clear,15.16,1,19,Low,Standard,Carrier_A,4.73
45.36,Low,Clear,13.1,5,17,High,Express,Carrier_A,12.53
91.12,Low,Clear,17.26,1,14,Medium,Standard,Carrier_B,11.27
102.6,Medium,Clear,8.35,3,8,High,Standard,Carrier_A,19.21
47.11,High,Clear,3.34,1,1,High,Standard,Carrier_A,15.25
13.3,Medium,Rain,14.11,3,7,Medium,Standard,Carrier_A,12.85
20.3,High,Rain,9.92,0,5,Low,Standard,Carrier_A,15.0
86.38,Medium,Clear,24.65,3,17,Medium,Standard,Carrier_C,14.46
48.87,Low,Clear,10.16,1,8,Low,Standard,Carrier_C,6.22
49.73,Low,Clear,9.68,0,8,High,Standard,Carrier_A,16.44
30.09,High,Clear,13.08,2,20,High,Standard,Carrier_A,12.31
29.62,Medium,Clear,6.77,2,4,Medium,Standard,Carrier_A,13.58
114.32,High,Clear,6.56,3,18,Medium,Standard,Carrier_B,14.77
88.39,Medium,Rain,9.36,1,8,Low,Standard,Carrier_A,12.95
40.84,Medium,Clear,5.48,3,22,Low,Standard,Carrier_B,4.72
68.84,High,Clear,8.59,1,22,Low,Standard,Carrier_A,7.48
77.1,High,Storm,35.19,2,10,High,Standard,Carrier_B,26.94
175.76,Low,Clear,19.64,3,18,Low,Standard,Carrier_A,17.07
27.59,High,Clear,12.19,1,22,High,Express,Carrier_A,9.88
76.43,Medium,Clear,27.35,1,14,Medium,Express,Carrier_A,13.32
113.96,High,Storm,5.83,1,21,Medium,Standard,Carrier_B,26.8
163.26,Medium,Clear,50.34,2,16,Low,Express,Carrier_B,16.24
39.27,Medium,Clear,7.39,1,0,Low,Standard,Carrier_B,2.78
48.41,Medium,Clear,36.69,2,14,Medium,Standard,Carrier_A,12.81
100.66,High,Clear,36.58,2,5,Medium,Standard,Carrier_B,15.84
17.22,Low,Clear,3.19,2,14,Medium,Standard,Carrier_A,6.82
81.5,Medium,Clear,25.88,3,19,Low,Standard,Carrier_B,16.43
214.88,Medium,Rain,8.29,1,4,Low,Standard,Carrier_B,18.89
87.22,Medium,Rain,6.9,2,15,Low,Express,Carrier_A,14.1
7.22,Medium,Clear,14.03,2,12,Medium,Standard,Carrier_C,5.69
33.66,Medium,Clear,5.18,3,5,Medium,Standard,Carrier_C,10.3
40.22,Medium,Clear,13.82,1,18,Low,Standard,Carrier_C,10.43
130.71,Medium,Clear,5.41,5,18,Medium,Standard,Carrier_A,21.09
58.04,Medium,Rain,11.19,3,0,Low,Standard,Carrier_C,15.93
13.52,Medium,Clear,23.76,6,7,Medium,Standard,Carrier_A,10.87
62.8,High,Rain,12.82,6,1,Medium,Standard,Carrier_A,15.81
71.76,Medium,Clear,7.89,0,14,Medium,Standard,Carrier_B,9.69
44.25,Low,Rain,14.18,2,21,Low,Standard,Carrier_A,17.01
29.2,Medium,Rain,4.0,1,22,Medium,Standard,Carrier_A,14.01
229.12,Low,Rain,5.78,2,9,Medium,Standard,Carrier_C,20.17
114.19,Low,Rain,7.54,1,5,Low,Standard,Carrier_A,10.49
120.77,High,Rain,16.63,5,7,Low,Standard,Carrier_B,23.15
58.13,Medium,Clear,12.98,1,1,Medium,Standard,Carrier_C,9.55
38.76,Medium,Clear,14.12,3,8,Medium,Standard,Carrier_A,13.93
45.9,High,Clear,9.8,3,15,Medium,Standard,Carrier_C,14.46
21.3,Low,Rain,5.98,2,0,Low,Standard,Carrier_C,9.73
173.67,Low,Clear,26.24,3,17,Low,Express,Carrier_A,19.88
59.82,Low,Storm,6.34,2,20,Medium,Standard,Carrier_B,16.23
149.8,Low,Clear,13.1,2,7,Low,Express,Carrier_A,11.38
47.59,Medium,Rain,9.27,2,18,Low,Standard,Carrier_C,10.86
88.06,High,Clear,14.38,6,11,Low,Standard,Carrier_A,15.43
74.49,Medium,Storm,6.73,0,23,High,Standard,Carrier_A,20.35
19.32,Low,Clear,19.77,1,12,Low,Express,Carrier_B,4.95
187.28,Medium,Clear,24.43,4,14,Medium,Express,Carrier_B,23.07
48.67,Low,Rain,19.0,2,19,Medium,Standard,Carrier_B,11.93
25.41,Medium,Clear,11.05,0,6,Medium,Standard,Carrier_A,7.9
101.18,Medium,Clear,7.52,2,16,Low,Standard,Carrier_B,11.85
65.09,Low,Rain,62.45,5,20,Low,Standard,Carrier_B,15.09
82.84,High,Rain,5.24,3,6,Low,Standard,Carrier_B,24.68
69.76,High,Clear,17.69,4,19,High,Standard,Carrier_B,21.27
8.16,Medium,Clear,12.38,1,6,Medium,Standard,Carrier_A,13.59
32.74,Medium,Clear,9.58,2,14,High,Standard,Carrier_A,9.23
31.7,Medium,Clear,11.25,1,7,High,Express,Carrier_A,9.71
119.65,Low,Clear,7.16,0,15,Low,Standard,Carrier_A,7.55
66.81,Low,Clear,13.17,3,3,Medium,Standard,Carrier_A,10.15
91.59,Medium,Clear,12.26,3,19,Medium,Express,Carrier_A,12.58
50.88,High,Clear,56.85,2,3,Medium,Standard,Carrier_A,15.76
94.59,Medium,Rain,20.01,4,8,High,Standard,Carrier_B,14.87
58.22,Medium,Clear,13.95,1,19,Medium,Standard,Carrier_B,10.16
55.2,Medium,Clear,14.5,2,2,Medium,Standard,Carrier_C,14.7
74.15,Medium,Rain,32.97,3,19,Low,Standard,Carrier_A,11.28
69.76,Low,Rain,5.31,0,9,High,Standard,Carrier_A,13.93
274.79,Medium,Clear,8.86,3,6,Low,Express,Carrier_A,20.84
32.44,High,Storm,2.89,1,19,Medium,Standard,Carrier_B,21.16
17.37,High,Clear,14.34,1,20,High,Standard,Carrier_B,11.88
81.62,High,Clear,17.31,1,20,Low,Standard,Carrier_A,13.4
36.3,Low,Clear,5.22,4,13,Medium,Express,Carrier_A,8.93
7.05,Medium,Clear,25.35,1,4,Medium,Express,Carrier_A,3.22
26.56,Medium,Rain,6.25,2,17,Medium,Standard,Carrier_A,14.21
238.35,Low,Clear,7.98,2,16,Low,Standard,Carrier_A,21.16
31.73,Low,Rain,10.78,1,21,Low,Express,Carrier_B,9.21
12.17,High,Clear,28.11,2,17,Medium,Standard,Carrier_A,14.21
229.2,Medium,Clear,5.71,1,7,Medium,Standard,Carrier_C,25.05
25.67,Medium,Clear,12.05,3,10,High,Standard,Carrier_A,12.11
300.0,Low,Clear,16.5,4,15,Medium,Standard,Carrier_A,20.54
49.26,Medium,Storm,14.43,0,18,Medium,Standard,Carrier_C,16.16
187.76,Low,Rain,14.78,3,7,Low,Standard,Carrier_A,22.74
54.29,Low,Rain,16.36,3,6,High,Standard,Carrier_C,11.13
88.41,Medium,Rain,6.95,0,21,Low,Standard,Carrier_A,4.81
59.14,Medium,Clear,29.88,4,23,High,Standard,Carrier_B,17.38
54.59,High,Clear,9.28,5,7,High,Express,Carrier_C,16.28
77.08,Medium,Clear,8.51,4,1,High,Standard,Carrier_A,21.79
90.58,Low,Rain,23.95,5,15,Low,Standard,Carrier_A,14.21
73.05,Low,Clear,6.62,3,0,Low,Standard,Carrier_A,11.65
67.91,Medium,Clear,12.28,1,4,Medium,Standard,Carrier_A,8.63
36.55,Low,Rain,6.23,0,12,Medium,Express,Carrier_A,7.79
60.79,Low,Clear,51.29,3,8,Medium,Express,Carrier_B,12.46
173.15,Medium,Clear,44.73,2,1,Medium,Standard,Carrier_A,20.99
35.22,Low,Clear,9.28,3,8,Medium,Standard,Carrier_B,11.79
78.63,Medium,Clear,13.98,2,16,Low,Express,Carrier_B,9.61
140.45,Medium,Clear,10.01,0,18,Low,Standard,Carrier_C,15.91
91.09,Low,Rain,7.95,5,18,Medium,Standard,Carrier_C,14.4
120.47,High,Rain,10.78,3,6,Low,Standard,Carrier_C,15.18
25.32,Medium,Clear,9.71,2,15,Medium,Standard,Carrier_A,8.24
78.77,Medium,Rain,3.71,4,7,Medium,Express,Carrier_A,14.49
52.33,Low,Rain,11.83,1,15,High,Express,Carrier_B,11.89
54.01,Medium,Rain,9.7,3,0,Medium,Standard,Carrier_A,11.32
163.98,Low,Rain,12.22,3,9,Medium,Standard,Carrier_A,22.82
54.65,Medium,Rain,9.48,0,7,High,Express,Carrier_C,16.37
80.53,Low,Clear,7.89,1,16,Medium,Standard,Carrier_B,14.55
12.19,High,Clear,17.61,2,6,Medium,Standard,Carrier_A,12.84
187.63,Low,Clear,14.11,3,7,Low,Express,Carrier_B,10.85
115.96,High,Clear,24.72,4,13,Medium,Express,Carrier_A,16.45
62.44,High,Storm,13.76,2,15,Low,Standard,Carrier_A,21.18
50.61,Medium,Clear,8.77,2,9,Low,Standard,Carrier_C,13.3
97.34,Medium,Clear,14.89,1,21,Medium,Express,Carrier_A,9.1
139.36,Medium,Storm,2.75,4,23,Low,Standard,Carrier_B,26.16
189.24,High,Rain,39.15,3,14,Low,Standard,Carrier_A,23.32
113.46,Medium,Clear,11.92,1,13,Medium,Express,Carrier_A,3.27
68.57,Medium,Rain,41.26,7,12,Medium,Standard,Carrier_A,17.29
125.0,Low,Clear,5.67,1,1,Medium,Standard,Carrier_A,8.87
110.34,High,Clear,4.82,2,9,Medium,Standard,Carrier_B,17.64
68.76,Low,Clear,12.65,3,19,Medium,Standard,Carrier_A,14.91
108.22,Low,Rain,12.62,1,16,High,Standard,Carrier_B,19.96
106.88,Low,Clear,12.43,3,1,Low,Standard,Carrier_B,9.9
62.18,Medium,Clear,11.25,3,3,Low,Standard,Carrier_A,7.58
43.55,High,Rain,6.63,3,20,Low,Standard,Carrier_A,15.09
100.81,High,Rain,3.8,4,17,Medium,Standard,Carrier_A,21.1
27.86,Low,Clear,11.99,0,9,Low,Standard,Carrier_A,7.7
22.72,Medium,Clear,4.33,1,22,Medium,Standard,Carrier_A,5.06
81.42,High,Storm,4.08,0,1,Medium,Standard,Carrier_A,18.79
98.98,Medium,Rain,7.79,1,18,High,Express,Carrier_A,14.0
81.0,Low,Clear,13.2,1,23,High,Standard,Carrier_A,10.19
87.19,Medium,Clear,36.31,3,10,Low,Standard,Carrier_A,17.4
97.86,Medium,Clear,18.85,4,11,Low,Standard,Carrier_B,11.46
164.38,High,Rain,25.32,1,5,Medium,Standard,Carrier_A,19.72
114.75,Medium,Clear,15.25,2,20,High,Standard,Carrier_A,13.88
112.48,Low,Rain,12.66,1,17,Low,Express,Carrier_C,10.45
77.11,Medium,Clear,50.84,1,10,Medium,Express,Carrier_B,10.2
79.13,Low,Rain,4.22,3,5,Low,Standard,Carrier_A,14.39
58.53,High,Clear,7.62,3,11,Low,Standard,Carrier_B,12.27
85.44,Medium,Rain,8.02,0,10,Low,Standard,Carrier_C,10.56
26.66,Low,Clear,17.83,3,8,Medium,Standard,Carrier_B,5.69
164.87,Medium,Clear,5.28,4,20,Medium,Standard,Carrier_B,16.24
33.37,Low,Clear,16.38,2,8,Medium,Standard,Carrier_B,13.57
114.6,Low,Clear,14.54,1,2,Medium,Standard,Carrier_C,7.72
151.71,Medium,Clear,16.92,0,19,Medium,Standard,Carrier_A,18.3
114.42,High,Rain,16.72,7,17,Low,Standard,Carrier_B,21.75
251.81,High,Rain,27.11,2,0,High,Express,Carrier_A,26.95
8.73,Medium,Clear,9.66,3,16,Low,Standard,Carrier_B,14.71
45.8,Low,Clear,14.08,4,11,High,Standard,Carrier_A,14.16
150.09,Medium,Clear,6.18,0,16,Medium,Standard,Carrier_B,11.6
21.9,Medium,Rain,5.33,1,6,Medium,Standard,Carrier_A,18.87
34.24,Low,Clear,31.41,1,4,Medium,Express,Carrier_B,2.99
93.74,High,Clear,5.88,2,13,High,Standard,Carrier_C,22.39
67.97,High,Clear,15.13,2,1,Low,Express,Carrier_A,8.86
89.85,Low,Clear,14.09,2,5,Medium,Express,Carrier_A,4.75
72.17,High,Clear,21.41,5,1,Low,Express,Carrier_A,11.44
76.92,Medium,Clear,3.39,2,8,Medium,Standard,Carrier_B,12.66
37.1,Low,Clear,17.8,1,21,Medium,Standard,Carrier_A,5.08
75.2,Medium,Rain,9.6,2,12,Low,Standard,Carrier_B,13.28
48.26,Low,Clear,6.75,1,17,Low,Standard,Carrier_B,10.06
53.43,Low,Clear,8.47,2,17,Medium,Express,Carrier_A,12.27
113.57,High,Clear,19.57,1,3,High,Standard,Carrier_B,20.25
20.88,Medium,Rain,16.04,3,22,Medium,Standard,Carrier_A,11.7
5.22,Low,Rain,9.18,1,3,Medium,Standard,Carrier_A,5.18
108.12,Medium,Clear,4.76,1,5,High,Standard,Carrier_C,13.4
75.26,High,Rain,4.98,2,15,High,Express,Carrier_A,15.92
151.61,Medium,Clear,16.27,3,11,Medium,Standard,Carrier_A,12.34
35.01,High,Clear,4.35,1,5,Medium,Standard,Carrier_A,18.2
60.75,High,Rain,9.24,3,8,Medium,Standard,Carrier_B,20.64
69.84,Medium,Rain,56.98,2,9,Low,Standard,Carrier_B,16.58
40.83,Medium,Clear,13.45,1,14,High,Standard,Carrier_A,14.75
31.4,Medium,Clear,16.16,3,18,Low,Standard,Carrier_A,2.84
111.79,High,Clear,5.0,2,8,Medium,Standard,Carrier_B,25.71
19.02,Medium,Clear,4.49,2,9,High,Standard,Carrier_A,10.52
27.14,Low,Storm,16.73,2,2,Medium,Standard,Carrier_A,11.32
59.26,Low,Clear,8.3,3,22,Low,Standard,Carrier_C,5.24
120.54,Medium,Storm,21.39,3,14,Low,Standard,Carrier_B,23.82
42.98,High,Clear,10.95,2,6,Medium,Standard,Carrier_A,18.37
38.77,High,Rain,100.65,2,0,Low,Standard,Carrier_A,19.14
56.7,Medium,Rain,7.34,2,22,Low,Standard,Carrier_A,9.5
84.21,Low,Rain,12.84,1,1,Low,Express,Carrier_B,4.08
50.27,Low,Clear,5.95,2,4,Medium,Standard,Carrier_A,6.71
130.81,High,Clear,20.82,5,21,Medium,Standard,Carrier_B,19.03
134.44,Medium,Clear,14.17,2,8,Low,Standard,Carrier_A,10.34
59.26,High,Clear,5.7,0,20,Medium,Standard,Carrier_A,13.29
210.08,Low,Storm,8.66,3,13,Medium,Standard,Carrier_B,25.67
68.71,Medium,Clear,25.96,2,13,Medium,Standard,Carrier_B,13.65
131.49,High,Clear,24.01,2,22,High,Express,Carrier_B,21.51
82.59,Low,Clear,4.24,3,0,Low,Express,Carrier_A,8.59
81.52,Low,Clear,7.86,2,8,Medium,Standard,Carrier_A,11.65
14.99,Medium,Clear,34.78,4,8,Low,Standard,Carrier_A,14.84
25.14,Medium,Clear,9.55,2,17,Low,Standard,Carrier_A,7.48
52.29,High,Rain,11.99,2,8,Medium,Standard,Carrier_A,15.8
133.78,High,Clear,20.75,1,21,Medium,Standard,Carrier_B,17.33
83.41,Medium,Clear,4.48,4,17,Medium,Standard,Carrier_C,15.97
52.66,Low,Clear,5.78,1,21,High,Standard,Carrier_C,11.26
99.64,Medium,Clear,8.62,2,19,Medium,Express,Carrier_B,12.88
130.55,High,Clear,23.29,0,17,Low,Standard,Carrier_C,14.81
65.64,Medium,Rain,20.65,1,8,Medium,Standard,Carrier_A,18.39
76.59,High,Clear,16.99,0,17,Medium,Standard,Carrier_C,10.66
69.81,Medium,Rain,9.72,1,10,Medium,Standard,Carrier_A,20.26
62.66,Low,Clear,22.18,0,8,Medium,Standard,Carrier_A,8.7
34.7,Medium,Clear,9.64,3,5,High,Standard,Carrier_A,11.86
32.49,Medium,Storm,15.5,3,21,Medium,Standard,Carrier_B,18.85
99.22,Low,Storm,19.26,2,17,Medium,Standard,Carrier_B,22.69
132.19,Medium,Clear,32.07,1,1,Medium,Standard,Carrier_A,12.06
52.58,Medium,Storm,10.26,1,8,Medium,Standard,Carrier_C,18.57
51.66,Low,Rain,8.41,7,13,Medium,Standard,Carrier_C,10.93
11.06,Medium,Clear,24.7,4,16,Low,Express,Carrier_B,7.38
8.89,Medium,Clear,25.96,4,7,Medium,Standard,Carrier_A,6.96
154.66,High,Clear,7.48,2,16,Medium,Standard,Carrier_B,22.23
36.61,Medium,Clear,5.19,1,6,Low,Standard,Carrier_A,5.96
262.88,High,Storm,23.51,1,3,Medium,Express,Carrier_A,23.29
42.06,High,Clear,3.66,4,2,High,Standard,Carrier_A,14.57
15.51,Medium,Clear,3.54,2,21,High,Standard,Carrier_A,10.44
70.21,Low,Clear,8.94,3,15,Medium,Standard,Carrier_A,12.18
110.91,High,Clear,10.66,2,19,Medium,Express,Carrier_A,12.7
102.79,Low,Rain,5.01,1,12,High,Express,Carrier_A,12.45
118.36,High,Clear,11.52,1,13,High,Standard,Carrier_B,16.69
29.06,Medium,Clear,11.86,4,6,Low,Standard,Carrier_C,9.74
152.29,Medium,Clear,7.3,3,2,Low,Standard,Carrier_C,11.79
158.08,Medium,Rain,37.4,5,17,Low,Standard,Carrier_A,22.87
162.54,Medium,Rain,13.19,1,4,Medium,Standard,Carrier_C,16.02
78.48,High,Rain,20.77,2,20,Medium,Express,Carrier_B,11.42
49.52,Low,Clear,3.87,1,2,Low,Standard,Carrier_A,5.15
46.15,High,Clear,3.85,2,23,Medium,Standard,Carrier_A,9.09
15.42,Low,Rain,13.45,3,11,Low,Express,Carrier_A,8.77
42.81,High,Rain,33.3,2,6,Low,Standard,Carrier_A,18.64
5.0,High,Clear,5.17,5,6,Medium,Standard,Carrier_C,13.5
13.32,Medium,Rain,10.95,1,16,Medium,Standard,Carrier_A,9.89
77.91,Low,Clear,4.47,1,19,Low,Standard,Carrier_A,9.18
53.95,High,Clear,6.25,1,11,Low,Standard,Carrier_B,12.44
75.55,High,Storm,11.31,1,10,Medium,Standard,Carrier_B,24.65
105.3,Medium,Clear,7.24,2,21,High,Express,Carrier_B,14.19
85.53,Medium,Rain,4.27,1,10,High,Express,Carrier_B,16.47
80.56,High,Clear,4.21,4,7,Medium,Standard,Carrier_B,14.5
61.26,Low,Rain,2.93,4,22,High,Express,Carrier_A,13.9
35.52,Medium,Clear,13.6,2,19,Medium,Standard,Carrier_B,9.99
22.06,Medium,Rain,14.71,4,13,Low,Standard,Carrier_C,10.0
43.72,Low,Rain,14.66,3,0,Medium,Standard,Carrier_B,9.21
62.01,High,Clear,5.52,1,9,High,Standard,Carrier_A,18.71
67.81,Medium,Clear,19.18,2,23,Medium,Standard,Carrier_C,11.96
118.53,High,Clear,15.79,1,23,High,Standard,Carrier_A,18.0
57.99,Medium,Clear,10.02,2,16,Medium,Standard,Carrier_B,11.15
95.22,Medium,Storm,9.01,1,11,High,Standard,Carrier_B,24.06
17.67,Medium,Clear,6.54,1,20,Medium,Standard,Carrier_A,11.5
78.68,Medium,Rain,11.3,4,13,High,Standard,Carrier_A,23.51
74.84,High,Clear,28.54,0,1,High,Express,Carrier_B,16.04
152.32,Medium,Clear,20.9,1,9,Low,Standard,Carrier_A,16.08
53.99,High,Storm,8.44,0,7,Medium,Standard,Carrier_A,16.94
52.27,Medium,Clear,14.16,1,16,Low,Express,Carrier_B,12.56
105.8,Low,Clear,4.87,3,5,High,Standard,Carrier_B,9.15
23.67,Low,Clear,16.03,2,18,Medium,Express,Carrier_C,9.43
77.25,High,Clear,5.81,1,5,Low,Standard,Carrier_C,11.08
22.58,Medium,Clear,15.62,3,15,Medium,Express,Carrier_C,1.0
196.86,Medium,Rain,68.71,0,7,Low,Express,Carrier_A,19.31
47.09,Medium,Clear,6.89,2,5,Medium,Standard,Carrier_A,9.08
21.23,Medium,Rain,66.67,1,16,Low,Standard,Carrier_B,11.36
43.47,Medium,Clear,13.72,2,22,High,Standard,Carrier_C,10.78
77.58,Medium,Clear,6.13,5,19,Medium,Standard,Carrier_B,16.77
93.21,High,Clear,5.95,4,12,High,Standard,Carrier_B,20.47
147.19,Low,Clear,46.4,4,21,Low,Standard,Carrier_C,8.9
39.37,Medium,Rain,13.74,4,19,Medium,Standard,Carrier_A,16.54
109.03,Low,Clear,6.9,1,22,High,Express,Carrier_B,11.31
13.33,High,Clear,8.74,0,0,Medium,Standard,Carrier_A,13.63
27.3,Medium,Clear,13.2,1,19,Low,Standard,Carrier_B,11.9
18.16,Medium,Clear,9.92,3,12,High,Standard,Carrier_A,14.25
33.85,High,Clear,12.49,3,16,Low,Standard,Carrier_A,18.35
105.76,Medium,Clear,31.59,2,22,Low,Standard,Carrier_A,13.55
40.15,Low,Clear,4.79,2,12,Medium,Standard,Carrier_B,8.09
46.45,Medium,Clear,15.17,1,16,Medium,Standard,Carrier_B,5.11
79.05,Low,Rain,9.51,1,23,Medium,Express,Carrier_C,9.24
90.55,High,Rain,7.21,0,2,Low,Standard,Carrier_C,18.36
47.56,Medium,Clear,20.02,4,17,Low,Standard,Carrier_A,14.28
27.14,High,Clear,3.86,4,17,Low,Express,Carrier_A,9.94
176.61,High,Rain,2.14,6,4,Medium,Standard,Carrier_A,25.22
47.81,High,Clear,11.54,8,0,Low,Express,Carrier_A,11.88
51.58,Medium,Clear,9.12,5,15,Medium,Standard,Carrier_B,14.11
56.67,Low,Clear,4.14,5,8,High,Standard,Carrier_B,15.21
97.15,Medium,Clear,3.28,1,7,High,Express,Carrier_A,18.48
16.76,High,Clear,34.98,5,5,Medium,Standard,Carrier_B,15.14
220.85,High,Clear,13.48,1,13,Low,Express,Carrier_C,17.76
50.49,High,Clear,10.1,1,6,Medium,Standard,Carrier_A,9.69
99.39,Low,Clear,41.55,2,1,High,Standard,Carrier_C,12.14
21.46,Low,Clear,19.38,3,0,Low,Standard,Carrier_A,2.34
73.51,High,Clear,31.5,4,6,Low,Standard,Carrier_A,18.18
199.52,Low,Clear,4.63,2,14,Low,Standard,Carrier_A,12.92
181.95,Medium,Clear,4.52,2,12,Medium,Standard,Carrier_A,17.34
97.63,Medium,Rain,14.9,2,17,High,Standard,Carrier_A,15.6
31.96,Medium,Storm,13.06,0,14,Medium,Standard,Carrier_A,10.84
142.16,Medium,Clear,22.47,1,7,Medium,Standard,Carrier_A,15.77
13.23,High,Clear,3.46,6,22,Medium,Standard,Carrier_B,13.92
30.98,High,Clear,15.76,0,14,High,Standard,Carrier_A,13.77
61.51,Medium,Rain,18.97,1,14,Low,Standard,Carrier_A,16.21
14.53,Medium,Clear,18.33,3,11,Medium,Standard,Carrier_B,4.23
43.39,High,Clear,7.66,2,10,High,Standard,Carrier_B,19.06
110.51,Medium,Rain,13.97,5,23,High,Standard,Carrier_B,23.27
36.8,Medium,Clear,6.02,1,9,Medium,Standard,Carrier_B,9.85
114.0,Medium,Clear,8.24,2,19,Low,Standard,Carrier_C,11.8
258.33,Low,Clear,5.06,4,2,High,Standard,Carrier_A,26.74
85.68,Low,Clear,6.09,4,22,High,Standard,Carrier_B,15.15
112.69,High,Rain,8.53,1,18,Low,Standard,Carrier_A,17.5
145.33,Medium,Clear,7.25,3,19,Low,Standard,Carrier_C,12.54
46.65,Low,Clear,6.09,0,7,Low,Standard,Carrier_A,4.33
110.91,Low,Clear,4.29,1,15,Medium,Express,Carrier_C,4.32
45.76,High,Clear,35.68,8,18,Low,Standard,Carrier_C,19.74
81.53,Medium,Rain,7.2,1,1,Low,Standard,Carrier_A,9.27
122.25,Medium,Rain,12.36,4,15,Medium,Standard,Carrier_A,14.4
33.24,Low,Rain,3.18,3,20,Low,Express,Carrier_A,6.92
5.34,High,Rain,24.11,2,20,High,Express,Carrier_A,11.54
30.62,High,Clear,11.12,3,18,Medium,Standard,Carrier_A,18.96
134.31,Medium,Clear,7.47,4,21,Medium,Standard,Carrier_B,17.14
27.4,Medium,Clear,7.52,1,6,High,Express,Carrier_A,9.07
129.44,Medium,Clear,17.55,4,16,Low,Standard,Carrier_A,16.82
30.75,High,Clear,1.46,2,6,Low,Standard,Carrier_A,11.42
55.3,High,Clear,5.84,0,20,Medium,Standard,Carrier_A,13.44
64.68,High,Clear,9.23,3,12,Medium,Standard,Carrier_A,14.36
27.28,Medium,Rain,9.16,3,19,Medium,Express,Carrier_B,10.27
55.77,Medium,Clear,50.83,2,6,High,Standard,Carrier_A,13.15
15.46,Medium,Clear,8.01,3,7,High,Express,Carrier_C,11.01
49.95,High,Rain,18.98,3,23,Low,Standard,Carrier_B,11.07
60.84,Low,Clear,32.38,6,21,Low,Standard,Carrier_C,3.64
5.7,Low,Clear,15.42,1,4,Medium,Express,Carrier_A,1.0
30.39,Medium,Clear,6.44,2,9,High,Standard,Carrier_A,8.12
79.8,Medium,Rain,4.33,2,3,Low,Standard,Carrier_A,10.7
24.57,High,Rain,16.19,1,15,Medium,Standard,Carrier_A,11.03
89.17,Low,Clear,29.06,0,1,Low,Standard,Carrier_C,6.78
95.24,Medium,Clear,14.22,1,0,High,Standard,Carrier_B,17.53
79.56,Low,Clear,22.24,6,13,Low,Standard,Carrier_C,11.19
110.03,Medium,Clear,53.77,0,21,Medium,Express,Carrier_C,10.84
14.45,High,Rain,17.19,0,17,Low,Express,Carrier_A,13.05
125.9,Medium,Rain,4.88,2,16,Medium,Standard,Carrier_A,17.6
27.67,Medium,Rain,10.31,1,14,Medium,Express,Carrier_A,1.0
70.18,Low,Storm,24.3,2,4,Medium,Express,Carrier_B,10.61
194.5,Medium,Clear,8.48,4,4,Low,Express,Carrier_B,18.05
49.12,High,Rain,26.54,6,14,Low,Express,Carrier_A,15.33
65.88,High,Clear,9.55,0,22,Low,Standard,Carrier_C,11.64
27.82,Low,Clear,12.4,3,1,High,Express,Carrier_B,17.46
193.28,Medium,Rain,7.94,1,9,Medium,Standard,Carrier_C,21.44
30.45,Low,Rain,11.06,2,4,Low,Standard,Carrier_A,7.41
100.94,Low,Storm,11.45,1,3,Low,Express,Carrier_B,15.48
145.16,Low,Clear,3.51,6,8,Medium,Standard,Carrier_B,16.11
107.49,Low,Clear,7.49,2,4,Low,Standard,Carrier_A,11.46
83.02,Low,Rain,4.47,1,5,High,Standard,Carrier_A,13.72
69.41,High,Clear,7.66,0,10,Medium,Standard,Carrier_A,16.97
21.25,Low,Clear,5.95,2,17,Medium,Express,Carrier_A,1.99
187.79,High,Clear,19.25,3,13,Medium,Standard,Carrier_B,22.44
78.31,High,Clear,19.4,6,13,High,Standard,Carrier_C,17.8
65.91,Medium,Clear,14.36,3,14,Medium,Standard,Carrier_C,7.75
25.75,Medium,Rain,4.38,3,5,Low,Standard,Carrier_A,11.59
68.26,High,Clear,9.36,2,1,Low,Standard,Carrier_B,12.33
62.92,Low,Rain,4.16,7,0,Medium,Standard,Carrier_A,18.51
194.5,Medium,Rain,9.06,2,20,Low,Standard,Carrier_A,16.97
65.88,Medium,Clear,15.19,1,21,Medium,Express,Carrier_C,6.15
67.47,High,Clear,19.01,1,8,High,Standard,Carrier_C,23.04
26.04,High,Clear,13.56,2,18,Low,Express,Carrier_C,5.49
35.76,High,Rain,22.6,4,6,Medium,Standard,Carrier_B,15.18
92.96,Medium,Clear,11.81,2,7,Low,Standard,Carrier_B,5.17
11.73,Medium,Clear,8.57,3,16,Low,Express,Carrier_A,5.6
125.45,High,Storm,17.6,2,22,Low,Standard,Carrier_B,25.45
127.69,High,Clear,17.98,3,14,Low,Standard,Carrier_A,17.34
32.68,Medium,Clear,7.09,3,23,Low,Standard,Carrier_A,8.18
83.24,High,Storm,12.76,1,23,High,Standard,Carrier_C,20.5
148.25,High,Clear,8.24,3,0,Medium,Standard,Carrier_A,18.32
59.21,Medium,Clear,2.7,2,9,Low,Standard,Carrier_C,8.79
51.23,Low,Clear,13.28,6,11,Low,Standard,Carrier_A,9.34
56.14,Low,Rain,4.3,4,4,High,Standard,Carrier_C,14.75
78.19,High,Rain,12.35,1,5,Low,Standard,Carrier_C,12.69
39.67,Low,Rain,3.68,3,23,Low,Express,Carrier_A,6.86
47.93,Medium,Storm,6.25,1,4,High,Standard,Carrier_A,18.32
79.29,Medium,Clear,7.52,2,11,Medium,Standard,Carrier_C,8.71
44.92,High,Clear,21.78,3,11,Low,Standard,Carrier_A,11.94
24.03,High,Clear,7.05,3,15,Medium,Express,Carrier_A,6.42
10.62,High,Rain,4.96,4,13,Medium,Standard,Carrier_A,14.98
66.82,Medium,Storm,12.64,2,1,Medium,Standard,Carrier_A,14.59
142.29,Low,Clear,8.66,2,10,Low,Express,Carrier_A,9.21
86.15,Medium,Rain,16.67,2,8,High,Standard,Carrier_A,20.64
24.88,Low,Clear,5.17,1,3,Medium,Standard,Carrier_A,3.12
35.54,Medium,Clear,11.44,3,23,Low,Standard,Carrier_C,10.2
50.94,High,Clear,49.66,4,12,Medium,Standard,Carrier_A,20.0
198.47,Medium,Storm,8.54,4,23,Medium,Standard,Carrier_A,24.55
205.33,Medium,Clear,11.26,3,21,High,Standard,Carrier_C,20.74
190.19,Medium,Clear,3.39,3,23,Low,Express,Carrier_B,18.96
71.8,High,Storm,5.73,2,5,Low,Express,Carrier_B,13.32
300.0,Medium,Clear,13.45,1,19,Medium,Standard,Carrier_A,25.09
37.01,Medium,Clear,8.05,1,0,Low,Standard,Carrier_A,5.68
49.51,Low,Rain,14.87,2,12,Low,Standard,Carrier_C,10.61
119.13,Medium,Clear,13.15,3,20,Medium,Express,Carrier_C,10.95
79.58,Low,Clear,4.23,1,13,Medium,Standard,Carrier_A,9.97
82.79,Medium,Clear,19.3,4,4,Medium,Standard,Carrier_B,12.1
28.73,High,Rain,4.45,2,1,Medium,Express,Carrier_B,15.82
62.58,Low,Clear,6.07,0,11,Medium,Express,Carrier_C,1.21
37.47,Medium,Rain,11.58,3,19,High,Standard,Carrier_A,19.76
19.87,Low,Rain,27.62,0,22,Medium,Standard,Carrier_C,7.1
41.17,Low,Clear,5.19,2,17,Medium,Express,Carrier_C,1.0
79.6,Low,Rain,10.98,2,10,High,Standard,Carrier_B,16.25
106.45,Low,Rain,11.04,3,16,Low,Express,Carrier_B,15.7
10.2,High,Storm,15.29,0,18,Medium,Standard,Carrier_B,16.09
64.75,High,Clear,21.53,2,9,Medium,Standard,Carrier_C,12.88
60.51,Medium,Clear,7.67,0,6,Medium,Express,Carrier_B,8.21
76.72,Medium,Rain,19.25,2,6,Medium,Express,Carrier_C,9.73
25.3,High,Rain,23.68,4,17,Low,Standard,Carrier_C,16.34
25.76,High,Storm,31.8,2,19,Medium,Express,Carrier_B,19.6
144.78,Medium,Clear,13.82,3,4,Medium,Standard,Carrier_A,12.07
33.05,Low,Clear,11.05,0,23,High,Express,Carrier_A,12.84
47.69,Medium,Clear,7.33,1,0,Low,Standard,Carrier_A,6.15
51.53,High,Rain,3.86,3,10,High,Express,Carrier_A,17.1
38.05,Low,Rain,8.33,2,11,Low,Standard,Carrier_B,14.21
91.01,Medium,Rain,10.73,3,1,Medium,Standard,Carrier_B,18.86
85.8,Medium,Clear,9.29,2,17,Medium,Standard,Carrier_A,15.42
58.53,Medium,Storm,14.71,1,21,Medium,Standard,Carrier_B,20.7
39.87,Medium,Clear,3.88,2,5,High,Standard,Carrier_A,13.41
55.14,Medium,Clear,8.86,1,16,Medium,Standard,Carrier_C,12.29
68.73,High,Clear,36.47,5,22,Low,Express,Carrier_B,15.57
35.58,High,Clear,19.05,4,16,Medium,Standard,Carrier_A,15.33
95.66,Low,Rain,14.89,2,10,Medium,Standard,Carrier_C,15.34
124.84,High,Clear,12.86,3,22,Medium,Standard,Carrier_A,19.54
160.9,High,Clear,7.87,3,9,Medium,Standard,Carrier_A,15.3
154.62,Medium,Clear,3.19,0,16,Low,Standard,Carrier_A,16.74
51.28,Medium,Clear,13.43,1,18,Low,Express,Carrier_A,5.39
71.2,High,Rain,2.03,4,14,Medium,Standard,Carrier_C,17.73
57.71,Medium,Clear,8.07,3,7,Medium,Standard,Carrier_C,7.69
57.55,Low,Clear,9.95,0,17,High,Standard,Carrier_B,11.41
54.84,Medium,Clear,7.46,3,7,Low,Standard,Carrier_A,10.18
65.62,Low,Rain,40.91,1,11,Medium,Standard,Carrier_A,12.6
138.4,Medium,Clear,32.65,4,13,High,Standard,Carrier_A,17.65
81.29,Low,Clear,19.52,1,6,Low,Standard,Carrier_A,1.31
24.31,Medium,Clear,5.47,2,18,Medium,Express,Carrier_C,6.36
121.4,Medium,Clear,34.78,5,6,High,Express,Carrier_A,16.09
75.98,High,Clear,14.91,2,3,Low,Standard,Carrier_A,14.32
91.72,Medium,Clear,5.41,3,17,Medium,Standard,Carrier_B,16.51
80.17,High,Rain,10.19,3,21,Medium,Standard,Carrier_B,16.7
82.74,High,Clear,18.6,2,5,Low,Standard,Carrier_C,13.06
85.41,Low,Clear,6.76,5,12,Medium,Standard,Carrier_C,16.5
12.72,Medium,Storm,10.93,0,22,Low,Standard,Carrier_A,14.77
90.93,Low,Clear,12.25,4,8,High,Standard,Carrier_C,10.68
36.85,High,Clear,4.88,1,9,Medium,Standard,Carrier_C,19.6
44.81,Medium,Clear,8.37,1,16,Low,Standard,Carrier_C,11.78
65.24,Low,Clear,5.12,4,15,Low,Standard,Carrier_C,12.22
177.16,Low,Clear,17.54,3,3,High,Express,Carrier_B,13.55
28.17,Medium,Rain,5.53,0,1,Medium,Standard,Carrier_A,8.29
63.65,High,Clear,12.06,3,8,Low,Standard,Carrier_C,15.72
53.85,High,Rain,4.04,4,10,Low,Standard,Carrier_A,11.99
120.25,Low,Storm,4.77,3,14,Medium,Standard,Carrier_C,20.23
52.72,Medium,Clear,4.63,1,9,Low,Standard,Carrier_B,15.31
76.59,Medium,Rain,8.26,5,3,High,Standard,Carrier_B,18.98
28.24,Medium,Clear,11.21,4,18,Low,Standard,Carrier_C,14.62
133.67,Low,Clear,12.64,0,10,Low,Standard,Carrier_A,11.35
18.3,Medium,Rain,3.15,1,1,Medium,Standard,Carrier_A,4.41
90.09,High,Clear,8.94,2,14,Low,Standard,Carrier_B,11.98
76.93,Medium,Storm,6.12,0,9,Medium,Express,Carrier_A,19.94
84.92,Medium,Clear,14.11,4,12,High,Standard,Carrier_C,12.43
18.56,Medium,Clear,8.38,2,20,Medium,Standard,Carrier_C,10.29
51.9,Medium,Clear,9.46,3,4,High,Standard,Carrier_A,15.09
116.43,Medium,Clear,6.15,3,16,High,Express,Carrier_B,19.14
194.18,Low,Clear,30.6,1,2,Low,Standard,Carrier_A,12.16
60.23,Low,Clear,4.33,0,18,Low,Standard,Carrier_B,9.43
109.29,High,Clear,7.69,2,8,Medium,Standard,Carrier_B,24.06
71.79,High,Clear,10.7,2,18,High,Express,Carrier_A,15.85
62.54,Medium,Storm,8.47,3,0,High,Standard,Carrier_C,21.95
47.45,Low,Clear,6.07,8,15,Medium,Standard,Carrier_A,17.84
65.48,Low,Clear,3.07,3,6,Low,Standard,Carrier_C,7.74
102.9,Low,Rain,6.36,5,9,Medium,Standard,Carrier_A,16.35
108.58,High,Rain,5.35,1,5,Medium,Standard,Carrier_C,15.51
22.29,High,Rain,29.71,1,9,High,Standard,Carrier_B,13.68
44.19,Medium,Storm,43.47,3,18,Medium,Standard,Carrier_B,17.77
27.02,High,Clear,9.65,3,1,Low,Standard,Carrier_A,11.46
67.86,Low,Clear,4.0,4,14,Medium,Standard,Carrier_B,14.22
50.51,Medium,Rain,16.11,2,4,Medium,Express,Carrier_B,10.38
82.97,Low,Clear,5.27,1,9,Medium,Standard,Carrier_B,14.99
86.96,Medium,Rain,6.98,0,13,Medium,Standard,Carrier_C,14.51
6.7,High,Clear,6.63,6,2,High,Standard,Carrier_B,15.13
65.11,High,Rain,7.2,3,21,Medium,Standard,Carrier_B,16.29
140.17,Low,Rain,7.92,1,16,Low,Standard,Carrier_C,10.63
44.21,Low,Clear,4.25,4,14,Low,Standard,Carrier_B,10.59
43.2,Medium,Clear,6.32,4,22,Medium,Standard,Carrier_B,12.0
124.74,Low,Storm,19.36,2,9,Medium,Express,Carrier_C,21.19
111.93,Medium,Rain,9.76,3,3,Medium,Standard,Carrier_A,16.21
29.49,Medium,Rain,10.82,0,19,Medium,Standard,Carrier_B,10.38
104.75,Low,Rain,2.34,4,15,Medium,Express,Carrier_A,14.99
35.24,Low,Clear,18.47,5,10,Medium,Standard,Carrier_B,5.17
42.85,Low,Clear,6.39,1,2,Low,Standard,Carrier_A,4.08
29.46,High,Clear,20.71,3,6,Medium,Standard,Carrier_B,11.58
22.13,Medium,Rain,11.03,1,13,High,Standard,Carrier_A,17.04
70.72,Medium,Clear,6.92,4,1,Low,Standard,Carrier_B,16.71
19.12,Medium,Clear,3.35,3,13,Low,Standard,Carrier_A,8.15
72.76,Medium,Storm,41.0,4,19,Medium,Standard,Carrier_A,20.62
71.16,Low,Clear,16.81,2,10,Low,Standard,Carrier_B,13.54
58.26,Low,Rain,17.48,2,14,Medium,Standard,Carrier_B,10.26
45.85,Medium,Clear,32.53,3,5,High,Standard,Carrier_B,10.78
39.11,Medium,Clear,11.54,4,13,Low,Standard,Carrier_B,4.59
26.31,Low,Clear,24.02,1,4,High,Standard,Carrier_A,9.22
161.67,Medium,Rain,7.31,2,17,Low,Express,Carrier_B,13.22
56.36,High,Rain,16.11,5,12,Medium,Express,Carrier_A,19.91
54.97,Low,Clear,6.62,4,14,Low,Standard,Carrier_A,6.32
30.68,Low,Clear,7.19,3,7,Medium,Express,Carrier_C,3.46
150.88,Medium,Clear,10.62,2,8,High,Express,Carrier_C,20.71
41.11,Low,Clear,4.38,0,15,Low,Standard,Carrier_A,6.59
77.7,Medium,Clear,12.36,1,14,High,Express,Carrier_A,16.0
88.28,Medium,Clear,8.14,2,16,Medium,Express,Carrier_B,8.44
70.76,Medium,Rain,2.74,3,3,High,Express,Carrier_C,8.74
18.69,Medium,Rain,7.41,1,4,Medium,Standard,Carrier_A,14.08
101.81,Medium,Clear,7.97,2,7,Medium,Express,Carrier_B,6.09
40.77,High,Rain,17.36,1,9,High,Standard,Carrier_A,15.7
111.2,Low,Clear,12.01,2,12,Medium,Standard,Carrier_A,11.49
62.18,Medium,Storm,25.56,0,12,High,Standard,Carrier_A,15.26
91.95,Medium,Clear,13.99,3,1,Low,Express,Carrier_B,10.95
144.54,Medium,Clear,6.96,3,0,Low,Express,Carrier_B,9.91
99.32,Low,Rain,9.6,1,19,Medium,Standard,Carrier_B,19.4
93.47,Medium,Clear,7.95,2,13,Low,Standard,Carrier_A,12.39
104.9,Medium,Rain,13.7,2,1,Medium,Standard,Carrier_A,16.09
34.23,Low,Storm,10.37,2,20,High,Standard,Carrier_B,17.08
114.31,Medium,Rain,6.63,3,8,Medium,Express,Carrier_B,14.96
53.18,High,Clear,10.03,1,15,High,Standard,Carrier_A,14.58
54.5,Medium,Clear,13.46,1,10,Medium,Standard,Carrier_B,7.04
69.18,Low,Clear,5.19,2,4,Low,Express,Carrier_A,10.57
49.54,High,Clear,12.26,4,16,Low,Standard,Carrier_C,14.94
28.54,Low,Rain,3.57,4,8,High,Standard,Carrier_B,14.4
65.48,High,Clear,20.46,3,3,Medium,Standard,Carrier_A,18.9
54.69,Medium,Clear,14.05,0,5,High,Standard,Carrier_C,10.53
53.25,Low,Clear,28.76,1,19,Low,Express,Carrier_B,11.31
60.74,High,Storm,4.83,1,12,Low,Express,Carrier_B,20.81
7.61,Medium,Storm,20.84,0,10,Medium,Standard,Carrier_B,15.52
53.54,Medium,Clear,18.32,3,18,Medium,Standard,Carrier_C,8.77
156.18,Medium,Clear,8.86,2,6,Medium,Standard,Carrier_A,13.92
148.34,Medium,Rain,7.81,2,3,Medium,Standard,Carrier_A,27.65
67.13,Medium,Clear,4.93,1,2,Medium,Standard,Carrier_C,7.59
65.52,High,Storm,4.16,1,2,High,Standard,Carrier_A,21.81
5.34,Low,Rain,6.12,2,22,Low,Standard,Carrier_C,4.18
42.65,Medium,Rain,4.41,0,21,Low,Standard,Carrier_A,5.89
104.2,Medium,Clear,28.14,5,9,Low,Standard,Carrier_C,17.06
48.63,Medium,Rain,3.76,3,11,Medium,Standard,Carrier_A,9.04
128.02,Medium,Storm,10.99,4,9,High,Standard,Carrier_C,24.51
123.02,Medium,Clear,13.24,2,13,Medium,Express,Carrier_B,13.87
41.99,High,Rain,12.58,0,4,High,Express,Carrier_C,12.73
70.77,Medium,Clear,13.32,1,15,Medium,Standard,Carrier_A,10.64
164.11,Low,Storm,18.45,1,12,Medium,Standard,Carrier_A,20.52
18.29,Medium,Rain,7.46,1,21,Medium,Express,Carrier_A,4.41
49.46,Low,Clear,10.56,2,7,High,Standard,Carrier_C,16.31
16.51,Low,Clear,8.24,1,18,Low,Standard,Carrier_A,9.01
32.21,Low,Clear,23.26,2,3,Medium,Standard,Carrier_B,5.71
194.91,Medium,Clear,39.05,1,2,Medium,Standard,Carrier_A,18.81
49.44,High,Rain,4.59,2,18,High,Express,Carrier_B,17.93
9.97,Medium,Clear,2.66,2,21,Low,Standard,Carrier_B,9.93
28.29,Low,Storm,14.44,2,21,Low,Express,Carrier_A,12.52
14.8,High,Clear,20.0,3,1,Medium,Standard,Carrier_B,16.44
72.7,Low,Rain,35.59,0,8,Medium,Standard,Carrier_A,10.19
87.4,High,Storm,16.11,3,11,Low,Standard,Carrier_C,16.45
115.32,Medium,Rain,24.71,2,6,Medium,Standard,Carrier_C,10.18
100.51,Low,Rain,29.34,2,7,Medium,Express,Carrier_A,21.25
19.14,Medium,Storm,25.84,1,8,Medium,Standard,Carrier_A,19.31
84.41,Medium,Clear,17.69,1,0,Medium,Standard,Carrier_B,15.7
58.82,High,Rain,4.33,4,22,Low,Standard,Carrier_C,10.7
126.32,Low,Clear,9.92,4,7,Medium,Standard,Carrier_C,16.91
108.17,High,Clear,12.12,4,14,Medium,Standard,Carrier_A,12.65
211.07,High,Clear,9.35,3,18,Medium,Standard,Carrier_B,27.0
30.29,High,Rain,9.73,4,3,Medium,Standard,Carrier_A,15.7
26.67,High,Rain,27.62,3,4,Low,Standard,Carrier_A,12.48
44.73,Low,Clear,6.1,7,15,Medium,Standard,Carrier_C,9.1
60.56,Medium,Storm,16.77,3,23,Medium,Express,Carrier_C,18.77
38.11,High,Clear,12.25,1,9,Low,Express,Carrier_A,8.4
31.66,Medium,Storm,5.71,4,21,High,Standard,Carrier_A,23.73
80.62,Low,Clear,4.95,1,0,High,Standard,Carrier_B,12.64
44.63,Low,Clear,3.3,4,17,Medium,Standard,Carrier_A,12.26
36.81,Low,Clear,13.68,5,23,Medium,Standard,Carrier_B,12.26
19.11,High,Clear,9.57,3,17,Medium,Express,Carrier_B,14.46
6.0,Medium,Rain,5.83,4,2,Medium,Standard,Carrier_B,13.07
151.38,Medium,Rain,2.95,4,0,Low,Standard,Carrier_A,23.51
148.52,High,Rain,13.21,3,9,Medium,Standard,Carrier_B,28.02
110.35,Low,Clear,8.91,2,13,Medium,Standard,Carrier_B,5.27
93.73,High,Clear,6.27,2,15,Medium,Standard,Carrier_B,15.68
41.46,Low,Clear,5.33,4,22,High,Express,Carrier_B,15.04
96.32,Low,Clear,8.54,0,14,Medium,Standard,Carrier_C,5.97
25.01,Low,Clear,13.54,2,6,Medium,Standard,Carrier_A,6.63
69.56,Medium,Clear,8.05,2,0,Medium,Standard,Carrier_A,10.99
34.29,Medium,Rain,4.61,2,22,Medium,Standard,Carrier_A,15.73
96.59,Medium,Storm,9.6,2,14,Low,Standard,Carrier_B,15.85
171.19,Low,Rain,19.68,4,16,Medium,Standard,Carrier_A,18.44
28.2,Low,Clear,10.24,1,17,Medium,Standard,Carrier_B,10.8
43.09,Medium,Clear,10.43,3,19,Medium,Express,Carrier_A,11.27
68.64,Low,Clear,8.07,1,20,Low,Standard,Carrier_C,7.23
11.41,High,Clear,5.59,3,20,Medium,Standard,Carrier_B,13.38
15.54,High,Clear,5.47,3,4,High,Standard,Carrier_A,13.97
168.02,Medium,Storm,3.39,2,7,Medium,Standard,Carrier_A,26.87
80.86,Medium,Clear,21.49,1,0,Medium,Express,Carrier_A,9.46
39.65,Medium,Clear,13.47,2,2,Low,Standard,Carrier_C,6.13
63.51,Medium,Clear,10.52,1,22,Medium,Standard,Carrier_C,8.85
44.88,High,Storm,12.09,2,10,Low,Standard,Carrier_B,17.47
70.1,High,Clear,12.44,1,16,High,Standard,Carrier_A,16.15
46.2,Medium,Rain,6.19,3,13,Low,Express,Carrier_C,9.86
59.96,Medium,Clear,8.07,5,10,High,Express,Carrier_A,9.63
102.38,High,Clear,7.33,1,3,Medium,Standard,Carrier_B,17.94
98.03,Low,Rain,51.03,1,17,Medium,Standard,Carrier_B,15.72
162.04,Medium,Clear,19.36,2,18,Medium,Standard,Carrier_A,17.97
84.85,Medium,Rain,11.12,0,3,Low,Express,Carrier_A,8.47
66.46,Medium,Clear,24.24,2,7,Low,Standard,Carrier_A,12.8
177.46,Medium,Clear,22.33,0,23,Medium,Standard,Carrier_C,18.91
55.45,Low,Clear,4.07,1,20,Medium,Standard,Carrier_B,13.62
6.8,Low,Rain,8.63,2,15,Medium,Standard,Carrier_C,10.26
111.26,Medium,Rain,9.87,1,23,High,Standard,Carrier_B,19.07
78.06,High,Rain,14.84,3,21,Low,Standard,Carrier_A,18.15
64.23,High,Clear,8.62,1,14,Medium,Express,Carrier_A,5.08
113.2,Medium,Clear,9.36,3,13,Low,Standard,Carrier_B,15.15
46.51,Low,Clear,7.39,3,15,Medium,Standard,Carrier_A,9.53
7.25,High,Clear,19.72,2,19,Low,Express,Carrier_A,4.73
114.68,Medium,Clear,3.9,2,23,High,Express,Carrier_A,12.35
38.53,Medium,Storm,7.56,2,7,Medium,Standard,Carrier_B,20.23
29.19,Medium,Clear,3.01,5,7,Medium,Standard,Carrier_B,15.18
7.76,Low,Clear,5.11,1,3,Low,Standard,Carrier_A,5.75
108.42,High,Rain,12.26,5,0,Medium,Standard,Carrier_C,24.71
5.0,Medium,Clear,12.41,4,8,Low,Standard,Carrier_C,8.18
143.8,Medium,Rain,8.14,1,5,Medium,Standard,Carrier_B,14.62
50.08,High,Clear,20.71,5,21,Medium,Standard,Carrier_A,17.48
111.85,Medium,Clear,24.05,2,11,Low,Express,Carrier_B,14.49
86.62,High,Clear,9.54,1,16,Low,Express,Carrier_B,17.23
198.35,Medium,Clear,11.74,2,4,Low,Standard,Carrier_A,17.54
85.02,Medium,Rain,7.43,2,10,Medium,Standard,Carrier_B,20.91
140.39,High,Clear,14.99,3,19,Low,Standard,Carrier_C,17.57
42.02,High,Clear,4.59,0,5,Low,Standard,Carrier_A,13.47
15.47,High,Clear,32.05,2,9,Low,Standard,Carrier_A,8.48
123.38,High,Clear,20.93,2,14,Low,Standard,Carrier_A,8.92
15.0,Medium,Clear,4.58,3,4,Medium,Express,Carrier_B,4.36
107.63,Low,Rain,5.97,1,14,Medium,Standard,Carrier_B,12.37
26.24,Medium,Clear,13.12,2,14,Low,Standard,Carrier_A,6.78
79.12,High,Clear,8.01,1,12,Medium,Standard,Carrier_A,10.93
200.69,Medium,Clear,14.21,3,3,Medium,Express,Carrier_C,16.5
102.11,High,Clear,7.9,1,17,Medium,Standard,Carrier_C,18.12
55.63,High,Clear,26.87,1,20,High,Standard,Carrier_C,15.68
88.0,High,Rain,10.03,2,5,Medium,Express,Carrier_A,14.93
43.24,High,Rain,48.1,3,2,Medium,Standard,Carrier_C,18.96
249.73,Medium,Rain,14.76,4,12,Medium,Standard,Carrier_A,22.56
36.2,Medium,Clear,4.15,1,4,Medium,Standard,Carrier_B,8.64
60.25,High,Clear,38.71,3,7,Low,Standard,Carrier_B,14.72
96.08,Low,Rain,20.37,2,15,Low,Standard,Carrier_C,12.58
83.69,Low,Clear,12.77,4,4,High,Express,Carrier_A,10.94
90.26,High,Clear,15.19,4,8,High,Standard,Carrier_C,21.96
43.96,Medium,Storm,4.6,3,7,High,Express,Carrier_C,21.64
53.93,Medium,Clear,3.09,0,17,Medium,Standard,Carrier_C,8.4
119.68,Low,Rain,9.71,1,19,High,Standard,Carrier_A,14.03
115.83,Medium,Clear,24.44,1,20,Medium,Standard,Carrier_A,12.23
85.07,High,Clear,12.9,1,2,Medium,Standard,Carrier_A,11.73
151.69,Medium,Clear,30.29,1,18,High,Standard,Carrier_B,19.34
122.8,Medium,Clear,23.54,1,6,High,Express,Carrier_A,7.11
113.54,Medium,Clear,10.11,1,21,Medium,Standard,Carrier_B,9.14
14.71,High,Rain,21.53,0,12,Medium,Express,Carrier_C,11.54
84.36,High,Rain,26.83,2,22,Medium,Express,Carrier_C,12.1
74.18,Medium,Clear,9.47,2,9,Medium,Standard,Carrier_A,16.49
164.17,Medium,Clear,8.68,2,7,Medium,Standard,Carrier_A,16.18
57.77,Low,Clear,10.93,2,19,Low,Standard,Carrier_B,11.44
69.94,Medium,Clear,2.08,3,8,High,Standard,Carrier_C,15.03
25.93,Low,Rain,11.97,2,18,Low,Standard,Carrier_A,11.46
30.6,Medium,Clear,15.93,4,1,Low,Standard,Carrier_A,7.86
164.51,Medium,Storm,10.96,6,16,Medium,Express,Carrier_A,26.84
90.02,Medium,Clear,12.48,3,21,Medium,Standard,Carrier_B,17.37
200.98,Low,Clear,9.7,2,6,Low,Standard,Carrier_A,15.85
56.99,Low,Rain,2.72,3,23,Low,Express,Carrier_C,5.11
18.45,Low,Clear,29.39,3,0,High,Standard,Carrier_C,4.15
51.03,Medium,Clear,7.85,4,3,Medium,Standard,Carrier_C,10.24
44.53,Low,Clear,6.68,4,7,High,Express,Carrier_B,14.47
104.5,Low,Rain,24.11,3,7,High,Express,Carrier_C,17.16
101.72,High,Clear,18.84,1,14,Medium,Express,Carrier_A,10.53
93.08,Low,Clear,11.91,1,20,Medium,Express,Carrier_A,8.01
240.48,High,Clear,16.45,2,2,Low,Standard,Carrier_B,24.67
146.08,Medium,Clear,4.71,4,17,High,Express,Carrier_B,24.52
32.47,Medium,Storm,9.46,3,19,Medium,Express,Carrier_A,16.07
125.43,Medium,Clear,23.14,2,13,High,Standard,Carrier_B,24.99
66.68,Low,Clear,6.42,4,23,High,Standard,Carrier_C,16.45
55.82,High,Clear,5.21,2,2,Low,Standard,Carrier_A,11.74
157.85,High,Clear,10.5,2,17,High,Standard,Carrier_A,24.4
30.72,Medium,Storm,10.66,5,10,Medium,Standard,Carrier_C,21.12
120.02,High,Clear,15.19,3,9,Medium,Standard,Carrier_C,16.23
107.86,Medium,Rain,4.07,3,14,High,Standard,Carrier_A,16.61
30.22,High,Clear,1.9,1,19,Medium,Standard,Carrier_B,10.54
14.18,High,Rain,18.15,4,11,Medium,Express,Carrier_A,12.19
61.42,Low,Clear,4.93,3,6,Low,Standard,Carrier_A,5.11
134.92,High,Clear,6.71,6,6,Medium,Express,Carrier_A,17.35
84.14,High,Clear,2.41,1,22,Medium,Standard,Carrier_A,13.62
161.1,Medium,Clear,19.39,3,9,Low,Express,Carrier_B,12.6
80.21,Low,Storm,12.52,1,8,Medium,Standard,Carrier_A,21.91
167.99,High,Rain,12.2,3,13,Low,Standard,Carrier_A,24.15
40.87,Medium,Clear,12.15,1,16,Medium,Standard,Carrier_A,9.43
92.88,Medium,Clear,2.61,1,0,Medium,Standard,Carrier_A,15.35
48.2,High,Rain,5.26,3,0,High,Standard,Carrier_B,20.88
60.02,Medium,Clear,7.44,4,13,Low,Standard,Carrier_B,14.31
69.77,High,Clear,6.13,2,15,Low,Standard,Carrier_C,7.55
83.95,Medium,Rain,8.36,1,11,Low,Express,Carrier_A,8.68
36.45,Low,Clear,11.71,0,7,High,Standard,Carrier_A,12.47
89.87,High,Clear,19.19,1,18,Medium,Standard,Carrier_B,17.28
67.28,Medium,Clear,3.81,3,2,Low,Express,Carrier_A,7.13
19.49,Medium,Clear,9.92,2,15,Low,Standard,Carrier_B,7.24
12.02,Medium,Rain,15.84,1,10,Low,Standard,Carrier_B,10.04
135.25,Low,Rain,5.47,3,8,Medium,Standard,Carrier_A,18.3
57.85,Medium,Storm,8.8,1,2,Medium,Standard,Carrier_A,20.75
17.49,Medium,Clear,13.51,3,16,Medium,Standard,Carrier_A,8.18
185.56,High,Rain,10.05,2,4,Low,Standard,Carrier_B,22.45
96.14,High,Storm,15.46,1,12,Medium,Standard,Carrier_A,23.59
82.42,High,Clear,10.61,2,21,Medium,Standard,Carrier_A,11.04
33.77,Low,Storm,8.14,3,17,Low,Standard,Carrier_B,15.49
19.22,Medium,Storm,4.65,4,1,Low,Express,Carrier_A,13.23
74.26,Low,Rain,11.71,2,23,Low,Express,Carrier_A,12.3
64.25,High,Storm,10.64,2,14,Medium,Standard,Carrier_A,20.91
26.32,Medium,Clear,5.23,1,19,Medium,Standard,Carrier_A,11.91
25.48,High,Clear,14.56,2,1,Medium,Standard,Carrier_A,13.77
24.33,Medium,Rain,22.74,4,21,Medium,Standard,Carrier_C,4.13
23.56,Low,Rain,6.49,1,17,Low,Standard,Carrier_A,8.89
39.79,High,Clear,6.22,0,21,High,Standard,Carrier_C,11.48
82.43,Medium,Clear,6.07,6,23,Medium,Standard,Carrier_C,17.95
92.2,High,Clear,3.35,3,20,Low,Express,Carrier_A,13.94
63.29,High,Rain,36.71,6,10,High,Express,Carrier_A,22.69
71.87,Medium,Clear,7.45,5,20,Medium,Standard,Carrier_A,14.59
95.21,Medium,Clear,5.71,0,23,Medium,Express,Carrier_C,8.23
8.8,Medium,Clear,4.8,3,21,Medium,Standard,Carrier_C,9.76
75.91,High,Clear,7.75,0,15,Medium,Standard,Carrier_B,13.76
150.3,High,Storm,6.35,2,22,Low,Standard,Carrier_C,26.38
56.73,Medium,Clear,25.4,2,14,Low,Standard,Carrier_B,6.88
131.7,Medium,Clear,4.43,1,10,High,Standard,Carrier_B,20.28
57.52,Low,Clear,3.67,3,4,High,Standard,Carrier_C,10.06
99.52,Medium,Rain,14.28,3,11,High,Standard,Carrier_B,21.68
81.27,High,Clear,9.3,3,22,Low,Standard,Carrier_A,9.09
23.96,High,Clear,8.63,3,2,Medium,Standard,Carrier_B,13.98
29.36,Medium,Clear,14.35,2,20,Medium,Express,Carrier_B,7.45
167.98,Medium,Rain,10.9,1,15,Low,Standard,Carrier_A,16.16
114.29,Low,Rain,9.68,1,3,Low,Standard,Carrier_B,7.76
60.44,Low,Rain,4.0,2,5,High,Standard,Carrier_A,13.79
54.66,Medium,Clear,3.37,4,0,Low,Standard,Carrier_A,10.03
33.96,High,Storm,6.33,1,17,Low,Express,Carrier_A,11.54
86.13,Medium,Rain,4.93,4,8,Low,Express,Carrier_B,12.1
36.46,Medium,Clear,11.88,0,4,Medium,Standard,Carrier_A,7.96
49.37,Medium,Storm,3.1,3,3,Medium,Standard,Carrier_A,18.46
39.66,Low,Rain,7.46,4,12,Low,Express,Carrier_A,7.47
109.61,Low,Rain,8.91,2,8,Medium,Standard,Carrier_C,15.31
58.61,High,Rain,9.72,1,21,Low,Express,Carrier_B,12.52
72.26,Low,Clear,12.93,4,23,Medium,Standard,Carrier_A,9.18
24.41,Medium,Clear,8.07,0,4,Low,Standard,Carrier_B,5.79
39.44,Medium,Clear,6.46,1,20,Medium,Standard,Carrier_B,5.61
73.39,Low,Clear,22.4,3,1,High,Standard,Carrier_B,12.55
15.03,Low,Clear,8.1,1,10,Medium,Express,Carrier_C,2.4
55.37,Low,Clear,25.09,2,13,Low,Standard,Carrier_B,11.46
64.72,Medium,Storm,8.07,1,6,High,Standard,Carrier_A,19.21
21.65,High,Clear,9.87,2,15,Medium,Standard,Carrier_B,18.14
127.91,Medium,Rain,9.11,1,13,Medium,Standard,Carrier_A,21.15
83.3,Medium,Clear,11.59,0,22,High,Express,Carrier_C,10.39
58.29,Medium,Clear,7.59,4,22,Medium,Standard,Carrier_C,9.78
37.15,High,Clear,10.62,2,19,Medium,Standard,Carrier_A,20.58
14.43,Low,Clear,26.98,3,18,Low,Standard,Carrier_B,10.82
121.58,High,Clear,19.72,1,8,Low,Standard,Carrier_C,17.12
45.88,Medium,Clear,19.81,1,20,High,Standard,Carrier_C,9.01
18.44,High,Rain,4.17,2,8,Medium,Standard,Carrier_A,14.39
36.29,Medium,Clear,4.63,0,18,High,Standard,Carrier_A,9.58
89.45,Low,Clear,11.49,0,11,Medium,Standard,Carrier_B,13.99
77.42,Medium,Clear,16.46,1,12,High,Standard,Carrier_B,16.01
26.42,Low,Clear,7.12,1,19,Medium,Standard,Carrier_A,7.16
135.84,High,Clear,6.34,2,3,Medium,Standard,Carrier_A,16.06
18.2,Medium,Clear,24.68,0,20,Low,Standard,Carrier_A,2.27
154.17,Medium,Rain,15.58,4,19,Low,Standard,Carrier_A,19.86
75.12,Low,Rain,19.84,2,11,Medium,Standard,Carrier_A,12.47
48.65,Medium,Rain,7.49,6,15,Medium,Express,Carrier_A,6.74
53.99,Medium,Rain,7.11,3,6,Low,Express,Carrier_A,6.75
69.16,High,Clear,18.48,3,18,Medium,Standard,Carrier_B,16.19
94.23,Medium,Clear,8.41,1,2,Medium,Standard,Carrier_A,14.42
11.88,Medium,Clear,6.71,3,17,Medium,Standard,Carrier_A,8.97
35.31,High,Clear,5.51,4,16,Medium,Standard,Carrier_A,10.52
67.59,Medium,Clear,7.15,2,5,Low,Standard,Carrier_A,5.86
139.21,Medium,Clear,17.62,5,19,Medium,Standard,Carrier_A,24.05
135.79,Low,Storm,3.74,0,6,Medium,Standard,Carrier_B,18.19
174.72,Medium,Clear,15.01,0,13,Medium,Standard,Carrier_B,13.47
131.62,Medium,Clear,6.29,3,20,Medium,Standard,Carrier_A,10.22
33.11,Low,Storm,8.7,1,1,Low,Standard,Carrier_C,10.9
64.52,High,Clear,9.07,2,9,Medium,Standard,Carrier_B,17.28
132.13,Low,Clear,8.64,3,15,High,Standard,Carrier_C,16.51
123.84,Medium,Clear,8.28,2,4,Low,Standard,Carrier_B,20.9
56.07,Low,Clear,7.47,1,12,Low,Standard,Carrier_B,3.51
92.46,Medium,Storm,6.88,3,15,High,Standard,Carrier_B,22.73
45.68,High,Rain,23.52,3,20,Medium,Standard,Carrier_B,18.0
16.8,Low,Clear,10.14,2,7,Low,Standard,Carrier_B,6.58
59.8,Medium,Clear,9.19,3,19,Medium,Standard,Carrier_A,7.42
57.16,Medium,Clear,6.56,0,15,High,Standard,Carrier_A,12.79
43.98,High,Clear,7.65,2,12,Low,Standard,Carrier_C,8.19
94.48,Low,Clear,6.57,2,14,Medium,Express,Carrier_A,5.34
54.67,High,Clear,16.4,1,23,High,Standard,Carrier_B,13.85
85.73,Medium,Rain,6.11,1,15,Low,Standard,Carrier_A,16.02
108.28,Medium,Rain,2.32,3,10,High,Express,Carrier_B,21.68
258.85,Medium,Rain,10.36,6,23,High,Standard,Carrier_B,27.67
60.55,Medium,Rain,8.32,3,16,Medium,Standard,Carrier_B,12.08
140.47,Medium,Clear,6.82,3,6,Medium,Standard,Carrier_A,17.91
76.64,Low,Rain,18.04,4,14,Medium,Standard,Carrier_A,19.3
79.76,Medium,Rain,1.69,2,23,Medium,Standard,Carrier_A,20.25
61.15,Medium,Clear,27.79,3,16,Low,Standard,Carrier_B,9.15
72.01,Medium,Clear,19.8,2,18,Low,Standard,Carrier_A,15.42
55.05,Low,Clear,6.63,4,15,Low,Standard,Carrier_A,7.93
124.92,Medium,Storm,7.44,2,20,Medium,Standard,Carrier_A,15.4
36.4,Medium,Rain,13.84,0,1,Medium,Express,Carrier_B,6.84
16.64,Medium,Rain,14.09,2,19,High,Standard,Carrier_A,13.27
42.84,High,Clear,6.61,1,21,Medium,Standard,Carrier_A,12.86
39.28,Medium,Storm,3.49,1,0,Medium,Standard,Carrier_B,12.65
42.82,Medium,Clear,39.41,2,18,Medium,Standard,Carrier_B,15.91
58.8,Low,Clear,18.57,0,12,Medium,Standard,Carrier_A,8.4
42.95,High,Clear,11.04,3,9,Medium,Standard,Carrier_B,19.37
58.19,Medium,Rain,11.18,1,2,Low,Express,Carrier_A,6.4
43.06,Medium,Rain,14.94,1,7,Low,Standard,Carrier_B,14.0
86.98,Low,Clear,16.15,3,16,Low,Express,Carrier_A,6.42
257.37,Low,Clear,2.57,2,12,High,Standard,Carrier_B,25.1
75.56,High,Clear,7.94,4,1,High,Standard,Carrier_B,18.93
44.47,Low,Clear,7.42,1,7,Medium,Express,Carrier_C,5.94
5.29,Low,Rain,8.98,1,0,Medium,Express,Carrier_A,5.11
205.11,Low,Clear,16.46,2,8,Medium,Standard,Carrier_A,13.9
78.56,High,Clear,3.12,0,21,Medium,Standard,Carrier_A,16.01
57.8,High,Clear,4.15,3,18,Low,Standard,Carrier_B,15.74
5.75,High,Rain,6.4,4,22,Low,Standard,Carrier_A,15.87
60.07,High,Rain,11.03,2,3,Low,Express,Carrier_C,14.54
71.58,High,Clear,17.13,2,14,High,Standard,Carrier_A,14.57
43.18,Medium,Clear,28.8,0,7,Medium,Standard,Carrier_C,8.94
19.96,Low,Storm,8.28,4,11,Medium,Standard,Carrier_A,10.4
18.7,Medium,Clear,17.11,2,23,High,Standard,Carrier_B,15.57
207.17,Low,Clear,15.83,0,19,Medium,Standard,Carrier_B,19.49
70.11,Medium,Clear,14.18,2,16,Medium,Standard,Carrier_A,13.67
43.15,Low,Storm,9.82,1,23,Medium,Standard,Carrier_A,13.03
67.14,Low,Rain,7.69,0,11,Low,Standard,Carrier_A,5.42
63.87,Medium,Clear,4.99,2,1,Low,Standard,Carrier_A,12.29
17.79,Low,Clear,4.78,2,21,Medium,Standard,Carrier_B,12.88
119.56,Low,Clear,12.5,3,2,Low,Standard,Carrier_A,14.55
56.68,Low,Clear,9.63,1,6,Medium,Standard,Carrier_B,8.27
70.8,Medium,Clear,7.61,5,21,High,Standard,Carrier_A,16.97
164.51,Low,Clear,15.37,2,21,High,Express,Carrier_C,17.42
20.54,Low,Clear,8.76,4,2,Low,Standard,Carrier_C,5.65
34.85,Low,Clear,5.51,1,20,Low,Standard,Carrier_A,10.01
81.52,High,Clear,8.39,5,17,High,Standard,Carrier_C,24.48
118.0,Low,Clear,17.0,1,2,High,Standard,Carrier_A,21.65
39.98,Low,Rain,5.13,2,13,Low,Standard,Carrier_B,9.84
41.85,High,Clear,11.43,3,6,High,Standard,Carrier_C,8.4
100.25,High,Rain,9.62,3,12,High,Express,Carrier_A,19.74
244.83,Low,Rain,6.08,1,4,Low,Standard,Carrier_B,18.76
68.76,Low,Storm,8.24,2,2,Medium,Standard,Carrier_A,16.41
34.76,Low,Clear,3.59,2,15,High,Standard,Carrier_C,14.07
26.7,Medium,Clear,10.71,4,17,Medium,Standard,Carrier_A,10.64
58.67,Low,Clear,4.11,4,4,Medium,Standard,Carrier_A,7.47
114.44,High,Clear,20.03,1,14,High,Express,Carrier_A,14.69
300.0,High,Clear,9.4,4,11,High,Express,Carrier_B,36.0
51.56,Medium,Clear,6.88,1,22,Low,Standard,Carrier_B,7.22
68.84,Low,Clear,21.21,2,13,Medium,Express,Carrier_B,9.09
185.59,High,Rain,5.1,4,11,High,Standard,Carrier_B,33.27
80.58,Medium,Clear,6.13,1,0,Low,Express,Carrier_A,8.75
75.93,High,Storm,3.04,2,21,Low,Express,Carrier_B,12.22
163.18,Low,Rain,23.36,1,15,High,Express,Carrier_A,15.59
70.0,Medium,Clear,33.7,1,4,Medium,Standard,Carrier_A,8.68
28.69,High,Clear,3.36,0,0,Low,Standard,Carrier_A,3.36
142.19,High,Clear,5.87,3,4,Low,Standard,Carrier_B,16.64
14.95,Medium,Rain,10.44,3,12,High,Standard,Carrier_A,6.24
126.92,Medium,Rain,7.13,5,22,Low,Standard,Carrier_A,17.87
64.96,Medium,Rain,9.77,1,14,Low,Express,Carrier_C,7.92
51.98,Medium,Rain,9.24,1,2,High,Standard,Carrier_A,12.39
50.96,High,Clear,13.0,4,4,High,Standard,Carrier_A,12.07
58.51,Medium,Storm,5.34,0,5,Medium,Standard,Carrier_A,19.52
46.36,Low,Rain,11.3,4,1,Medium,Standard,Carrier_C,9.46
88.86,Low,Rain,4.83,4,3,Medium,Standard,Carrier_C,16.35
47.64,Medium,Clear,7.63,1,2,Low,Express,Carrier_B,5.96
65.31,High,Clear,3.23,4,17,High,Express,Carrier_B,23.24
9.1,Low,Clear,7.67,3,16,Medium,Standard,Carrier_B,11.43
64.99,Medium,Clear,6.87,2,18,Medium,Standard,Carrier_C,12.31
45.63,High,Clear,18.42,2,4,Medium,Standard,Carrier_C,9.59
120.85,Medium,Rain,9.6,2,21,Medium,Standard,Carrier_A,19.76
53.64,Low,Storm,10.8,0,8,Low,Standard,Carrier_A,13.57
109.45,Medium,Clear,9.83,4,3,Medium,Standard,Carrier_A,12.22
101.26,Medium,Clear,2.5,3,3,Medium,Standard,Carrier_B,13.92
103.14,Low,Clear,2.72,5,7,High,Standard,Carrier_A,17.84
55.09,Medium,Storm,8.11,0,2,High,Standard,Carrier_B,21.92
68.12,Medium,Rain,11.95,4,7,Low,Express,Carrier_C,7.29
87.23,Medium,Clear,8.56,0,15,Medium,Express,Carrier_B,16.12
69.63,Medium,Clear,5.69,1,23,Medium,Standard,Carrier_A,11.28
53.73,Low,Clear,8.53,2,0,Medium,Standard,Carrier_A,8.06
31.03,Low,Clear,8.06,2,13,High,Standard,Carrier_C,10.2
65.86,Low,Clear,16.55,1,5,Medium,Express,Carrier_B,3.08
16.7,Low,Clear,15.96,1,8,Low,Express,Carrier_B,5.5
8.31,Medium,Clear,6.96,0,15,Medium,Standard,Carrier_A,7.7
25.12,Low,Clear,9.66,3,7,Low,Standard,Carrier_B,8.18
102.34,Medium,Clear,11.94,1,10,Low,Express,Carrier_B,10.86
77.03,Low,Rain,13.14,5,7,Low,Standard,Carrier_B,18.14
103.03,Low,Clear,29.2,4,8,Medium,Standard,Carrier_B,14.05
37.52,Low,Clear,9.79,2,17,Medium,Standard,Carrier_A,12.94
129.03,Medium,Storm,21.32,2,7,Medium,Standard,Carrier_B,24.51
18.71,Medium,Clear,4.69,4,13,Medium,Standard,Carrier_B,15.95
25.98,High,Clear,6.59,0,19,Low,Standard,Carrier_A,14.01
127.56,Low,Clear,2.49,2,14,Medium,Standard,Carrier_B,14.4
73.14,Medium,Rain,11.0,4,18,Low,Standard,Carrier_A,13.25
103.45,High,Clear,15.19,1,11,Medium,Express,Carrier_C,12.0
77.26,Medium,Clear,1.89,4,11,Medium,Standard,Carrier_A,15.41
41.98,Low,Clear,11.27,3,0,Low,Standard,Carrier_B,6.19
23.25,Low,Rain,14.77,6,16,Medium,Standard,Carrier_B,16.66
11.1,Low,Rain,14.24,2,16,Medium,Express,Carrier_C,9.4
195.63,High,Rain,4.58,1,12,Low,Standard,Carrier_C,19.68
14.34,Medium,Clear,16.49,3,17,Medium,Standard,Carrier_A,8.53
159.66,Medium,Clear,10.03,1,15,Low,Standard,Carrier_A,17.79
70.31,High,Clear,14.65,1,4,Medium,Standard,Carrier_B,15.71
78.94,Medium,Clear,9.19,3,5,Low,Express,Carrier_B,8.71
75.35,Medium,Clear,12.78,2,15,High,Standard,Carrier_B,12.96
94.88,Low,Clear,20.51,1,2,Low,Standard,Carrier_A,10.65
34.58,Medium,Rain,8.74,2,21,High,Standard,Carrier_B,15.16
6.96,Low,Clear,12.0,5,8,Low,Standard,Carrier_B,12.29
41.28,Low,Clear,22.47,2,14,Medium,Express,Carrier_A,3.09
89.48,Low,Storm,9.15,2,12,Low,Standard,Carrier_A,16.23
26.21,Medium,Rain,4.8,1,16,Low,Express,Carrier_C,6.53
131.12,Medium,Clear,15.48,1,8,Low,Standard,Carrier_A,18.92
59.31,Medium,Rain,25.35,1,16,Low,Standard,Carrier_A,13.8
24.06,Low,Clear,23.05,3,4,Medium,Standard,Carrier_C,4.0
72.63,High,Rain,15.87,1,7,Medium,Standard,Carrier_B,21.85
88.45,Low,Clear,2.17,0,0,Medium,Standard,Carrier_B,13.06
92.87,High,Clear,6.6,2,3,Medium,Express,Carrier_B,13.28
127.65,Medium,Storm,6.82,3,1,Low,Standard,Carrier_A,17.73
17.31,Medium,Clear,10.27,3,11,Medium,Express,Carrier_B,1.72
127.77,Medium,Rain,29.89,3,1,Medium,Standard,Carrier_A,20.7
135.56,High,Clear,4.94,4,5,Low,Standard,Carrier_C,11.54
23.29,Medium,Clear,42.84,1,11,Medium,Express,Carrier_A,5.97
27.76,Low,Storm,7.78,1,16,Low,Standard,Carrier_A,8.59
106.99,High,Clear,6.06,4,0,Medium,Standard,Carrier_A,22.34
47.87,Low,Rain,17.28,0,17,High,Express,Carrier_A,15.68
148.76,Medium,Rain,18.19,1,12,Medium,Standard,Carrier_A,17.9
175.99,Medium,Clear,15.22,3,0,Medium,Standard,Carrier_B,21.64
24.03,High,Clear,6.05,1,2,Medium,Standard,Carrier_B,11.31
34.01,Medium,Clear,13.82,3,22,Medium,Standard,Carrier_A,7.36
69.97,Low,Clear,5.09,2,10,Medium,Standard,Carrier_C,3.55
6.7,Medium,Clear,5.94,1,22,High,Standard,Carrier_C,10.84
11.48,Low,Clear,9.38,1,12,High,Standard,Carrier_A,5.02
30.79,Medium,Rain,5.85,3,3,Low,Standard,Carrier_A,17.22
215.33,Medium,Clear,19.77,5,17,Medium,Standard,Carrier_B,21.53
77.78,High,Rain,6.85,0,11,Medium,Standard,Carrier_A,18.04
38.79,Low,Clear,8.64,1,9,Medium,Standard,Carrier_B,13.51
27.57,Low,Clear,5.63,1,5,Low,Express,Carrier_B,1.0
23.05,Medium,Clear,19.58,2,10,High,Standard,Carrier_B,11.16
41.12,Low,Clear,6.47,3,23,Medium,Express,Carrier_B,6.68
39.24,Low,Clear,20.95,2,5,Low,Standard,Carrier_C,14.89
54.68,Medium,Clear,19.98,2,13,Low,Express,Carrier_B,6.98
91.38,Medium,Rain,7.46,0,0,Medium,Express,Carrier_A,7.77
61.19,Low,Rain,10.17,2,16,Medium,Standard,Carrier_A,14.63
111.31,Medium,Clear,7.33,4,21,Low,Standard,Carrier_B,11.12
51.74,High,Rain,14.22,2,23,Low,Standard,Carrier_B,14.73
184.68,Medium,Storm,8.79,2,19,Low,Standard,Carrier_B,24.54
109.49,Low,Clear,7.6,2,16,Medium,Standard,Carrier_B,16.01
76.28,Low,Storm,10.28,5,13,Medium,Standard,Carrier_B,18.26
91.6,Low,Clear,3.57,4,20,Low,Standard,Carrier_C,7.25
42.03,Medium,Rain,9.49,2,0,Medium,Express,Carrier_A,12.8
54.01,Medium,Clear,15.21,3,5,Low,Standard,Carrier_A,9.9
52.43,Low,Rain,10.91,3,1,High,Express,Carrier_C,11.51
35.08,Low,Rain,18.51,2,5,High,Express,Carrier_C,4.47
19.49,Medium,Storm,7.8,3,5,Low,Standard,Carrier_A,15.8
95.03,Medium,Storm,7.4,3,10,High,Standard,Carrier_A,21.39
123.21,High,Clear,4.82,4,16,Medium,Standard,Carrier_B,22.34
85.93,Low,Rain,7.66,2,21,High,Express,Carrier_A,8.0
61.05,Low,Clear,35.8,1,14,Low,Express,Carrier_A,5.33
238.71,Medium,Clear,11.93,2,0,High,Standard,Carrier_A,23.48
38.38,Low,Clear,6.82,2,2,Medium,Express,Carrier_B,5.79
78.13,Low,Storm,5.19,3,10,Low,Standard,Carrier_A,12.96
135.07,Medium,Rain,3.53,2,14,High,Standard,Carrier_A,22.86
25.31,Medium,Clear,5.81,3,19,High,Standard,Carrier_A,11.96
100.05,Low,Storm,16.34,3,8,Low,Standard,Carrier_B,22.8
192.49,Medium,Rain,7.56,1,4,Medium,Standard,Carrier_C,21.51
64.85,Medium,Clear,5.35,1,3,High,Standard,Carrier_B,11.38
73.25,Low,Clear,5.75,2,14,Medium,Standard,Carrier_A,11.23
38.57,High,Rain,15.21,2,23,Medium,Standard,Carrier_C,12.79
90.88,Low,Rain,9.46,5,1,Low,Express,Carrier_C,12.31
34.37,High,Clear,6.63,1,0,Medium,Standard,Carrier_A,8.44
62.05,High,Clear,8.16,2,0,Medium,Standard,Carrier_C,12.34
17.2,Medium,Clear,41.84,2,13,Medium,Standard,Carrier_A,8.71
5.0,Low,Clear,22.04,2,7,Medium,Standard,Carrier_A,7.79
45.03,High,Clear,25.91,3,19,Medium,Standard,Carrier_B,17.96
44.46,Medium,Clear,3.19,0,19,Low,Standard,Carrier_B,7.24
48.13,Low,Clear,9.04,1,12,Medium,Express,Carrier_C,2.81
107.28,Medium,Clear,6.56,7,0,Low,Standard,Carrier_A,16.87
125.51,Medium,Clear,14.2,3,13,Medium,Standard,Carrier_B,14.75
80.46,High,Clear,19.86,1,8,High,Standard,Carrier_B,18.64
102.25,Medium,Clear,12.33,1,20,Medium,Standard,Carrier_A,9.54
35.2,High,Storm,5.66,5,17,Low,Standard,Carrier_B,21.5
28.39,Medium,Clear,6.49,3,23,High,Standard,Carrier_B,10.35
92.15,Medium,Clear,14.93,0,8,Low,Express,Carrier_A,11.18
25.0,Medium,Clear,15.93,2,7,Low,Standard,Carrier_A,7.7
22.53,High,Rain,10.93,2,11,High,Standard,Carrier_C,12.8
300.0,High,Clear,10.85,3,19,Low,Standard,Carrier_B,28.38
67.94,High,Clear,10.3,0,12,Medium,Standard,Carrier_B,9.51
44.49,High,Rain,11.88,4,8,High,Standard,Carrier_A,19.06
40.54,Medium,Rain,15.88,1,21,Low,Standard,Carrier_B,14.36
17.69,Low,Clear,15.02,3,9,Medium,Standard,Carrier_B,7.35
79.27,High,Clear,10.13,3,21,Medium,Standard,Carrier_C,13.99
51.64,Low,Storm,9.66,2,15,Medium,Standard,Carrier_B,22.39
123.16,Low,Storm,9.42,3,1,Medium,Standard,Carrier_A,20.39
94.14,Medium,Rain,6.01,2,11,Medium,Standard,Carrier_C,12.46
50.3,Medium,Rain,5.96,2,16,High,Express,Carrier_B,10.81
9.05,Medium,Rain,14.2,2,21,High,Standard,Carrier_A,13.32
68.07,Low,Storm,6.28,1,13,Medium,Standard,Carrier_B,14.16
63.7,Low,Clear,16.93,3,0,Medium,Standard,Carrier_A,11.12
6.96,Low,Storm,9.65,1,8,Medium,Standard,Carrier_B,13.31
86.81,Medium,Rain,16.99,2,23,Medium,Express,Carrier_A,13.16
24.24,Low,Clear,15.09,3,11,Low,Standard,Carrier_B,10.9
127.43,Medium,Clear,17.25,1,9,Low,Standard,Carrier_A,15.75
60.88,Low,Clear,7.32,0,21,Low,Standard,Carrier_C,1.0
39.62,Medium,Rain,13.01,2,10,Medium,Standard,Carrier_A,11.96
75.11,Medium,Rain,16.11,3,18,Low,Standard,Carrier_A,17.67
71.84,Medium,Clear,3.64,2,0,Medium,Standard,Carrier_A,6.56
69.96,High,Clear,30.15,4,13,High,Standard,Carrier_A,23.21
116.45,Low,Clear,43.5,4,0,Low,Standard,Carrier_B,13.58
78.39,Medium,Clear,18.46,2,4,Medium,Standard,Carrier_B,14.26
36.8,Medium,Clear,16.84,0,13,Low,Standard,Carrier_B,6.16
52.85,Low,Clear,14.62,1,14,Medium,Standard,Carrier_C,6.85
157.83,High,Clear,8.08,4,2,Low,Standard,Carrier_B,17.12
34.12,High,Clear,9.28,2,11,High,Standard,Carrier_B,20.18
85.84,Medium,Clear,18.67,1,9,Low,Standard,Carrier_A,16.63
119.31,High,Clear,5.3,2,10,High,Standard,Carrier_C,24.57
91.64,Medium,Storm,5.01,2,19,Low,Standard,Carrier_A,14.49
68.38,Medium,Rain,7.7,1,22,High,Express,Carrier_A,14.17
76.17,Low,Rain,15.28,2,1,Low,Standard,Carrier_B,12.67
95.64,Low,Clear,5.68,5,23,Low,Standard,Carrier_B,10.14
33.78,Low,Clear,8.61,2,1,High,Standard,Carrier_A,10.86
64.0,Medium,Rain,9.31,2,22,Low,Standard,Carrier_C,6.57
237.84,Medium,Clear,5.17,2,14,Medium,Standard,Carrier_A,24.09
87.68,Low,Clear,2.04,1,17,Medium,Standard,Carrier_B,8.22
70.13,Medium,Clear,5.12,2,5,Medium,Standard,Carrier_A,11.45
48.87,Low,Rain,11.82,1,14,Low,Standard,Carrier_C,9.46
34.1,Medium,Clear,13.68,0,14,High,Standard,Carrier_A,8.54
77.97,Low,Clear,13.75,1,7,Medium,Standard,Carrier_A,14.83
81.81,Medium,Clear,14.82,2,12,High,Express,Carrier_A,7.26
60.9,Medium,Clear,6.64,6,22,Medium,Standard,Carrier_A,13.18
298.69,Medium,Clear,5.78,4,2,Medium,Express,Carrier_A,18.11
36.61,Low,Rain,12.73,2,10,Medium,Standard,Carrier_A,7.58
29.83,Medium,Storm,8.69,1,8,Low,Standard,Carrier_B,15.16
49.41,High,Clear,17.99,2,4,High,Standard,Carrier_B,15.29
62.34,Low,Clear,12.78,3,11,High,Express,Carrier_B,14.97
32.63,Medium,Clear,22.98,0,2,Medium,Standard,Carrier_A,4.23
76.66,Low,Clear,7.37,1,2,High,Standard,Carrier_A,7.05
82.56,Low,Rain,19.96,5,20,Low,Standard,Carrier_C,11.04
103.38,Medium,Rain,37.43,1,7,Low,Standard,Carrier_A,15.73
43.43,Low,Clear,10.33,2,7,Low,Standard,Carrier_B,10.68
149.4,Medium,Rain,13.8,2,15,Medium,Standard,Carrier_A,21.0
98.74,High,Clear,5.45,2,18,Medium,Standard,Carrier_A,11.51
36.0,Low,Clear,17.83,5,20,Low,Standard,Carrier_C,11.88
32.51,Low,Rain,20.78,0,15,Medium,Standard,Carrier_B,7.07
52.03,High,Clear,7.23,0,6,Low,Standard,Carrier_B,10.01
82.7,Medium,Clear,14.6,4,6,Medium,Standard,Carrier_A,13.18
91.14,High,Rain,11.97,4,16,Low,Standard,Carrier_B,14.65
98.62,Medium,Clear,12.86,2,20,Low,Standard,Carrier_C,8.84
228.31,Medium,Clear,16.91,3,22,Medium,Express,Carrier_A,21.19
12.44,High,Clear,13.98,0,20,Low,Standard,Carrier_A,9.3
59.68,Low,Clear,9.11,3,15,Medium,Express,Carrier_C,5.1
216.39,High,Clear,17.14,0,4,Medium,Express,Carrier_A,19.11
106.57,Medium,Clear,20.55,2,9,High,Standard,Carrier_A,19.32
28.26,High,Clear,6.96,1,2,Low,Standard,Carrier_A,8.3
73.96,Low,Clear,9.96,3,10,Low,Standard,Carrier_A,9.68
57.08,Medium,Clear,3.16,4,14,Medium,Express,Carrier_A,7.26
55.58,Low,Rain,14.58,2,16,Low,Standard,Carrier_A,8.67
42.78,High,Clear,22.09,0,5,Medium,Express,Carrier_A,8.22
69.77,Low,Clear,8.44,0,16,Medium,Standard,Carrier_A,2.93
131.85,Low,Rain,10.88,1,7,Low,Standard,Carrier_B,17.84
45.86,High,Clear,8.64,0,16,High,Express,Carrier_B,15.41
99.11,Medium,Clear,7.77,1,22,Medium,Standard,Carrier_B,12.22
110.89,Medium,Clear,11.6,3,6,Medium,Standard,Carrier_A,16.09
148.61,Low,Clear,5.99,2,4,High,Standard,Carrier_A,17.17
32.04,Medium,Storm,8.56,2,23,High,Standard,Carrier_C,20.8
65.87,Low,Clear,5.54,2,11,Low,Express,Carrier_B,10.65
38.94,Medium,Rain,14.63,0,5,Medium,Standard,Carrier_C,10.43
69.87,Medium,Clear,11.65,5,7,Medium,Standard,Carrier_C,12.59
69.53,Medium,Clear,7.54,2,11,Medium,Express,Carrier_A,10.79
25.59,Low,Clear,10.22,1,8,Medium,Express,Carrier_A,4.04
72.82,Low,Clear,8.64,0,21,Medium,Express,Carrier_A,3.53
235.51,Medium,Clear,20.98,2,8,Medium,Express,Carrier_A,19.51
91.38,Low,Rain,7.49,0,11,Medium,Standard,Carrier_B,15.6
21.09,Low,Clear,15.07,4,6,Low,Standard,Carrier_A,8.33
30.38,Medium,Rain,6.31,1,16,Medium,Standard,Carrier_C,14.31
63.48,Medium,Rain,16.93,1,18,Low,Standard,Carrier_B,14.39
30.98,Medium,Clear,19.57,2,13,Medium,Standard,Carrier_C,9.75
143.52,Medium,Storm,20.18,2,19,Low,Standard,Carrier_B,25.44
18.78,High,Clear,25.95,4,6,Medium,Express,Carrier_A,8.87
91.82,Medium,Clear,12.06,5,12,Low,Standard,Carrier_A,14.26
15.12,High,Clear,22.3,1,17,Medium,Standard,Carrier_B,13.67
62.75,Medium,Clear,28.67,2,21,Medium,Standard,Carrier_A,9.63
27.24,Low,Clear,4.81,1,7,Medium,Standard,Carrier_C,6.34
103.23,High,Clear,6.74,3,3,Medium,Standard,Carrier_A,14.8
128.28,High,Rain,3.77,3,18,High,Standard,Carrier_B,25.59
82.53,Medium,Clear,19.88,0,12,Low,Express,Carrier_A,6.47
132.13,Low,Rain,3.74,3,1,Medium,Express,Carrier_B,16.65
5.0,Low,Clear,3.14,1,19,Medium,Express,Carrier_B,10.21
72.17,Medium,Clear,4.89,1,11,Medium,Standard,Carrier_A,11.7
90.94,Medium,Clear,3.22,5,14,High,Express,Carrier_C,14.54
98.96,Medium,Clear,11.9,2,8,Medium,Standard,Carrier_B,10.26
87.33,Medium,Clear,4.93,5,23,Low,Standard,Carrier_A,19.02
100.41,Medium,Rain,3.32,4,10,Medium,Standard,Carrier_C,13.7
71.59,Low,Clear,9.71,2,14,Medium,Standard,Carrier_C,6.52
21.29,Low,Clear,10.09,4,12,Low,Express,Carrier_A,7.69
42.53,Low,Rain,2.96,3,23,Medium,Standard,Carrier_A,7.56
143.99,High,Rain,6.27,2,14,Medium,Standard,Carrier_C,20.67
133.69,Medium,Storm,9.5,3,2,Medium,Standard,Carrier_B,21.98
89.81,High,Clear,7.91,2,20,Low,Standard,Carrier_B,13.67
104.68,Medium,Rain,8.05,4,1,Medium,Express,Carrier_A,14.84
123.63,High,Clear,21.47,3,12,Medium,Standard,Carrier_B,15.59
89.1,Medium,Rain,40.26,3,8,Low,Standard,Carrier_A,15.83
141.37,High,Clear,8.14,0,11,Medium,Standard,Carrier_A,19.09
138.37,High,Clear,4.22,4,20,Medium,Express,Carrier_A,16.78
281.71,Medium,Storm,8.56,0,2,Medium,Standard,Carrier_A,37.74
43.95,Low,Rain,11.32,2,1,High,Standard,Carrier_B,14.38
44.58,Medium,Clear,9.63,0,21,Low,Standard,Carrier_B,4.08
84.64,Low,Clear,14.83,1,6,Medium,Standard,Carrier_B,8.91
208.46,Low,Rain,42.0,2,10,Low,Standard,Carrier_A,12.6
148.56,Medium,Clear,3.28,5,23,Low,Standard,Carrier_A,18.6
113.35,High,Clear,7.17,2,17,Low,Standard,Carrier_B,22.36
155.08,Low,Clear,27.16,3,15,Medium,Standard,Carrier_B,18.33
92.04,Low,Clear,7.1,1,0,Medium,Standard,Carrier_A,7.09
52.49,High,Clear,16.66,2,9,Medium,Standard,Carrier_B,13.94
241.01,Low,Rain,15.03,1,12,Medium,Standard,Carrier_A,22.34
87.51,Low,Clear,22.29,3,1,Low,Express,Carrier_A,5.81
136.43,Medium,Rain,34.59,1,15,Low,Standard,Carrier_B,13.77
5.0,High,Rain,12.39,2,18,Medium,Standard,Carrier_A,12.28
6.3,Medium,Clear,3.21,3,8,High,Standard,Carrier_B,19.39
73.78,Medium,Rain,6.33,1,22,Medium,Express,Carrier_C,8.72
30.99,Medium,Clear,41.3,3,22,Low,Express,Carrier_A,8.63
78.61,Low,Rain,3.98,1,17,Medium,Standard,Carrier_B,16.08
44.53,High,Clear,13.78,2,7,Medium,Standard,Carrier_A,12.32
300.0,High,Clear,1.95,1,2,High,Standard,Carrier_C,27.8
129.47,Medium,Clear,4.14,3,16,Low,Standard,Carrier_A,12.44
164.69,Low,Rain,17.75,5,12,Low,Standard,Carrier_C,20.78
8.1,Low,Clear,10.21,2,17,High,Standard,Carrier_A,8.08
112.34,Low,Rain,7.81,3,9,Low,Standard,Carrier_C,15.39
57.26,Low,Clear,5.87,4,3,High,Standard,Carrier_B,12.37
166.7,Low,Clear,2.72,2,21,Medium,Standard,Carrier_A,11.63
101.7,High,Clear,15.65,4,23,Medium,Standard,Carrier_B,21.39
63.57,Low,Clear,8.3,3,18,Low,Standard,Carrier_A,8.44
23.47,Medium,Clear,3.71,4,0,High,Express,Carrier_A,5.33
72.78,Medium,Clear,10.17,2,19,Low,Standard,Carrier_A,12.67
141.9,High,Rain,14.55,0,23,Medium,Standard,Carrier_B,18.09
172.84,High,Rain,8.75,6,9,Low,Express,Carrier_A,23.9
49.89,Medium,Clear,10.76,0,12,Low,Standard,Carrier_B,10.13
276.6,Low,Clear,10.22,1,0,Medium,Standard,Carrier_B,21.85
134.81,Medium,Clear,6.3,4,14,Low,Standard,Carrier_A,16.62
31.55,Low,Rain,10.33,1,18,Medium,Standard,Carrier_A,7.24
25.57,Low,Rain,16.09,2,4,Medium,Standard,Carrier_B,13.75
60.0,Low,Rain,19.54,3,15,Medium,Standard,Carrier_A,11.07
49.8,High,Rain,16.68,1,6,Medium,Standard,Carrier_A,10.59
92.55,Low,Clear,6.43,2,3,Low,Express,Carrier_A,1.0
67.39,Medium,Clear,15.08,1,0,High,Standard,Carrier_A,11.96
53.1,Medium,Rain,13.5,2,18,Low,Standard,Carrier_B,11.96
16.03,Medium,Clear,6.29,0,5,Medium,Standard,Carrier_A,4.14
103.81,Low,Clear,7.38,5,3,High,Standard,Carrier_C,16.13
14.65,High,Clear,15.51,5,23,Medium,Standard,Carrier_B,19.15
135.1,Medium,Rain,24.41,3,17,Low,Standard,Carrier_C,15.2
9.27,Medium,Rain,3.07,2,6,Medium,Standard,Carrier_B,11.32
13.76,Medium,Storm,28.96,2,17,High,Express,Carrier_A,16.49
31.42,High,Clear,21.26,0,11,High,Standard,Carrier_A,10.45
46.4,High,Clear,11.35,2,0,Medium,Express,Carrier_A,7.71
39.12,Medium,Clear,8.53,2,6,Low,Standard,Carrier_B,13.2
46.24,Medium,Rain,12.86,1,18,Medium,Standard,Carrier_B,14.76
79.72,Low,Clear,6.58,4,17,High,Standard,Carrier_A,15.47
32.06,Low,Storm,8.89,5,9,Low,Standard,Carrier_B,15.95
80.25,Low,Clear,3.82,1,23,High,Standard,Carrier_A,11.72
5.0,Low,Rain,3.22,2,12,Medium,Standard,Carrier_B,7.25
31.02,Low,Rain,45.42,1,0,Medium,Standard,Carrier_A,14.68
13.05,High,Clear,10.39,1,23,Low,Express,Carrier_A,6.96
134.08,High,Rain,11.39,0,0,Low,Standard,Carrier_B,18.27
35.79,High,Clear,9.78,1,22,Low,Standard,Carrier_C,9.12
99.45,Medium,Rain,5.82,3,1,High,Standard,Carrier_B,23.29
10.63,Medium,Rain,8.17,2,9,Medium,Standard,Carrier_A,12.17
171.01,Low,Clear,10.58,3,1,Medium,Standard,Carrier_B,15.21
70.28,Medium,Clear,8.78,2,17,High,Standard,Carrier_A,16.27
64.53,Low,Storm,6.12,0,7,Low,Standard,Carrier_A,16.88
16.23,Medium,Storm,13.62,5,12,High,Standard,Carrier_B,24.5
27.73,High,Clear,11.27,5,4,Low,Standard,Carrier_A,12.68
54.4,High,Storm,12.88,2,19,Low,Standard,Carrier_B,22.37
28.7,Low,Clear,15.77,1,11,Medium,Standard,Carrier_A,8.89
125.44,Medium,Clear,8.93,2,7,High,Standard,Carrier_B,12.4
68.74,Low,Clear,8.94,2,0,Medium,Express,Carrier_A,7.19
29.01,Low,Clear,26.14,4,11,Low,Standard,Carrier_A,5.23
112.87,Low,Clear,5.4,2,17,High,Standard,Carrier_A,16.47
48.95,Low,Rain,2.95,1,2,Medium,Standard,Carrier_B,11.69
109.43,Medium,Clear,14.31,1,12,Medium,Express,Carrier_C,13.11
42.94,Medium,Clear,6.63,4,22,Medium,Standard,Carrier_A,6.9
94.78,Low,Rain,4.95,0,20,Medium,Standard,Carrier_A,9.29
47.6,High,Rain,17.73,1,21,Low,Standard,Carrier_B,11.5
125.47,Medium,Storm,9.08,0,21,Medium,Standard,Carrier_A,17.66
10.9,Medium,Clear,4.39,2,6,Low,Express,Carrier_A,1.0
21.72,Medium,Rain,35.08,1,3,Medium,Express,Carrier_A,14.36
58.22,Medium,Clear,3.5,1,13,Medium,Standard,Carrier_A,11.75
37.16,Medium,Clear,9.43,1,17,Medium,Standard,Carrier_B,9.49
46.45,Medium,Rain,2.92,1,9,High,Express,Carrier_B,15.4
102.37,High,Clear,11.89,3,5,Medium,Standard,Carrier_A,15.18
45.67,Medium,Rain,6.58,3,3,Medium,Express,Carrier_A,11.12
82.29,Medium,Clear,16.99,4,12,Low,Standard,Carrier_A,9.28
30.83,Low,Clear,9.86,1,1,Low,Standard,Carrier_C,1.0
8.38,High,Clear,24.0,4,16,Low,Express,Carrier_B,10.29
108.98,Medium,Clear,7.54,0,19,Low,Standard,Carrier_C,15.1
196.38,Low,Clear,3.52,1,19,Medium,Standard,Carrier_C,12.46
76.29,High,Clear,11.64,1,6,Medium,Standard,Carrier_B,17.73
60.65,Medium,Clear,8.46,2,2,High,Standard,Carrier_C,13.96
70.59,Low,Rain,3.06,3,12,Low,Standard,Carrier_A,9.37
155.84,Low,Clear,5.02,1,17,Low,Standard,Carrier_A,15.51
76.95,Medium,Clear,6.18,1,21,Medium,Standard,Carrier_B,12.18
112.59,High,Clear,27.41,3,2,Low,Express,Carrier_A,7.55
109.23,Medium,Clear,15.8,6,0,Medium,Express,Carrier_B,14.16
132.6,Low,Clear,7.96,2,3,Medium,Standard,Carrier_C,10.69
59.67,Medium,Rain,13.55,1,13,Medium,Express,Carrier_C,13.42
42.47,Medium,Rain,2.65,1,3,Low,Standard,Carrier_B,9.31
95.51,Low,Clear,6.91,3,22,Low,Standard,Carrier_B,10.04
126.41,High,Rain,12.94,1,8,High,Standard,Carrier_B,21.68
142.58,Low,Clear,11.11,3,19,High,Express,Carrier_A,16.61
168.46,High,Clear,7.02,4,7,Medium,Express,Carrier_A,17.56
118.89,High,Clear,9.73,2,5,Low,Express,Carrier_B,17.05
40.59,Low,Clear,12.43,1,2,Medium,Standard,Carrier_A,5.53
76.23,Medium,Clear,9.91,8,4,Medium,Express,Carrier_B,11.54
71.43,High,Clear,17.46,1,18,Low,Standard,Carrier_A,17.22
65.86,Medium,Clear,12.27,6,18,High,Standard,Carrier_B,16.19
95.64,Medium,Clear,13.91,1,16,High,Express,Carrier_B,16.48
55.57,Low,Clear,30.38,2,1,Low,Standard,Carrier_A,2.74
55.63,Low,Rain,17.08,4,7,Low,Standard,Carrier_C,12.99
204.1,Medium,Rain,30.93,2,14,Medium,Standard,Carrier_B,25.27
62.04,Low,Clear,6.44,3,22,Medium,Standard,Carrier_B,8.66
131.96,Low,Clear,3.54,4,5,Medium,Standard,Carrier_A,10.52
137.06,Medium,Clear,9.1,3,4,Medium,Standard,Carrier_A,12.04
77.75,Low,Rain,8.61,4,20,Medium,Express,Carrier_C,10.58
57.32,High,Clear,25.75,1,11,Low,Standard,Carrier_B,17.56
31.94,High,Clear,4.78,1,9,Low,Standard,Carrier_A,14.38
14.42,High,Storm,9.48,1,9,Medium,Standard,Carrier_B,23.69
100.41,Low,Clear,12.98,6,9,Medium,Standard,Carrier_A,12.96
86.83,Medium,Clear,10.64,0,11,High,Standard,Carrier_C,15.44
110.69,High,Rain,8.92,2,19,Low,Express,Carrier_A,19.81
44.7,Medium,Rain,12.59,2,16,High,Standard,Carrier_B,19.04
217.42,Medium,Clear,20.11,3,2,Low,Standard,Carrier_A,16.4
92.27,Medium,Clear,27.06,3,3,Medium,Standard,Carrier_A,15.83
60.29,Medium,Clear,10.19,3,14,Low,Standard,Carrier_B,8.65
7.75,Low,Clear,5.87,1,20,Medium,Standard,Carrier_A,6.62
48.79,Medium,Clear,27.04,2,23,Medium,Standard,Carrier_A,8.9
114.27,Low,Clear,4.95,0,21,Medium,Express,Carrier_B,6.31
165.63,High,Clear,31.94,2,15,Low,Standard,Carrier_A,16.65
67.56,Medium,Rain,23.9,7,5,Low,Standard,Carrier_C,20.31
183.32,Low,Storm,26.26,0,1,Medium,Express,Carrier_B,16.99
29.86,Medium,Rain,15.57,1,17,Medium,Standard,Carrier_A,15.45
88.68,Medium,Clear,2.53,3,21,Low,Express,Carrier_A,11.13
90.45,Low,Clear,5.08,1,9,Low,Standard,Carrier_B,10.5
100.96,High,Clear,12.18,1,3,Medium,Standard,Carrier_A,13.28
74.48,Medium,Clear,6.43,4,17,Medium,Standard,Carrier_A,11.22
85.31,Medium,Clear,8.13,2,8,Low,Standard,Carrier_C,15.05
29.23,High,Rain,14.85,2,15,Low,Standard,Carrier_B,10.34
155.38,Medium,Clear,8.93,2,4,Medium,Standard,Carrier_A,7.7
123.41,Medium,Clear,4.52,0,8,High,Standard,Carrier_A,18.03
82.97,Low,Clear,17.74,2,17,Medium,Standard,Carrier_B,9.5
125.35,Low,Storm,13.94,2,20,Medium,Standard,Carrier_B,20.04
158.63,Medium,Rain,8.48,4,6,Medium,Standard,Carrier_A,15.91
99.96,Medium,Clear,15.84,5,19,Medium,Standard,Carrier_B,16.61
232.47,Medium,Clear,10.61,1,6,High,Express,Carrier_C,19.32
105.7,Medium,Rain,23.7,3,17,Low,Express,Carrier_A,15.55
33.36,Medium,Clear,11.0,1,9,High,Standard,Carrier_B,18.03
80.03,High,Clear,23.58,5,16,Low,Standard,Carrier_C,16.68
128.62,High,Rain,2.95,2,6,Medium,Standard,Carrier_B,20.93
158.73,Medium,Rain,13.44,2,1,High,Standard,Carrier_C,19.7
75.62,High,Clear,7.7,1,18,High,Standard,Carrier_A,20.93
31.13,High,Rain,5.71,3,0,High,Express,Carrier_B,13.7
56.38,Low,Clear,21.18,4,12,High,Express,Carrier_A,9.56
20.12,Medium,Clear,17.78,1,1,Medium,Standard,Carrier_A,7.47
113.17,Low,Clear,2.71,6,13,Medium,Standard,Carrier_B,12.94
48.32,Medium,Clear,15.88,1,2,Medium,Standard,Carrier_B,14.1
37.95,Medium,Clear,14.68,4,3,Low,Standard,Carrier_A,9.84
120.69,Medium,Rain,6.23,1,23,Medium,Standard,Carrier_A,11.87
180.95,High,Rain,5.8,5,21,Low,Standard,Carrier_B,25.25
37.81,Medium,Clear,3.55,2,10,High,Standard,Carrier_C,14.71
75.98,Medium,Rain,8.01,4,8,Medium,Standard,Carrier_B,16.51
58.19,High,Storm,8.89,3,16,Low,Standard,Carrier_A,25.22
163.52,High,Clear,16.74,2,9,Medium,Standard,Carrier_A,22.01
63.33,High,Rain,11.88,1,3,Medium,Standard,Carrier_C,15.11
28.61,Low,Storm,5.01,2,5,High,Standard,Carrier_B,21.02
65.59,Low,Rain,11.65,0,14,Low,Standard,Carrier_B,9.89
141.75,Low,Clear,8.46,2,23,Medium,Express,Carrier_B,13.24
55.63,Medium,Rain,5.43,1,15,Low,Standard,Carrier_A,10.27
41.16,Low,Rain,3.55,3,14,High,Standard,Carrier_A,8.47
61.22,High,Clear,14.97,2,18,High,Standard,Carrier_A,19.59
29.43,Medium,Clear,13.33,1,1,Low,Express,Carrier_B,6.11
58.14,Medium,Clear,14.32,3,14,Low,Standard,Carrier_B,9.44
43.72,Low,Clear,6.21,1,4,Low,Express,Carrier_B,1.0
259.54,Medium,Clear,11.15,2,10,Medium,Express,Carrier_C,20.32
10.12,Medium,Clear,4.08,3,11,Low,Standard,Carrier_A,4.07
33.24,Medium,Rain,5.25,2,17,Medium,Express,Carrier_B,9.47
41.13,Low,Rain,10.2,1,4,Medium,Standard,Carrier_C,5.07
29.61,High,Clear,11.83,2,22,Medium,Standard,Carrier_A,6.16
89.29,Low,Clear,3.46,5,14,Medium,Standard,Carrier_A,13.52
37.25,Low,Clear,5.02,4,8,Medium,Standard,Carrier_C,16.74
18.06,High,Clear,7.87,4,7,Low,Standard,Carrier_A,11.31
71.18,Low,Clear,18.6,1,2,Medium,Standard,Carrier_B,12.0
53.2,Low,Clear,5.88,1,8,Medium,Standard,Carrier_A,9.22
38.73,Medium,Storm,10.93,4,2,Low,Standard,Carrier_A,16.7
160.87,Medium,Clear,11.7,7,18,Low,Standard,Carrier_C,19.22
91.39,Low,Clear,8.48,4,19,Medium,Standard,Carrier_A,16.07
84.42,Low,Rain,11.87,2,12,Low,Standard,Carrier_A,7.27
92.8,Low,Clear,4.16,1,23,Low,Standard,Carrier_A,8.01
89.54,Medium,Clear,6.51,2,2,Medium,Standard,Carrier_A,15.02
55.3,Low,Clear,25.34,1,21,High,Express,Carrier_A,10.51
37.58,High,Rain,26.53,1,8,Medium,Standard,Carrier_B,18.41
72.32,High,Clear,17.25,0,18,Medium,Standard,Carrier_A,15.06
54.53,Low,Rain,20.39,0,21,Low,Standard,Carrier_A,6.66
9.95,Medium,Clear,3.04,1,3,High,Standard,Carrier_A,8.46
27.37,Low,Rain,5.38,2,20,Medium,Standard,Carrier_B,5.95
49.36,Low,Clear,8.15,3,23,High,Standard,Carrier_A,12.82
122.42,Low,Rain,47.95,4,18,Medium,Standard,Carrier_C,21.92
72.55,High,Rain,8.14,6,3,Medium,Standard,Carrier_C,19.56
32.17,Medium,Clear,16.19,1,20,High,Standard,Carrier_A,10.96
25.28,Medium,Rain,12.76,4,6,High,Standard,Carrier_A,16.9
140.05,Medium,Rain,12.57,2,2,Low,Standard,Carrier_B,10.8
57.26,High,Clear,9.82,1,15,Low,Standard,Carrier_A,9.26
5.0,Medium,Rain,4.57,3,2,Medium,Standard,Carrier_C,9.5
60.06,Low,Clear,1.72,2,13,Low,Standard,Carrier_C,1.16
105.28,High,Clear,22.95,2,0,Low,Standard,Carrier_B,15.95
24.57,Medium,Clear,6.68,3,17,Low,Standard,Carrier_A,4.34
68.62,Medium,Clear,2.96,4,3,Medium,Standard,Carrier_A,14.06
73.39,Medium,Clear,13.26,3,16,Medium,Standard,Carrier_A,14.66
25.95,Medium,Clear,13.09,0,19,Low,Express,Carrier_A,4.93
148.47,Low,Clear,16.43,3,2,Medium,Standard,Carrier_B,17.54
74.31,Low,Clear,20.6,1,0,Medium,Standard,Carrier_B,10.32
49.16,Medium,Clear,5.49,2,21,High,Standard,Carrier_B,14.93
57.56,Medium,Clear,5.65,1,11,Low,Standard,Carrier_B,9.61
21.6,High,Storm,8.11,0,12,High,Standard,Carrier_A,17.03
20.76,Medium,Rain,17.01,4,5,High,Standard,Carrier_B,20.64
45.62,High,Clear,2.54,2,11,Medium,Standard,Carrier_C,15.14
47.9,High,Clear,10.84,2,19,Medium,Standard,Carrier_B,17.23
54.72,Medium,Clear,18.28,2,20,Low,Express,Carrier_B,8.06
157.07,Low,Clear,17.8,1,19,Medium,Express,Carrier_A,15.51
101.45,Medium,Clear,15.81,3,6,Low,Express,Carrier_B,14.44
11.88,Medium,Rain,19.9,4,18,Medium,Express,Carrier_C,16.64
137.99,Medium,Clear,1.67,2,10,High,Standard,Carrier_B,16.9
45.34,Low,Clear,28.47,5,9,Low,Standard,Carrier_A,13.68
108.14,Medium,Rain,12.36,2,7,Medium,Standard,Carrier_A,17.43
48.26,Medium,Clear,23.75,2,22,Medium,Standard,Carrier_C,4.68
70.93,Medium,Rain,4.65,1,4,Medium,Standard,Carrier_B,16.08
23.17,High,Storm,3.19,1,21,Medium,Standard,Carrier_A,21.49
82.5,Medium,Clear,31.85,3,21,Medium,Express,Carrier_B,14.59
116.53,Medium,Rain,5.46,2,15,Medium,Standard,Carrier_A,15.33
14.5,Medium,Rain,8.15,3,0,Low,Standard,Carrier_C,9.68
117.74,Medium,Clear,14.05,1,14,Medium,Standard,Carrier_A,14.74
37.45,Low,Clear,16.48,4,2,Medium,Standard,Carrier_A,10.46
190.09,Medium,Rain,20.11,4,8,Low,Express,Carrier_A,23.56
109.5,Medium,Clear,11.53,2,1,Medium,Standard,Carrier_A,15.67
96.97,Medium,Clear,5.03,4,17,Medium,Standard,Carrier_B,15.5
57.81,Low,Clear,15.79,1,11,Medium,Express,Carrier_B,6.99
289.67,High,Clear,15.95,5,22,Medium,Standard,Carrier_B,28.06
45.57,High,Clear,3.07,1,16,Medium,Standard,Carrier_A,14.26
27.94,Medium,Storm,25.08,1,7,Medium,Standard,Carrier_B,13.21
38.55,Medium,Clear,1.98,1,18,Medium,Express,Carrier_C,13.1
130.71,Medium,Clear,19.54,4,6,Medium,Standard,Carrier_B,14.86
69.96,Medium,Rain,6.61,2,6,Medium,Standard,Carrier_B,13.03
62.67,Medium,Clear,15.78,5,6,Medium,Standard,Carrier_A,13.01
46.11,Medium,Rain,13.9,0,17,High,Express,Carrier_C,9.03
60.28,High,Clear,9.74,5,23,Medium,Standard,Carrier_A,14.6
43.62,Medium,Clear,13.37,5,20,Low,Express,Carrier_C,7.76
103.26,Medium,Clear,9.43,1,12,Medium,Standard,Carrier_A,16.52
53.78,Medium,Storm,15.86,1,0,Low,Standard,Carrier_A,14.99
39.14,Medium,Rain,41.28,2,23,Medium,Standard,Carrier_A,11.06
123.55,Medium,Clear,4.17,6,9,High,Standard,Carrier_C,17.82
28.73,High,Clear,1.26,2,14,Medium,Express,Carrier_B,16.59
70.67,Low,Clear,7.61,5,10,Medium,Standard,Carrier_A,11.49
9.87,Low,Rain,7.28,2,7,Low,Standard,Carrier_C,8.2
19.15,Low,Rain,7.8,2,7,Low,Standard,Carrier_B,6.55
49.41,High,Clear,5.46,2,14,Medium,Standard,Carrier_C,13.39
42.99,Medium,Rain,17.59,1,10,High,Standard,Carrier_C,11.68
42.93,Medium,Clear,4.06,3,3,Medium,Standard,Carrier_B,15.31
110.17,Medium,Clear,13.37,2,9,High,Express,Carrier_A,17.4
114.52,Medium,Clear,15.1,5,10,Medium,Standard,Carrier_C,15.27
80.7,High,Clear,12.25,4,15,Low,Standard,Carrier_B,11.75
27.39,High,Clear,13.69,2,10,Medium,Standard,Carrier_A,11.28
59.93,High,Clear,18.49,4,4,Low,Standard,Carrier_B,13.83
207.33,High,Rain,10.33,0,13,Low,Standard,Carrier_A,21.03
271.87,Low,Storm,7.96,2,20,Low,Standard,Carrier_A,19.88
124.34,Low,Clear,13.68,3,9,Medium,Express,Carrier_B,11.69
28.35,Medium,Clear,14.74,0,15,Low,Standard,Carrier_B,5.24
60.32,Medium,Rain,17.78,2,10,High,Standard,Carrier_B,18.34
77.0,Low,Clear,3.28,0,7,High,Standard,Carrier_B,8.59
69.01,Medium,Rain,8.85,4,21,Medium,Standard,Carrier_C,17.92
133.01,Low,Clear,4.99,0,23,Medium,Express,Carrier_A,12.38
106.95,Low,Clear,14.36,2,4,Low,Express,Carrier_A,4.66
27.01,Medium,Rain,16.0,1,14,Medium,Express,Carrier_A,15.24
39.92,High,Clear,8.34,3,22,Low,Standard,Carrier_C,11.16
124.0,Medium,Clear,6.21,1,12,Medium,Express,Carrier_A,10.68
160.43,Medium,Clear,14.7,2,12,Low,Standard,Carrier_A,15.85
77.68,High,Rain,9.15,1,23,Medium,Standard,Carrier_C,16.46
173.33,High,Storm,25.21,0,15,Medium,Standard,Carrier_B,26.82
71.55,Medium,Clear,31.58,2,20,Medium,Standard,Carrier_A,8.27
31.35,High,Clear,19.11,0,2,Medium,Standard,Carrier_C,8.44
100.51,Low,Clear,11.6,2,14,Low,Standard,Carrier_A,10.04
300.0,Medium,Rain,32.68,2,3,Low,Standard,Carrier_B,28.22
21.77,Low,Clear,11.66,1,4,Medium,Standard,Carrier_A,9.69
169.14,Medium,Clear,7.3,5,17,Medium,Standard,Carrier_B,20.6
96.7,Medium,Clear,6.43,5,20,Low,Standard,Carrier_A,13.01
38.0,Low,Clear,6.31,3,21,High,Standard,Carrier_C,8.2
10.15,Medium,Clear,9.93,1,18,Low,Standard,Carrier_B,11.55
6.07,Medium,Clear,13.48,2,12,Low,Standard,Carrier_A,4.8
42.86,Medium,Clear,3.98,4,10,Medium,Express,Carrier_C,6.38
86.18,Low,Clear,7.45,2,4,Low,Standard,Carrier_B,9.55
118.07,Low,Clear,11.45,0,18,Medium,Standard,Carrier_B,8.92
136.48,Medium,Clear,15.16,3,19,Low,Standard,Carrier_B,18.54
80.95,High,Clear,9.81,2,3,Medium,Standard,Carrier_B,14.76
72.34,High,Clear,11.69,6,22,Low,Standard,Carrier_B,24.24
50.69,Medium,Clear,4.46,2,7,Low,Express,Carrier_C,5.74
87.64,Medium,Clear,5.51,1,16,Medium,Express,Carrier_A,10.42
38.48,Medium,Clear,9.59,3,3,Medium,Standard,Carrier_A,12.69
22.86,High,Clear,13.9,1,4,Medium,Standard,Carrier_B,13.95
69.17,Low,Clear,11.59,1,14,Medium,Standard,Carrier_C,10.46
112.13,Medium,Rain,5.74,3,9,High,Standard,Carrier_A,20.54
18.52,Medium,Clear,8.55,6,0,Low,Express,Carrier_A,4.06
42.87,Medium,Clear,26.65,3,22,High,Standard,Carrier_C,19.96
67.32,Low,Rain,14.21,4,21,High,Express,Carrier_C,14.5
66.3,Low,Clear,8.97,0,4,Medium,Standard,Carrier_B,9.14
94.94,Medium,Rain,5.12,2,15,Low,Standard,Carrier_B,16.37
203.58,Medium,Clear,6.27,1,4,High,Standard,Carrier_A,16.51
6.14,Medium,Rain,10.02,0,17,Medium,Standard,Carrier_C,8.54
209.42,Low,Rain,11.93,1,16,Low,Standard,Carrier_B,17.26
197.82,High,Clear,14.41,2,17,High,Standard,Carrier_B,27.61
119.38,Medium,Clear,12.84,2,13,Medium,Standard,Carrier_C,9.04
76.66,High,Rain,7.84,1,0,Medium,Standard,Carrier_C,17.09
39.11,Low,Clear,7.15,3,4,Medium,Standard,Carrier_A,11.34
118.41,High,Clear,37.73,1,23,High,Standard,Carrier_A,22.25
79.48,High,Storm,6.95,0,14,Medium,Standard,Carrier_A,21.03
51.54,High,Rain,4.31,3,8,High,Express,Carrier_C,18.8
116.37,High,Storm,3.44,3,22,Low,Express,Carrier_B,20.34
129.99,Medium,Rain,7.93,1,10,Medium,Standard,Carrier_B,18.3
159.62,Medium,Rain,18.37,6,20,Medium,Standard,Carrier_A,21.1
35.61,Medium,Rain,6.86,4,19,Low,Standard,Carrier_A,8.15
146.43,Medium,Clear,26.06,2,0,Low,Standard,Carrier_A,11.9
52.28,High,Rain,9.93,1,22,Low,Standard,Carrier_C,14.42
76.81,Low,Clear,20.52,1,21,Low,Standard,Carrier_A,3.99
87.69,Medium,Clear,6.1,0,23,Medium,Standard,Carrier_C,6.33
138.71,High,Clear,6.16,7,15,Low,Express,Carrier_A,17.03
108.49,Low,Clear,10.58,4,16,Medium,Standard,Carrier_A,8.78
50.87,Low,Storm,13.65,3,6,High,Express,Carrier_A,18.64
7.26,Medium,Clear,8.88,3,3,Medium,Express,Carrier_A,7.9
94.17,High,Clear,12.06,7,2,High,Express,Carrier_B,23.6
74.55,High,Clear,14.62,2,4,Medium,Standard,Carrier_A,14.78
21.5,Low,Clear,3.96,1,23,High,Standard,Carrier_B,7.12
81.0,Medium,Clear,7.99,1,6,Medium,Standard,Carrier_A,7.2
66.7,Medium,Rain,7.12,1,0,Low,Standard,Carrier_C,11.49
158.6,Medium,Clear,7.35,0,16,Medium,Standard,Carrier_A,18.36
218.57,Medium,Clear,12.99,4,4,Medium,Standard,Carrier_B,18.63
127.86,High,Clear,7.18,1,12,Medium,Express,Carrier_C,10.01
63.87,Medium,Clear,2.71,1,16,Low,Standard,Carrier_C,9.36
71.2,Low,Clear,8.55,0,13,Medium,Standard,Carrier_B,9.15
34.55,Medium,Rain,4.99,2,18,High,Standard,Carrier_B,20.11
40.29,Medium,Rain,13.77,3,0,High,Express,Carrier_B,16.37
61.14,Medium,Rain,16.84,3,6,Medium,Express,Carrier_B,12.69
56.42,Low,Clear,2.43,1,9,Medium,Standard,Carrier_C,11.8
20.33,Low,Clear,6.03,3,17,Low,Standard,Carrier_B,7.7
159.68,High,Rain,12.55,1,13,Medium,Standard,Carrier_B,20.89
174.31,Low,Storm,3.99,4,18,Low,Standard,Carrier_C,25.33
156.35,Medium,Clear,16.59,4,17,High,Standard,Carrier_A,24.88
178.14,High,Rain,19.73,2,19,Medium,Standard,Carrier_B,28.61
259.24,Low,Clear,8.98,3,14,Low,Standard,Carrier_A,17.97
35.11,Low,Clear,6.03,3,18,Low,Express,Carrier_A,6.49
252.21,Medium,Storm,2.22,3,16,Medium,Express,Carrier_B,27.44
50.62,Medium,Storm,16.93,4,0,Medium,Standard,Carrier_A,20.91
104.04,Medium,Storm,36.66,0,6,Medium,Standard,Carrier_A,17.03
15.75,Medium,Clear,32.05,1,21,Medium,Standard,Carrier_C,1.2
45.62,Low,Clear,8.79,6,2,Medium,Standard,Carrier_A,9.43
130.29,Low,Rain,4.9,3,13,Low,Standard,Carrier_B,12.61
107.47,Low,Rain,17.19,1,18,Low,Standard,Carrier_A,5.89
49.86,Medium,Clear,9.18,2,10,Low,Standard,Carrier_C,5.7
71.17,Medium,Clear,13.61,4,4,Medium,Express,Carrier_A,12.65
41.81,High,Clear,12.14,0,0,Medium,Standard,Carrier_C,11.28
130.05,Low,Clear,10.6,3,15,Low,Standard,Carrier_A,12.55
166.62,Medium,Rain,19.46,2,14,Medium,Standard,Carrier_A,22.81
35.24,Medium,Clear,19.94,3,16,Low,Standard,Carrier_A,8.73
65.97,Medium,Clear,7.1,1,3,Low,Standard,Carrier_A,4.9
19.53,Medium,Clear,5.47,2,11,Low,Express,Carrier_C,4.96
79.27,Low,Clear,1.97,3,13,Medium,Standard,Carrier_B,12.35
96.67,Medium,Clear,7.96,3,20,Low,Express,Carrier_A,5.76
83.94,Medium,Clear,4.9,4,4,High,Standard,Carrier_B,16.51
91.49,High,Rain,13.1,3,16,Low,Standard,Carrier_B,21.53
60.85,Low,Clear,8.02,2,16,Medium,Express,Carrier_B,10.66
61.95,Medium,Clear,8.6,3,14,High,Standard,Carrier_B,17.16
59.81,Medium,Clear,16.91,1,2,Low,Standard,Carrier_B,7.26
44.51,Medium,Clear,12.91,0,2,Medium,Standard,Carrier_C,3.31
49.05,Low,Clear,9.25,1,14,Medium,Express,Carrier_B,3.76
93.66,Medium,Rain,29.85,1,14,Low,Standard,Carrier_A,14.96
159.79,Medium,Clear,16.12,0,15,Low,Standard,Carrier_A,15.58
30.07,Medium,Clear,7.61,2,18,Medium,Express,Carrier_C,7.62
61.78,Medium,Clear,7.84,2,9,Low,Standard,Carrier_A,15.07
24.62,Low,Clear,16.65,2,7,Low,Standard,Carrier_A,6.7
45.17,Low,Clear,11.38,3,22,Medium,Standard,Carrier_B,8.2
51.37,High,Clear,4.81,2,16,Low,Standard,Carrier_A,9.26
75.33,Medium,Clear,17.84,2,12,High,Standard,Carrier_A,13.85
73.83,Medium,Clear,22.58,1,13,High,Standard,Carrier_C,15.59
65.53,Medium,Rain,21.5,3,18,High,Standard,Carrier_A,22.59
88.44,Medium,Clear,27.19,2,7,Low,Express,Carrier_B,14.85
32.67,Medium,Rain,38.28,4,10,High,Standard,Carrier_A,17.48
75.78,Medium,Clear,30.71,0,1,Medium,Standard,Carrier_B,15.69
109.55,Medium,Clear,12.45,1,19,Medium,Standard,Carrier_B,12.99
32.32,Low,Rain,8.71,4,12,Medium,Standard,Carrier_A,14.25
12.69,High,Clear,3.04,0,21,Medium,Standard,Carrier_C,9.14
129.36,High,Rain,10.04,5,7,Medium,Standard,Carrier_B,25.83
25.36,Medium,Storm,13.98,4,9,Medium,Standard,Carrier_C,14.46
43.4,High,Rain,10.26,2,1,Medium,Standard,Carrier_A,15.83
107.45,High,Clear,2.92,3,23,Low,Standard,Carrier_B,19.24
30.9,Medium,Rain,8.28,1,8,Low,Standard,Carrier_C,4.24
123.52,Medium,Clear,15.17,2,3,Medium,Standard,Carrier_B,17.29
38.41,Medium,Rain,5.12,2,14,Medium,Standard,Carrier_C,4.41
34.55,Low,Clear,11.11,2,20,Medium,Standard,Carrier_A,3.13
24.73,Low,Rain,13.2,0,2,Medium,Standard,Carrier_B,8.53
38.7,Medium,Rain,20.63,3,12,Medium,Standard,Carrier_B,18.18
97.89,High,Clear,30.36,5,11,Low,Standard,Carrier_A,15.92
43.41,Medium,Storm,7.8,2,3,Medium,Standard,Carrier_B,18.84
129.7,High,Rain,11.24,3,6,Low,Standard,Carrier_A,16.14
67.49,Medium,Rain,11.47,5,15,High,Standard,Carrier_C,17.02
71.84,Medium,Clear,15.21,4,23,Medium,Standard,Carrier_B,13.57
33.66,Low,Clear,14.14,2,3,High,Standard,Carrier_C,13.77
142.4,Medium,Rain,25.19,2,15,Low,Standard,Carrier_B,14.99
110.15,Low,Clear,2.19,1,21,Medium,Standard,Carrier_C,7.8
108.08,Low,Rain,13.09,1,18,Medium,Standard,Carrier_A,18.15
58.28,Low,Rain,13.69,2,19,Low,Standard,Carrier_B,11.96
21.96,Low,Clear,8.56,2,21,Medium,Standard,Carrier_A,6.68
74.61,Low,Rain,2.29,0,15,Low,Standard,Carrier_B,10.86
95.08,Medium,Clear,9.59,2,0,Low,Express,Carrier_A,6.72
95.73,Medium,Rain,6.28,2,5,Medium,Standard,Carrier_B,10.13
87.13,Low,Rain,29.69,2,9,Medium,Standard,Carrier_A,18.04
84.65,High,Clear,12.73,1,23,Medium,Standard,Carrier_C,13.56
38.26,Medium,Clear,5.95,0,5,Medium,Standard,Carrier_C,3.24
39.82,High,Clear,2.63,2,20,Low,Standard,Carrier_B,13.72
24.95,Medium,Clear,14.64,2,15,Medium,Standard,Carrier_A,14.06
130.69,Low,Rain,15.68,2,17,Medium,Standard,Carrier_B,21.71
212.3,High,Clear,8.67,3,2,Medium,Standard,Carrier_B,29.41
300.0,High,Clear,14.77,2,8,Medium,Express,Carrier_B,24.53
78.31,Medium,Clear,7.95,3,11,Low,Standard,Carrier_B,12.2
84.8,Medium,Rain,19.96,3,11,Medium,Standard,Carrier_C,15.37
60.04,Medium,Rain,19.02,5,21,Low,Standard,Carrier_A,13.17
77.45,Medium,Clear,3.44,2,8,Low,Standard,Carrier_B,11.9
30.79,High,Clear,4.03,3,20,Medium,Standard,Carrier_C,3.33
59.13,Medium,Clear,37.35,2,20,Medium,Standard,Carrier_A,15.46
34.79,Low,Clear,18.28,3,15,Low,Standard,Carrier_C,1.07
53.53,Low,Clear,4.39,3,7,Low,Standard,Carrier_B,13.0
37.31,Low,Rain,3.59,2,2,Medium,Standard,Carrier_A,9.65
95.12,Low,Clear,11.42,2,5,Medium,Standard,Carrier_C,9.65
103.32,Medium,Clear,4.75,2,14,Medium,Standard,Carrier_A,11.99
83.0,High,Clear,8.12,1,5,Medium,Standard,Carrier_A,14.32
39.96,Low,Rain,9.67,3,21,Low,Standard,Carrier_A,10.72
23.39,Medium,Clear,9.4,2,9,Medium,Standard,Carrier_C,12.42
104.1,Low,Clear,20.74,3,6,High,Express,Carrier_A,12.3
67.23,Medium,Rain,32.87,5,14,High,Standard,Carrier_A,15.26
12.12,Medium,Clear,7.31,3,3,Low,Express,Carrier_A,1.18
74.17,Medium,Rain,4.78,2,19,High,Standard,Carrier_B,22.57
85.24,High,Rain,12.84,2,13,Low,Express,Carrier_A,12.76
16.69,High,Rain,28.8,0,22,Low,Standard,Carrier_A,7.67
96.24,High,Clear,7.67,1,20,Medium,Standard,Carrier_B,13.6
19.32,High,Clear,17.34,3,1,Low,Standard,Carrier_B,11.16
36.49,Medium,Rain,5.79,6,21,Low,Standard,Carrier_B,10.32
19.45,Medium,Clear,10.11,1,1,Low,Standard,Carrier_B,6.71
33.39,Medium,Clear,4.69,3,19,Medium,Standard,Carrier_B,16.38
23.58,High,Clear,10.04,4,8,Medium,Standard,Carrier_C,13.95
130.15,Low,Clear,9.25,5,8,Medium,Standard,Carrier_B,13.03
55.95,Low,Clear,14.81,1,19,Medium,Standard,Carrier_B,13.42
47.3,Low,Storm,31.68,5,6,Low,Standard,Carrier_A,18.83
138.26,Medium,Rain,7.75,3,21,Medium,Standard,Carrier_C,20.35
133.66,Medium,Clear,2.72,3,0,Medium,Standard,Carrier_C,14.42
50.27,Low,Storm,8.75,4,4,Low,Standard,Carrier_B,22.45
81.89,Medium,Rain,12.12,1,8,High,Standard,Carrier_A,20.33
42.46,Medium,Clear,11.37,1,6,Medium,Standard,Carrier_A,16.96
62.44,High,Rain,9.0,4,20,Medium,Standard,Carrier_C,20.48
27.55,Low,Clear,26.23,6,21,Medium,Standard,Carrier_A,13.34
90.27,Low,Clear,10.9,2,10,Medium,Express,Carrier_B,7.62
141.82,Medium,Clear,9.32,2,13,Medium,Standard,Carrier_A,12.11
125.9,Medium,Clear,6.02,3,8,Medium,Express,Carrier_A,15.11
69.5,High,Clear,3.2,2,9,Low,Standard,Carrier_A,13.64
10.87,Medium,Clear,12.35,2,8,Low,Express,Carrier_B,5.82
40.92,High,Clear,11.7,3,5,Low,Standard,Carrier_A,10.95
62.38,Medium,Clear,5.01,0,16,High,Standard,Carrier_A,13.27
20.85,Medium,Clear,9.69,1,2,Medium,Standard,Carrier_B,6.78
17.58,High,Rain,9.08,1,6,Low,Standard,Carrier_B,14.02
167.4,Low,Rain,6.65,2,2,Low,Standard,Carrier_B,14.22
116.37,High,Clear,5.96,3,10,Medium,Standard,Carrier_C,16.24
95.06,Low,Rain,12.98,3,16,High,Standard,Carrier_A,15.31
107.58,Medium,Clear,8.61,0,12,Medium,Standard,Carrier_B,12.85
24.29,Low,Clear,6.79,4,17,Low,Express,Carrier_A,7.02
32.45,Medium,Clear,5.7,2,13,High,Standard,Carrier_A,8.8
78.48,High,Clear,9.17,2,8,High,Standard,Carrier_C,18.78
82.81,Low,Clear,18.19,1,21,Medium,Standard,Carrier_A,8.86
19.71,Low,Rain,11.41,3,14,Medium,Standard,Carrier_B,9.45
74.63,Medium,Rain,8.55,5,0,Medium,Standard,Carrier_A,14.54
63.22,Low,Storm,12.19,2,3,Medium,Standard,Carrier_A,16.95
123.28,Medium,Storm,24.21,1,16,High,Standard,Carrier_B,26.55
83.09,High,Clear,13.72,3,0,Medium,Express,Carrier_B,17.25
179.72,Low,Clear,11.81,2,4,Medium,Express,Carrier_B,11.4
50.49,Medium,Clear,15.11,5,2,Low,Express,Carrier_A,7.87
25.79,Medium,Clear,9.0,3,19,Medium,Standard,Carrier_A,9.61
176.7,Low,Rain,11.24,2,2,Low,Standard,Carrier_B,17.09
86.11,Low,Clear,7.26,1,4,Medium,Standard,Carrier_A,9.87
63.49,Medium,Clear,3.64,3,23,High,Standard,Carrier_A,10.6
33.49,Medium,Clear,12.46,2,2,Low,Standard,Carrier_C,8.13
50.94,High,Rain,12.5,0,5,Medium,Express,Carrier_A,17.88
48.91,Medium,Clear,8.27,0,19,Medium,Express,Carrier_B,10.02
24.78,Medium,Rain,19.56,3,3,Low,Standard,Carrier_C,6.93
7.46,High,Clear,6.24,0,5,Medium,Express,Carrier_C,5.31
48.02,High,Clear,3.15,5,19,Medium,Standard,Carrier_A,16.04
109.41,High,Clear,6.34,0,0,Low,Standard,Carrier_C,10.16
149.67,Low,Rain,3.66,3,8,Medium,Standard,Carrier_B,21.97
126.44,High,Rain,12.43,1,6,Medium,Standard,Carrier_B,14.82
131.27,High,Clear,6.12,4,4,Medium,Standard,Carrier_A,19.39
27.46,High,Clear,18.92,1,9,Low,Standard,Carrier_C,14.31
79.51,Medium,Clear,18.66,1,5,Low,Standard,Carrier_B,13.69
95.56,High,Clear,5.47,4,18,Low,Standard,Carrier_A,20.02
99.72,Medium,Clear,5.9,1,3,Medium,Standard,Carrier_A,9.79
62.46,Medium,Clear,14.12,1,9,Low,Standard,Carrier_A,14.32
72.85,Medium,Rain,18.86,4,1,Medium,Standard,Carrier_A,16.17
124.0,Medium,Rain,2.7,0,2,Medium,Express,Carrier_A,16.65
93.24,High,Rain,11.98,3,16,High,Express,Carrier_A,24.42
105.11,Low,Rain,2.39,0,10,High,Express,Carrier_B,14.7
46.32,Medium,Storm,6.98,2,10,Medium,Standard,Carrier_B,16.99
101.45,Medium,Storm,20.31,2,6,Low,Standard,Carrier_A,24.66
72.17,Medium,Clear,70.55,3,3,Low,Express,Carrier_A,4.11
115.91,Medium,Clear,8.54,2,21,Medium,Express,Carrier_A,10.84
38.25,High,Clear,4.43,2,19,Medium,Standard,Carrier_A,10.25
109.77,High,Rain,7.14,0,11,Low,Express,Carrier_B,14.79
51.47,Medium,Clear,10.41,1,0,Medium,Standard,Carrier_A,10.07
110.1,Low,Clear,6.45,3,21,Low,Standard,Carrier_A,8.42
79.87,Medium,Clear,5.47,1,10,Medium,Standard,Carrier_A,8.95
68.45,High,Clear,7.56,0,4,Medium,Standard,Carrier_B,9.7
53.62,Medium,Clear,12.9,1,3,Low,Standard,Carrier_C,8.1
63.69,High,Rain,8.93,1,23,Medium,Standard,Carrier_C,13.21
48.11,High,Clear,5.62,4,0,Medium,Standard,Carrier_A,15.23
52.78,Medium,Rain,6.45,3,8,Medium,Standard,Carrier_B,15.0
91.56,Medium,Clear,7.62,1,13,Medium,Standard,Carrier_B,13.11
14.31,Medium,Rain,5.21,3,7,Low,Standard,Carrier_A,13.5
109.11,Medium,Clear,6.3,2,3,Medium,Standard,Carrier_C,13.55
110.32,Low,Clear,15.16,4,15,Medium,Standard,Carrier_A,13.43
54.84,Low,Storm,8.59,1,1,Medium,Standard,Carrier_A,14.13
74.2,Low,Storm,3.19,1,23,Medium,Standard,Carrier_C,16.02
30.56,Medium,Rain,19.42,3,11,Medium,Standard,Carrier_A,10.39
87.56,Low,Rain,13.08,2,17,Medium,Express,Carrier_B,13.4
33.88,Medium,Clear,4.06,1,20,Medium,Express,Carrier_C,6.26
5.0,Medium,Clear,7.87,4,18,Medium,Standard,Carrier_A,15.22
145.99,Medium,Clear,5.96,6,11,Low,Standard,Carrier_C,13.82
27.7,High,Rain,15.49,4,1,High,Express,Carrier_A,13.92
62.69,Medium,Rain,7.83,3,1,Low,Standard,Carrier_B,13.94
76.19,Low,Storm,9.51,3,8,Low,Standard,Carrier_A,20.99
91.42,High,Rain,8.82,6,7,High,Express,Carrier_B,26.96
66.78,High,Clear,3.81,4,21,Medium,Express,Carrier_A,13.1
80.93,Medium,Clear,24.87,5,10,Medium,Express,Carrier_B,16.58
53.88,High,Clear,15.34,3,23,Medium,Standard,Carrier_B,9.92
17.09,Low,Clear,6.14,2,6,Low,Standard,Carrier_A,7.18
64.94,High,Rain,11.3,5,23,Medium,Standard,Carrier_C,16.75
100.02,Low,Clear,18.79,3,8,Medium,Standard,Carrier_C,14.85
29.2,Medium,Rain,10.34,3,23,Low,Standard,Carrier_B,14.16
76.74,Low,Rain,27.44,0,12,Medium,Standard,Carrier_B,12.46
202.61,High,Clear,66.46,2,0,Low,Express,Carrier_A,18.64
61.88,Low,Rain,9.19,3,22,Medium,Standard,Carrier_A,10.72
64.22,Low,Clear,6.83,1,4,Medium,Standard,Carrier_A,12.64
15.72,Low,Rain,5.24,3,19,High,Express,Carrier_A,13.17
26.27,Medium,Clear,2.37,0,19,High,Standard,Carrier_A,12.41
34.19,Low,Clear,22.45,3,4,High,Standard,Carrier_A,15.06
97.41,Medium,Clear,7.93,1,13,High,Express,Carrier_B,12.14
30.94,Medium,Clear,17.62,1,18,High,Standard,Carrier_A,12.37
10.67,High,Rain,20.08,2,22,Medium,Standard,Carrier_A,15.87
86.33,Low,Storm,4.94,3,9,Low,Standard,Carrier_B,24.26
36.82,High,Rain,5.45,3,9,Medium,Express,Carrier_A,15.5
16.35,Medium,Clear,31.0,2,19,Medium,Standard,Carrier_B,12.74
105.48,Low,Storm,9.53,2,11,High,Standard,Carrier_C,15.63
49.32,Low,Clear,6.49,1,14,Medium,Express,Carrier_A,8.67
91.88,Low,Clear,5.06,4,2,Low,Standard,Carrier_A,6.91
15.79,Medium,Rain,9.1,0,16,Low,Express,Carrier_B,7.02
6.54,Low,Rain,26.58,2,8,Low,Express,Carrier_B,8.57
71.72,High,Storm,15.57,2,8,Medium,Standard,Carrier_B,22.61
25.44,Medium,Rain,11.23,5,21,Medium,Standard,Carrier_B,8.92
70.99,Low,Clear,28.01,1,17,Low,Express,Carrier_B,4.9
72.09,Medium,Clear,24.71,2,13,Low,Standard,Carrier_A,9.79
65.72,Low,Clear,12.39,2,13,Low,Standard,Carrier_A,11.33
130.59,Low,Clear,60.61,4,20,High,Standard,Carrier_B,22.74
300.0,Medium,Clear,8.49,2,14,Medium,Standard,Carrier_A,24.52
85.29,Low,Clear,20.36,4,5,Low,Standard,Carrier_B,11.5
202.48,Low,Clear,7.73,3,13,Medium,Standard,Carrier_C,18.56
50.35,High,Clear,17.94,4,15,Low,Standard,Carrier_B,17.6
21.27,Medium,Rain,8.49,1,1,Medium,Standard,Carrier_A,10.2
38.87,High,Clear,13.46,1,3,High,Standard,Carrier_B,15.85
52.67,Low,Clear,47.16,2,11,Low,Standard,Carrier_C,6.92
213.36,High,Rain,18.52,1,13,High,Express,Carrier_A,27.24
68.44,Medium,Rain,13.6,0,1,Medium,Express,Carrier_B,7.18
133.78,Low,Clear,6.03,3,10,Low,Standard,Carrier_A,11.56
47.19,High,Clear,11.27,5,4,Low,Standard,Carrier_C,13.57
42.82,Low,Storm,5.18,4,16,Low,Express,Carrier_A,9.15
15.14,Medium,Rain,17.75,1,11,Low,Express,Carrier_B,9.77
209.03,High,Clear,17.47,3,2,Low,Express,Carrier_B,22.87
163.13,Medium,Clear,8.87,0,9,High,Standard,Carrier_A,13.98
77.3,Medium,Clear,29.41,3,22,Low,Standard,Carrier_C,8.77
55.04,Medium,Clear,26.84,3,1,High,Standard,Carrier_C,12.1
70.32,Low,Clear,10.99,1,9,Medium,Standard,Carrier_A,8.03
20.47,High,Storm,14.41,2,3,Medium,Standard,Carrier_A,16.08
91.76,Low,Clear,6.8,2,21,Medium,Standard,Carrier_B,9.91
154.54,Low,Clear,8.36,1,11,High,Express,Carrier_A,15.41
159.57,Low,Rain,4.95,4,15,High,Standard,Carrier_A,24.16
15.8,High,Clear,7.31,1,23,Low,Standard,Carrier_A,9.9
132.97,High,Clear,9.32,1,1,Medium,Standard,Carrier_A,13.97
20.6,Medium,Clear,3.39,1,11,Low,Standard,Carrier_B,8.96
7.16,High,Clear,14.51,6,1,Low,Standard,Carrier_A,13.45
136.26,Low,Clear,19.38,7,18,Low,Standard,Carrier_A,8.88
44.26,High,Storm,9.92,0,14,Medium,Standard,Carrier_C,20.68
123.91,Low,Clear,1.73,1,10,Low,Standard,Carrier_A,9.77
116.7,Medium,Rain,8.46,0,6,High,Standard,Carrier_A,17.65
107.02,Low,Clear,4.03,1,4,Medium,Standard,Carrier_B,6.53
69.71,High,Rain,6.71,1,21,Medium,Standard,Carrier_C,19.32
22.82,High,Clear,25.63,4,0,Medium,Standard,Carrier_C,13.26
52.75,Medium,Rain,2.05,3,3,Medium,Express,Carrier_A,13.16
161.29,Low,Clear,5.87,6,9,Low,Standard,Carrier_B,14.97
126.03,Low,Clear,17.1,0,9,Medium,Standard,Carrier_B,15.57
54.88,Medium,Clear,6.32,1,22,Low,Standard,Carrier_B,10.17
54.37,Medium,Clear,6.01,0,7,Low,Standard,Carrier_A,8.46
100.7,Low,Rain,37.38,2,7,Medium,Standard,Carrier_A,12.29
73.37,Medium,Clear,12.76,3,5,Low,Standard,Carrier_C,9.24
57.04,Medium,Clear,18.31,3,8,Medium,Express,Carrier_B,9.74
95.07,High,Rain,13.76,3,6,Medium,Standard,Carrier_A,16.57
92.92,Medium,Clear,11.08,1,16,Medium,Express,Carrier_B,16.01
39.75,Medium,Clear,22.68,4,19,Low,Standard,Carrier_A,11.64
83.92,Medium,Rain,34.41,1,17,Low,Express,Carrier_C,11.36
89.09,Low,Rain,3.34,1,19,Low,Standard,Carrier_A,8.92
65.94,Medium,Clear,9.75,3,14,Medium,Standard,Carrier_A,11.22
36.36,High,Clear,9.7,2,16,Medium,Standard,Carrier_B,14.95
51.51,Low,Clear,7.55,2,8,Medium,Standard,Carrier_A,7.42
30.46,Medium,Clear,18.87,3,23,Low,Standard,Carrier_A,10.9
85.51,High,Rain,11.79,3,22,High,Standard,Carrier_A,23.67
15.89,Medium,Storm,34.87,2,1,Low,Standard,Carrier_B,12.63
172.03,Medium,Clear,20.39,3,8,Medium,Standard,Carrier_C,19.99
149.88,Medium,Clear,24.22,5,16,High,Standard,Carrier_B,18.74
90.56,Medium,Rain,4.57,4,7,High,Standard,Carrier_B,22.95
121.2,Low,Clear,5.91,1,12,Medium,Express,Carrier_C,10.51
115.91,High,Rain,6.23,3,20,Low,Standard,Carrier_C,13.99
74.17,High,Clear,23.57,1,21,Medium,Standard,Carrier_A,13.6
58.24,Low,Clear,5.32,1,22,Medium,Express,Carrier_A,5.91
53.4,Low,Rain,5.42,5,15,Low,Standard,Carrier_B,20.37
176.1,Medium,Storm,4.81,2,22,Low,Standard,Carrier_C,28.4
35.29,Medium,Clear,59.71,1,15,Medium,Express,Carrier_C,7.27
35.87,Medium,Rain,9.09,2,12,Medium,Standard,Carrier_A,9.58
128.29,Medium,Clear,14.08,2,4,Medium,Standard,Carrier_C,14.09
120.43,Medium,Clear,4.75,1,20,Low,Standard,Carrier_A,14.21
55.73,Medium,Clear,18.61,0,6,High,Standard,Carrier_B,8.01
97.25,Low,Clear,3.15,3,4,High,Express,Carrier_C,5.4
106.01,Low,Rain,5.28,0,18,Medium,Standard,Carrier_A,10.92
21.8,Medium,Clear,6.2,3,21,Low,Express,Carrier_B,8.49
156.14,High,Clear,11.5,0,23,Low,Standard,Carrier_A,17.69
105.99,Medium,Clear,5.96,1,18,Medium,Standard,Carrier_C,14.73
91.71,Medium,Rain,26.86,3,23,Medium,Standard,Carrier_A,18.69
106.54,High,Rain,13.83,2,9,Medium,Standard,Carrier_B,21.3
84.29,Medium,Clear,6.37,0,2,Low,Express,Carrier_A,5.59
63.2,Medium,Clear,19.08,0,5,High,Standard,Carrier_A,13.0
74.64,Low,Storm,7.72,0,3,Medium,Standard,Carrier_A,19.54
19.97,Medium,Clear,6.8,1,18,High,Standard,Carrier_A,13.42
221.06,Medium,Rain,17.85,2,10,Medium,Standard,Carrier_A,21.51
62.43,High,Clear,2.03,1,10,Medium,Standard,Carrier_A,13.65
218.67,Medium,Rain,16.08,2,22,Low,Standard,Carrier_C,23.2
75.54,Medium,Clear,6.27,0,23,Low,Express,Carrier_A,4.86
42.51,Low,Clear,6.27,2,3,High,Standard,Carrier_B,10.2
153.26,High,Clear,35.62,3,20,Medium,Standard,Carrier_B,19.49
89.19,Low,Clear,7.06,1,15,Medium,Standard,Carrier_C,10.87
271.72,Medium,Clear,18.57,5,18,Medium,Standard,Carrier_A,24.35
41.65,Medium,Storm,11.96,6,22,Low,Standard,Carrier_A,19.4
157.41,Low,Clear,12.79,4,8,Medium,Express,Carrier_A,11.47
162.81,Medium,Clear,8.48,4,19,Low,Standard,Carrier_A,17.18
111.96,Low,Clear,8.19,2,17,Medium,Standard,Carrier_B,14.54
163.68,Medium,Clear,26.93,1,15,Medium,Standard,Carrier_B,21.74
63.49,High,Clear,18.26,3,18,Medium,Standard,Carrier_B,20.49
35.14,Medium,Clear,7.21,0,18,Medium,Express,Carrier_C,5.87
45.58,High,Rain,5.05,1,9,High,Standard,Carrier_C,17.0
71.89,Low,Rain,6.82,0,22,Medium,Standard,Carrier_A,8.19
115.81,Medium,Clear,18.88,6,2,High,Standard,Carrier_B,17.37
37.21,High,Rain,21.46,6,4,Medium,Express,Carrier_A,20.26
53.44,High,Clear,14.31,2,17,Low,Standard,Carrier_C,10.68
39.68,Medium,Clear,3.49,0,11,High,Express,Carrier_B,14.36
129.66,Medium,Storm,16.28,0,7,Low,Standard,Carrier_B,21.7
217.58,High,Rain,23.27,6,12,High,Standard,Carrier_B,31.45
30.3,High,Clear,11.17,2,3,Low,Standard,Carrier_B,11.44
100.38,Medium,Clear,36.12,2,0,High,Standard,Carrier_B,20.36
140.41,Low,Clear,4.23,0,1,Medium,Standard,Carrier_C,8.21
59.44,Low,Clear,15.57,1,21,Medium,Standard,Carrier_A,9.22
21.01,Medium,Rain,5.14,4,7,Medium,Standard,Carrier_B,15.34
152.34,Medium,Clear,19.85,1,21,Low,Standard,Carrier_A,14.22
19.79,Low,Rain,14.86,3,12,Medium,Standard,Carrier_A,9.03
181.65,Low,Rain,32.17,3,7,Low,Standard,Carrier_A,18.31
39.01,Medium,Clear,13.8,2,0,High,Standard,Carrier_A,13.46
17.09,Medium,Rain,7.67,2,2,Medium,Standard,Carrier_A,6.51
48.28,Medium,Rain,7.25,2,13,Low,Standard,Carrier_A,14.29
67.83,Medium,Clear,8.48,4,14,Low,Standard,Carrier_B,11.99
78.39,Low,Clear,7.16,3,21,High,Standard,Carrier_B,12.65
106.11,High,Rain,23.94,1,4,High,Express,Carrier_A,19.65
83.42,Medium,Storm,22.85,3,14,High,Express,Carrier_B,19.61
206.4,Low,Clear,3.77,3,2,Low,Standard,Carrier_C,14.99
65.54,Medium,Rain,10.23,4,12,Medium,Standard,Carrier_A,14.83
86.53,Medium,Rain,10.39,2,4,Medium,Standard,Carrier_A,17.77
81.57,Medium,Storm,6.0,1,5,Medium,Standard,Carrier_C,17.73
15.13,Medium,Clear,13.26,1,9,High,Standard,Carrier_A,8.99
25.57,Medium,Clear,25.78,0,10,Low,Standard,Carrier_C,6.4
72.1,Medium,Rain,17.81,1,2,Medium,Express,Carrier_C,12.15
93.89,Low,Clear,23.94,4,14,Low,Standard,Carrier_A,5.88
9.64,Medium,Clear,6.25,2,9,Medium,Standard,Carrier_B,7.52
212.44,Low,Clear,10.21,3,20,Low,Standard,Carrier_C,20.85
99.11,Medium,Clear,6.06,2,14,Low,Standard,Carrier_A,9.73
69.22,Medium,Rain,11.65,1,21,Low,Standard,Carrier_A,10.0
96.03,Medium,Clear,12.36,4,0,Low,Standard,Carrier_A,12.01
46.16,Low,Rain,18.61,5,10,Medium,Standard,Carrier_B,12.03
78.99,Medium,Clear,23.42,5,20,Medium,Express,Carrier_B,8.05
87.98,Medium,Rain,15.61,0,4,High,Standard,Carrier_C,11.88
153.5,Medium,Clear,5.7,4,5,Medium,Express,Carrier_A,13.06
61.32,Medium,Clear,4.14,1,16,Medium,Standard,Carrier_B,11.49
20.31,Low,Storm,13.99,1,0,High,Standard,Carrier_B,14.46
34.38,Medium,Rain,26.45,2,22,Medium,Express,Carrier_A,5.49
57.73,Medium,Clear,9.81,3,22,Medium,Standard,Carrier_C,8.65
22.48,Medium,Clear,3.7,3,22,High,Standard,Carrier_A,14.78
31.3,Low,Clear,38.67,1,18,Medium,Standard,Carrier_A,6.99
34.64,High,Storm,13.71,0,23,Low,Standard,Carrier_A,15.24
54.85,High,Clear,11.15,1,23,Low,Standard,Carrier_B,15.81
98.24,High,Storm,4.67,4,6,Low,Standard,Carrier_B,21.36
52.91,Low,Clear,10.08,1,3,Medium,Standard,Carrier_C,15.2
102.78,Medium,Rain,15.59,3,20,Medium,Express,Carrier_B,17.68
69.26,Low,Clear,13.83,4,10,Low,Express,Carrier_C,6.37
32.21,High,Clear,6.41,1,1,Medium,Express,Carrier_B,9.44
89.0,Medium,Storm,9.61,3,10,Medium,Express,Carrier_C,20.68
79.7,Low,Clear,6.68,4,0,Medium,Express,Carrier_C,6.36
104.61,Medium,Storm,29.42,3,13,Low,Standard,Carrier_B,19.12
119.31,High,Clear,17.84,2,16,Low,Standard,Carrier_A,21.68
156.63,High,Clear,7.09,1,1,Medium,Standard,Carrier_C,16.04
100.48,Medium,Rain,4.67,2,2,Low,Express,Carrier_B,11.1
77.87,Medium,Rain,11.95,1,21,Medium,Standard,Carrier_B,12.39
104.94,High,Clear,7.24,1,9,Medium,Standard,Carrier_B,12.94
49.0,High,Clear,7.6,1,1,Medium,Standard,Carrier_A,14.72
46.23,High,Clear,4.77,3,0,High,Express,Carrier_A,13.86
170.51,Medium,Rain,5.17,1,9,Low,Standard,Carrier_A,21.52
45.18,Medium,Clear,11.09,1,2,Low,Standard,Carrier_B,7.76
35.39,High,Clear,8.39,3,3,High,Standard,Carrier_C,13.57
100.44,Low,Clear,50.54,3,5,Medium,Standard,Carrier_B,11.53
49.32,Medium,Rain,14.68,3,16,Low,Standard,Carrier_B,16.64
118.51,Low,Storm,4.72,3,13,Medium,Standard,Carrier_A,17.1
149.25,Medium,Rain,3.68,1,18,Medium,Standard,Carrier_B,21.3
39.54,High,Clear,12.92,2,7,Medium,Standard,Carrier_A,14.51
108.68,Low,Clear,7.71,5,1,Medium,Standard,Carrier_B,11.65
44.34,Medium,Clear,23.7,1,13,Low,Standard,Carrier_B,7.16
58.65,Low,Rain,11.98,2,23,Medium,Standard,Carrier_A,10.97
86.22,High,Clear,2.75,4,15,Low,Standard,Carrier_B,14.72
46.31,High,Clear,5.14,5,5,Medium,Express,Carrier_A,18.0
80.92,Medium,Clear,6.43,2,0,Medium,Express,Carrier_C,9.32
62.27,Medium,Storm,13.29,2,1,High,Standard,Carrier_A,19.72
120.28,Low,Clear,5.03,5,20,Medium,Standard,Carrier_C,12.24
120.48,High,Clear,11.02,1,6,High,Standard,Carrier_B,19.23
46.49,Medium,Rain,4.18,1,1,Low,Standard,Carrier_C,7.08
87.57,Low,Storm,10.01,1,8,Medium,Standard,Carrier_B,17.34
132.58,High,Clear,12.69,4,20,Medium,Standard,Carrier_B,21.7
30.87,Low,Rain,25.79,4,10,Low,Express,Carrier_B,12.97
61.99,Medium,Clear,11.7,6,23,High,Standard,Carrier_B,16.16
84.96,Low,Clear,5.87,2,12,Medium,Standard,Carrier_A,10.98
29.75,Medium,Clear,26.32,3,21,High,Standard,Carrier_C,9.9
50.81,Low,Rain,8.85,3,4,Low,Standard,Carrier_B,10.99
192.89,Low,Rain,16.49,4,13,Medium,Standard,Carrier_B,17.44
45.08,Medium,Clear,6.7,1,11,Low,Standard,Carrier_A,4.56
49.0,High,Clear,10.58,2,18,High,Standard,Carrier_A,15.2
99.7,Low,Rain,5.92,1,3,Low,Standard,Carrier_A,10.23
26.74,Medium,Clear,12.3,3,4,Medium,Express,Carrier_A,3.97
62.98,Medium,Rain,16.82,4,5,Medium,Standard,Carrier_B,9.49
35.67,High,Rain,7.23,2,22,High,Standard,Carrier_A,13.36
80.82,Low,Clear,6.97,2,21,High,Express,Carrier_B,11.08
5.0,Medium,Clear,12.58,2,0,High,Standard,Carrier_A,7.88
73.24,High,Clear,5.83,2,10,Low,Standard,Carrier_A,10.61
86.58,Medium,Clear,3.72,1,13,High,Express,Carrier_B,13.62
51.81,Medium,Clear,12.55,4,21,Medium,Standard,Carrier_B,10.28
54.28,High,Rain,9.3,1,11,Medium,Standard,Carrier_A,14.48
47.09,Medium,Rain,9.17,1,18,Low,Standard,Carrier_C,17.09
62.38,Medium,Clear,13.99,2,19,High,Standard,Carrier_A,14.42
171.96,Medium,Rain,15.33,5,12,Medium,Express,Carrier_B,19.91
122.74,High,Clear,8.98,1,17,High,Standard,Carrier_B,23.23
62.33,High,Rain,4.81,3,1,Medium,Standard,Carrier_A,14.28
50.83,Medium,Clear,6.59,2,7,Medium,Standard,Carrier_B,11.46
115.29,Medium,Clear,14.59,1,20,Low,Standard,Carrier_A,10.69
77.24,Medium,Clear,10.9,2,3,Low,Standard,Carrier_A,10.09
29.13,Low,Clear,6.98,2,12,High,Standard,Carrier_A,6.92
57.19,Low,Storm,5.99,2,19,Medium,Standard,Carrier_B,20.22
160.44,Low,Clear,14.9,2,12,Low,Standard,Carrier_A,16.72
97.06,Low,Clear,8.64,1,23,Medium,Standard,Carrier_A,4.39
51.25,Medium,Clear,16.27,2,20,Medium,Standard,Carrier_A,11.01
19.01,Low,Clear,17.66,3,2,Medium,Standard,Carrier_B,8.06
80.54,Low,Clear,8.14,2,12,Medium,Express,Carrier_A,6.74
69.53,Medium,Clear,18.49,3,17,High,Express,Carrier_B,16.82
60.94,Low,Clear,10.91,1,17,Low,Standard,Carrier_A,12.16
116.14,Low,Rain,11.87,2,12,Medium,Express,Carrier_A,12.82
97.87,Low,Clear,2.4,2,9,Medium,Standard,Carrier_C,14.61
19.62,Low,Clear,5.31,1,7,Medium,Standard,Carrier_B,8.72
69.81,Medium,Clear,5.5,1,8,Low,Standard,Carrier_B,12.71
24.35,High,Rain,8.11,3,0,Low,Standard,Carrier_C,10.61
47.69,High,Rain,10.74,1,20,High,Standard,Carrier_C,16.57
22.76,High,Clear,11.03,1,17,High,Standard,Carrier_C,14.04
23.5,Medium,Rain,12.01,1,6,High,Standard,Carrier_A,13.16
87.39,High,Clear,6.39,1,3,Medium,Express,Carrier_A,7.34
81.59,Medium,Clear,15.63,0,12,Low,Standard,Carrier_C,4.55
66.18,Medium,Rain,32.33,2,20,Medium,Standard,Carrier_B,18.05
44.59,Medium,Rain,7.93,3,23,Medium,Standard,Carrier_B,17.75
21.28,Medium,Clear,6.48,2,6,Low,Standard,Carrier_B,2.74
47.86,Medium,Rain,6.39,0,10,Low,Standard,Carrier_B,8.46
81.84,Low,Rain,10.54,2,14,Low,Standard,Carrier_B,9.6
80.56,High,Rain,7.09,2,14,Low,Standard,Carrier_A,15.87
158.32,Low,Rain,3.24,1,6,Low,Standard,Carrier_A,13.58
144.03,Medium,Clear,3.87,2,19,Medium,Standard,Carrier_A,18.9
68.05,High,Storm,19.36,2,16,High,Standard,Carrier_C,21.41
47.48,Medium,Clear,22.95,3,19,Medium,Express,Carrier_A,11.75
36.41,Low,Clear,28.22,2,2,Low,Express,Carrier_C,2.18
18.37,Medium,Clear,11.55,1,16,Low,Standard,Carrier_B,6.9
26.72,Medium,Rain,5.24,0,8,Medium,Standard,Carrier_C,12.1
81.92,High,Clear,7.5,1,18,Low,Express,Carrier_C,10.8
102.41,Medium,Clear,3.78,0,12,Medium,Standard,Carrier_A,10.72
54.9,Medium,Rain,3.69,0,12,Low,Express,Carrier_B,12.13
266.02,Medium,Clear,11.77,1,14,Medium,Standard,Carrier_B,22.29
26.94,Medium,Clear,14.16,1,5,Medium,Standard,Carrier_A,13.23
16.72,Medium,Clear,35.62,1,13,Low,Standard,Carrier_A,1.0
263.12,Low,Rain,9.45,5,21,High,Express,Carrier_B,26.37
20.35,Low,Clear,4.13,3,1,Medium,Standard,Carrier_C,3.13
54.34,Low,Clear,9.21,2,4,Low,Standard,Carrier_A,3.86
38.88,Medium,Clear,8.3,2,0,Medium,Standard,Carrier_A,7.25
86.11,High,Storm,7.25,1,11,Medium,Standard,Carrier_C,22.8
51.35,Medium,Rain,12.47,5,5,High,Standard,Carrier_A,16.26
102.63,Medium,Clear,4.53,2,14,Low,Standard,Carrier_C,6.93
117.69,High,Rain,10.86,2,0,High,Standard,Carrier_A,23.62
18.2,Low,Rain,15.23,2,2,Medium,Standard,Carrier_A,5.46
35.45,Low,Rain,25.1,2,5,Medium,Express,Carrier_A,12.58
108.51,High,Clear,12.2,0,15,Low,Express,Carrier_A,7.17
133.25,High,Clear,19.65,1,1,Low,Standard,Carrier_A,14.23
75.83,Medium,Rain,7.47,2,12,High,Express,Carrier_B,20.99
90.47,Low,Clear,8.18,1,12,Medium,Standard,Carrier_A,8.46
164.78,High,Clear,23.95,2,7,High,Standard,Carrier_C,24.78
51.83,High,Clear,4.09,1,2,Medium,Standard,Carrier_A,11.67
75.25,Medium,Clear,7.67,3,17,Medium,Standard,Carrier_B,15.22
144.14,Low,Clear,20.77,0,9,High,Express,Carrier_B,13.71
149.96,Medium,Clear,8.7,3,14,Medium,Standard,Carrier_A,17.22
62.72,High,Rain,8.28,2,18,Medium,Standard,Carrier_B,23.02
36.37,High,Rain,8.39,0,0,High,Express,Carrier_A,8.31
62.22,Medium,Clear,10.76,3,18,Low,Express,Carrier_C,6.38
66.58,Medium,Clear,20.21,1,2,Medium,Express,Carrier_B,7.73
35.32,Medium,Clear,18.19,3,13,Low,Standard,Carrier_A,5.64
39.64,Medium,Clear,10.05,3,2,High,Standard,Carrier_B,15.71
150.09,Medium,Rain,20.29,4,0,High,Standard,Carrier_A,20.52
93.3,Low,Clear,12.46,3,9,High,Standard,Carrier_C,15.63
54.54,Low,Rain,17.43,2,12,Medium,Express,Carrier_B,14.19
28.38,High,Storm,5.11,3,7,Medium,Standard,Carrier_A,16.38
40.01,Low,Clear,30.88,2,6,Low,Express,Carrier_A,4.94
15.46,Low,Rain,11.51,4,4,Medium,Standard,Carrier_A,9.71
77.21,High,Clear,1.67,2,13,High,Standard,Carrier_B,17.74
38.3,Medium,Clear,29.33,0,9,Low,Standard,Carrier_B,7.1
81.46,Low,Clear,10.01,0,21,Low,Standard,Carrier_B,6.59
107.78,Medium,Clear,7.71,2,10,Medium,Express,Carrier_A,10.84
82.27,High,Rain,6.73,3,14,Medium,Standard,Carrier_C,16.48
49.68,Medium,Clear,13.27,6,22,Medium,Express,Carrier_B,13.92
33.88,Medium,Clear,5.6,1,22,Medium,Express,Carrier_B,4.15
24.98,Medium,Clear,6.86,1,11,High,Standard,Carrier_A,6.44
140.89,Low,Clear,6.96,2,5,Low,Standard,Carrier_A,5.56
79.85,Medium,Rain,8.25,3,9,High,Standard,Carrier_A,19.99
51.81,Low,Clear,7.14,2,6,Medium,Standard,Carrier_C,9.4
98.55,Medium,Clear,17.36,3,11,Medium,Standard,Carrier_B,11.2
126.63,Low,Clear,11.9,1,3,Low,Standard,Carrier_A,6.19
38.93,Low,Rain,12.88,4,9,Medium,Express,Carrier_B,18.06
78.2,Low,Rain,14.83,4,1,Medium,Express,Carrier_A,15.14
79.29,High,Clear,9.39,0,23,Medium,Standard,Carrier_A,16.56
160.33,Low,Clear,5.14,2,0,Low,Standard,Carrier_B,14.39
51.28,Low,Clear,32.24,1,21,Low,Standard,Carrier_A,7.93
32.89,Low,Rain,18.23,2,22,High,Standard,Carrier_B,12.83
84.2,Medium,Clear,28.46,1,23,Medium,Standard,Carrier_B,8.41
104.0,Medium,Clear,19.54,0,10,Low,Standard,Carrier_A,5.83
73.85,High,Storm,7.39,6,18,High,Express,Carrier_B,28.2
167.29,Medium,Clear,2.17,1,22,Low,Standard,Carrier_A,16.18
51.15,Medium,Clear,4.49,2,20,Medium,Standard,Carrier_C,8.53
75.13,Medium,Clear,15.09,1,20,Low,Express,Carrier_A,8.46
19.56,Low,Clear,9.34,3,11,Low,Standard,Carrier_A,5.04
31.42,High,Storm,7.59,4,17,Low,Standard,Carrier_A,21.52
39.13,High,Storm,1.97,2,5,High,Standard,Carrier_A,23.95
57.58,Low,Clear,9.89,0,22,Medium,Standard,Carrier_A,10.57
22.53,Medium,Rain,4.94,1,11,Low,Standard,Carrier_B,10.18
97.63,Low,Clear,6.23,3,6,Medium,Express,Carrier_C,13.96
36.45,Medium,Clear,17.33,2,7,High,Standard,Carrier_A,13.46
236.97,High,Rain,5.11,0,20,Medium,Standard,Carrier_A,27.63
37.48,High,Clear,5.44,1,4,Medium,Standard,Carrier_A,12.84
69.84,Medium,Clear,11.25,4,16,Medium,Express,Carrier_B,8.62
63.85,Medium,Clear,17.58,1,6,Low,Standard,Carrier_B,13.34
29.27,Medium,Clear,7.68,1,14,High,Express,Carrier_C,5.33
57.74,Low,Storm,25.89,7,12,Medium,Standard,Carrier_B,19.9
57.23,Medium,Clear,4.34,3,14,High,Standard,Carrier_B,17.22
117.76,Medium,Clear,3.88,4,5,High,Standard,Carrier_A,15.56
86.34,High,Storm,3.67,1,21,Medium,Standard,Carrier_C,19.97
96.69,High,Clear,3.41,0,21,Medium,Standard,Carrier_A,15.52
116.1,Low,Clear,12.41,3,22,High,Standard,Carrier_B,14.06
97.72,Low,Clear,5.28,3,11,Medium,Standard,Carrier_C,9.86
77.76,Low,Clear,3.99,1,4,High,Standard,Carrier_A,10.41
38.85,Low,Clear,12.77,0,13,High,Express,Carrier_A,9.37
74.4,Medium,Clear,17.04,2,1,Low,Standard,Carrier_A,13.89
33.32,High,Clear,19.75,1,16,Medium,Standard,Carrier_C,9.66
60.94,Medium,Clear,17.62,4,6,Medium,Standard,Carrier_A,12.19
55.39,Medium,Rain,5.49,4,4,Low,Standard,Carrier_A,10.78
57.96,Medium,Rain,11.93,3,19,Medium,Express,Carrier_B,14.94
22.74,Medium,Clear,13.78,2,15,Low,Standard,Carrier_B,12.75
5.0,High,Storm,7.33,2,2,Low,Standard,Carrier_B,17.77
48.18,Medium,Rain,11.1,0,20,Medium,Standard,Carrier_B,10.27
133.91,Medium,Rain,4.42,4,15,Low,Express,Carrier_C,10.01
69.13,High,Rain,6.63,4,6,Medium,Standard,Carrier_A,20.52
127.72,Medium,Clear,12.7,1,9,Medium,Standard,Carrier_A,14.22
33.5,Low,Clear,26.57,2,10,Low,Standard,Carrier_B,4.65
46.42,Medium,Rain,21.08,2,21,Low,Standard,Carrier_A,11.38
245.85,Medium,Clear,15.33,1,13,Low,Standard,Carrier_B,20.97
35.14,Medium,Rain,10.5,2,19,Medium,Standard,Carrier_C,11.89
95.44,High,Rain,9.5,1,0,Medium,Standard,Carrier_B,15.52
95.34,Medium,Clear,3.89,4,12,Medium,Standard,Carrier_A,17.45
88.5,Medium,Clear,5.79,3,2,Low,Standard,Carrier_C,12.04
96.24,High,Storm,5.92,2,9,Medium,Standard,Carrier_A,27.16
34.74,Medium,Clear,14.49,3,13,High,Standard,Carrier_A,11.52
49.92,Medium,Rain,18.43,2,20,High,Standard,Carrier_A,12.85
5.0,Low,Storm,16.1,2,6,Medium,Standard,Carrier_A,11.07
163.74,Medium,Clear,21.51,4,5,Low,Standard,Carrier_A,11.73
95.86,Medium,Clear,10.45,1,20,Low,Standard,Carrier_A,8.87
39.16,Low,Clear,5.27,2,13,Medium,Express,Carrier_B,4.56
33.79,Medium,Rain,9.66,3,17,Medium,Standard,Carrier_B,15.26
135.4,Low,Clear,6.23,3,22,Medium,Standard,Carrier_B,14.65
37.04,Low,Clear,15.3,2,1,Low,Standard,Carrier_B,7.07
39.07,Medium,Clear,7.9,3,14,High,Standard,Carrier_C,10.3
28.23,Low,Clear,9.36,3,1,Medium,Standard,Carrier_C,3.44
107.95,Medium,Clear,15.66,3,22,High,Standard,Carrier_A,12.53
126.51,Medium,Clear,6.16,1,10,High,Standard,Carrier_A,16.47
55.63,Medium,Rain,18.66,2,10,Medium,Express,Carrier_B,12.27
127.04,Low,Clear,4.15,7,4,Medium,Standard,Carrier_A,11.91
83.53,Medium,Rain,12.17,1,15,High,Express,Carrier_A,18.16
26.81,Low,Rain,9.4,1,13,Low,Standard,Carrier_A,9.03
156.28,Medium,Clear,17.08,0,22,Low,Express,Carrier_B,8.84
27.98,Medium,Clear,4.08,2,0,Low,Standard,Carrier_A,7.46
58.59,Medium,Clear,3.69,2,17,Medium,Standard,Carrier_C,11.21
55.75,Medium,Clear,16.24,3,22,Medium,Standard,Carrier_B,12.85
48.77,High,Clear,7.74,5,21,Low,Standard,Carrier_A,13.65
10.92,Low,Clear,9.4,0,14,Medium,Express,Carrier_B,5.35
214.64,High,Clear,6.5,1,19,Medium,Standard,Carrier_B,28.51
12.56,High,Clear,18.05,2,1,High,Standard,Carrier_A,14.45
162.49,Medium,Clear,12.12,1,1,Low,Standard,Carrier_B,16.2
32.87,Low,Rain,11.66,0,16,Medium,Standard,Carrier_B,15.52
42.06,Low,Clear,4.66,1,6,High,Standard,Carrier_B,9.14
152.49,High,Clear,13.82,3,17,Medium,Standard,Carrier_A,18.77
89.66,Low,Clear,5.23,2,17,Medium,Express,Carrier_A,12.11
20.18,High,Clear,6.5,0,16,Low,Standard,Carrier_B,7.8
19.8,Medium,Clear,4.11,2,21,Medium,Standard,Carrier_B,6.9
80.98,Medium,Clear,9.01,4,5,High,Standard,Carrier_A,19.93
27.57,Medium,Clear,19.92,2,19,Low,Standard,Carrier_C,3.67
92.5,Low,Clear,11.56,0,19,High,Express,Carrier_C,11.94
98.87,Medium,Storm,7.48,4,7,Low,Standard,Carrier_B,18.53
35.75,High,Clear,10.71,3,4,High,Standard,Carrier_B,17.86
43.82,Low,Clear,10.67,2,14,Medium,Standard,Carrier_B,13.93
82.79,High,Clear,10.41,4,21,Medium,Standard,Carrier_A,13.21
34.5,High,Rain,11.19,1,15,High,Standard,Carrier_A,10.56
69.2,Low,Storm,5.07,1,2,Medium,Standard,Carrier_C,15.45
255.14,Medium,Clear,10.69,1,10,Low,Express,Carrier_B,16.02
85.49,Low,Clear,3.19,1,9,Medium,Standard,Carrier_C,9.99
49.28,Medium,Clear,14.5,3,14,Low,Standard,Carrier_A,9.84
228.37,High,Rain,4.87,2,14,High,Standard,Carrier_A,29.32
113.05,High,Clear,21.44,2,23,Low,Standard,Carrier_A,16.31
28.14,High,Rain,2.04,1,20,Medium,Standard,Carrier_A,13.06
32.74,Low,Clear,29.62,5,13,Medium,Standard,Carrier_B,12.0
14.11,Medium,Clear,3.44,6,3,Medium,Standard,Carrier_A,10.11
81.77,Low,Clear,4.57,2,4,Medium,Standard,Carrier_C,7.96
8.91,High,Clear,12.11,1,4,Medium,Standard,Carrier_B,10.91
228.19,Low,Clear,14.91,0,12,Medium,Standard,Carrier_A,17.94
53.78,Low,Rain,8.3,3,3,Low,Express,Carrier_B,7.05
117.64,Low,Clear,17.82,3,4,Medium,Standard,Carrier_C,12.44
50.24,Low,Clear,5.94,0,3,Low,Standard,Carrier_A,3.39
80.79,Low,Rain,7.69,3,16,High,Standard,Carrier_A,15.77
59.17,Low,Rain,8.2,3,6,Medium,Standard,Carrier_A,14.6
67.8,High,Rain,7.03,2,21,Medium,Standard,Carrier_C,16.49
141.92,High,Rain,2.84,2,11,Low,Express,Carrier_C,16.82
186.84,Low,Clear,9.82,2,16,High,Standard,Carrier_C,17.11
177.73,High,Rain,9.26,2,12,Medium,Standard,Carrier_A,21.55
300.0,Medium,Clear,20.1,3,21,High,Express,Carrier_C,26.19
37.6,High,Storm,4.32,3,3,Low,Standard,Carrier_B,20.24
86.23,Medium,Rain,6.58,2,17,Medium,Standard,Carrier_B,24.74
38.3,Medium,Clear,21.81,3,13,Medium,Standard,Carrier_C,9.96
138.18,Medium,Clear,12.07,2,10,High,Standard,Carrier_A,15.56
29.31,Low,Rain,14.25,2,16,Medium,Express,Carrier_C,7.65
143.51,Medium,Rain,13.39,4,12,Low,Standard,Carrier_A,14.84
75.6,High,Clear,13.43,4,15,High,Standard,Carrier_C,15.99
61.64,High,Storm,32.58,1,12,Low,Standard,Carrier_B,19.81
66.83,Medium,Clear,10.59,3,2,Medium,Express,Carrier_A,8.12
25.05,Medium,Clear,5.17,3,9,Low,Standard,Carrier_B,14.46
26.92,High,Clear,15.11,2,23,High,Standard,Carrier_A,16.82
76.54,Low,Clear,6.9,1,2,Medium,Express,Carrier_A,9.0
76.18,Low,Clear,9.29,4,5,Low,Standard,Carrier_A,8.45
39.69,Medium,Rain,12.69,4,16,High,Standard,Carrier_C,20.07
53.35,Low,Clear,5.85,3,3,Low,Standard,Carrier_C,9.25
91.22,Medium,Rain,7.16,2,1,Low,Express,Carrier_B,16.41
34.35,Low,Rain,13.59,2,18,High,Standard,Carrier_A,13.12
12.49,Medium,Clear,6.98,1,4,Low,Express,Carrier_A,3.2
167.51,Medium,Rain,18.78,1,5,Low,Standard,Carrier_A,14.3
80.3,High,Rain,5.25,0,10,Medium,Standard,Carrier_A,22.7
45.46,Medium,Clear,5.24,4,20,Low,Standard,Carrier_C,7.93
38.21,Medium,Clear,34.43,0,23,High,Standard,Carrier_A,14.39
34.08,High,Clear,3.69,1,6,High,Standard,Carrier_A,14.23
137.82,Medium,Clear,9.8,1,7,High,Express,Carrier_A,19.27
21.45,Medium,Clear,33.23,3,12,High,Express,Carrier_C,9.39
86.08,Low,Clear,9.79,2,19,High,Standard,Carrier_A,17.5
86.03,Medium,Storm,23.94,2,1,Low,Standard,Carrier_B,19.24
109.25,Medium,Rain,15.24,2,10,Medium,Standard,Carrier_A,20.36
48.86,Medium,Rain,9.93,5,2,High,Standard,Carrier_B,19.27
158.48,High,Storm,9.16,2,5,Medium,Standard,Carrier_B,24.86
111.39,High,Clear,2.52,1,15,High,Standard,Carrier_A,19.47
47.61,High,Clear,8.11,0,0,High,Standard,Carrier_A,13.89
36.79,Medium,Rain,11.6,0,20,Low,Standard,Carrier_A,5.57
59.29,High,Clear,11.6,6,2,Medium,Standard,Carrier_C,16.63
46.4,High,Clear,49.54,5,19,Low,Standard,Carrier_B,15.47
32.06,Low,Rain,11.97,2,10,High,Express,Carrier_C,8.92
68.97,Medium,Clear,15.02,2,13,High,Express,Carrier_A,11.78
53.61,Low,Clear,21.27,1,9,Medium,Standard,Carrier_B,5.3
182.87,Low,Clear,14.17,0,8,Low,Express,Carrier_B,12.3
46.34,Low,Clear,9.43,1,15,Low,Standard,Carrier_A,7.86
36.52,Medium,Clear,9.46,0,7,Low,Express,Carrier_A,5.44
65.82,Low,Clear,7.94,0,1,Medium,Express,Carrier_A,1.0
78.55,Low,Rain,13.31,2,0,High,Standard,Carrier_A,14.63
82.77,Low,Rain,8.93,1,6,Low,Express,Carrier_C,8.42
82.21,Medium,Clear,14.97,0,5,Medium,Standard,Carrier_C,8.56
67.43,High,Clear,5.18,1,0,High,Express,Carrier_C,12.21
63.97,High,Clear,10.97,3,2,High,Standard,Carrier_A,15.82
99.25,Medium,Clear,27.35,4,20,Low,Standard,Carrier_A,14.29
29.69,Low,Clear,8.62,3,11,Low,Standard,Carrier_A,3.54
36.73,High,Clear,33.05,2,9,Low,Standard,Carrier_C,13.74
16.74,Low,Clear,11.09,1,22,Low,Standard,Carrier_A,2.92
30.1,High,Clear,9.61,1,14,Low,Standard,Carrier_A,12.69
129.13,Medium,Clear,10.76,2,3,Medium,Standard,Carrier_B,13.94
96.46,Medium,Rain,8.15,2,17,Medium,Standard,Carrier_B,15.04
198.42,Low,Clear,2.75,1,17,Low,Express,Carrier_B,16.65
169.08,Low,Clear,17.67,5,6,Medium,Express,Carrier_B,17.45
97.01,Medium,Clear,41.48,1,16,Medium,Standard,Carrier_B,16.69
72.85,Medium,Rain,13.63,1,3,Low,Express,Carrier_C,10.77
66.73,High,Clear,14.18,2,23,Low,Standard,Carrier_A,9.22
8.3,Medium,Clear,8.86,1,13,Low,Express,Carrier_A,1.0
61.53,Medium,Clear,21.17,4,6,Medium,Standard,Carrier_A,15.76
42.04,Low,Rain,9.72,4,21,Medium,Standard,Carrier_B,13.91
31.24,Medium,Rain,11.87,1,12,Low,Standard,Carrier_B,8.71
86.8,Low,Clear,3.61,5,21,Low,Express,Carrier_B,4.65
56.24,Medium,Clear,7.07,2,2,Low,Standard,Carrier_B,6.04
69.68,Medium,Clear,12.66,1,7,Low,Standard,Carrier_B,9.13
27.49,High,Clear,17.99,1,10,Medium,Standard,Carrier_C,8.61
114.57,Medium,Clear,18.31,1,6,Medium,Express,Carrier_A,11.54
46.17,Low,Clear,3.57,0,12,Medium,Express,Carrier_C,1.0
83.68,High,Clear,3.82,0,8,Medium,Standard,Carrier_B,14.89
49.2,Medium,Storm,14.58,2,21,Low,Standard,Carrier_A,11.53
6.64,Medium,Clear,6.14,0,5,Low,Standard,Carrier_A,2.9
89.2,Medium,Clear,17.84,1,4,Medium,Standard,Carrier_B,19.15
58.99,High,Rain,3.46,1,23,Medium,Express,Carrier_B,17.39
15.62,Low,Rain,9.36,3,17,High,Standard,Carrier_B,17.08
24.67,Medium,Clear,9.75,1,0,Medium,Standard,Carrier_A,6.12
116.79,High,Rain,13.63,3,20,Medium,Standard,Carrier_A,16.7
16.39,Low,Clear,5.1,3,4,High,Standard,Carrier_B,10.5
45.25,High,Rain,2.78,2,16,Medium,Express,Carrier_C,9.99
209.43,Medium,Clear,11.15,3,0,High,Standard,Carrier_A,23.88
90.77,Low,Storm,14.04,4,6,Low,Standard,Carrier_B,17.69
106.32,Low,Clear,19.2,1,20,Low,Standard,Carrier_A,8.67
52.7,High,Clear,7.9,4,0,Medium,Standard,Carrier_A,9.68
14.29,High,Clear,16.51,4,11,Medium,Standard,Carrier_B,13.72
74.45,Low,Clear,13.68,2,9,Low,Standard,Carrier_C,8.47
26.22,Low,Clear,23.56,1,5,Medium,Standard,Carrier_B,4.64
24.03,Low,Rain,9.62,1,2,Medium,Standard,Carrier_B,10.07
68.54,Low,Clear,3.24,2,9,Medium,Standard,Carrier_A,9.91
27.85,Medium,Storm,9.55,4,8,Low,Express,Carrier_A,16.33
63.04,Low,Clear,10.56,1,2,Medium,Standard,Carrier_B,10.84
37.73,Low,Clear,13.97,3,17,Medium,Standard,Carrier_B,8.44
61.48,Low,Clear,3.68,1,2,Low,Standard,Carrier_A,6.3
43.01,Medium,Clear,8.14,1,9,Low,Standard,Carrier_C,8.61
62.72,Medium,Rain,17.54,0,22,Medium,Standard,Carrier_C,14.35
160.2,Medium,Rain,9.32,1,8,High,Express,Carrier_A,22.88
107.92,Medium,Clear,8.18,2,16,Low,Standard,Carrier_A,12.41
57.76,High,Clear,34.44,4,11,Low,Standard,Carrier_A,12.2
144.05,Medium,Clear,4.98,4,15,Low,Express,Carrier_C,12.33
84.5,High,Clear,22.23,4,18,Low,Standard,Carrier_A,13.7
137.7,Medium,Clear,19.37,0,11,Medium,Standard,Carrier_A,10.5
18.2,Low,Clear,8.62,4,15,Low,Standard,Carrier_C,3.95
28.13,High,Clear,9.76,3,11,Medium,Standard,Carrier_A,5.6
73.84,Medium,Rain,9.74,1,7,High,Standard,Carrier_C,14.32
56.72,Medium,Clear,11.23,0,18,Low,Express,Carrier_C,5.49
62.82,Low,Clear,6.78,3,9,Medium,Standard,Carrier_A,19.24
94.02,Medium,Clear,7.55,3,1,High,Standard,Carrier_B,15.05
74.36,High,Clear,7.92,2,6,Medium,Standard,Carrier_B,17.08
114.84,Low,Rain,8.08,1,16,Low,Standard,Carrier_B,14.36
112.78,Low,Rain,8.15,3,15,Low,Express,Carrier_B,13.33
29.27,Low,Rain,2.32,8,13,High,Standard,Carrier_B,14.62
6.93,Medium,Rain,10.63,1,10,High,Express,Carrier_C,4.89
27.68,High,Clear,7.08,4,7,Low,Standard,Carrier_B,18.51
26.16,Medium,Clear,2.96,8,1,Medium,Standard,Carrier_C,8.37
66.26,High,Clear,7.94,0,5,Low,Standard,Carrier_B,15.74
65.66,Medium,Rain,7.79,1,23,Low,Standard,Carrier_C,8.86
54.22,Medium,Rain,22.85,1,20,High,Express,Carrier_A,10.43
86.74,Low,Clear,7.03,2,1,Medium,Standard,Carrier_A,8.45
268.82,Low,Clear,15.4,1,22,Low,Express,Carrier_B,21.3
53.35,Medium,Clear,24.5,0,18,Medium,Standard,Carrier_A,8.92
76.01,Low,Storm,6.63,6,2,High,Standard,Carrier_C,20.33
62.81,Low,Clear,9.67,2,10,High,Standard,Carrier_A,14.16
40.05,High,Clear,30.68,3,4,Medium,Standard,Carrier_B,15.83
94.62,Medium,Clear,11.57,2,17,High,Express,Carrier_B,22.23
51.4,Low,Clear,12.72,1,16,Medium,Standard,Carrier_C,12.07
33.53,Medium,Clear,7.65,2,5,High,Express,Carrier_A,7.63
35.62,Medium,Clear,15.59,1,18,Medium,Express,Carrier_C,11.44
117.58,High,Rain,9.72,2,7,Medium,Standard,Carrier_A,15.76
93.04,Medium,Clear,3.03,3,11,High,Standard,Carrier_A,17.68
43.61,Low,Rain,7.92,2,2,Medium,Express,Carrier_A,6.21
85.77,Low,Clear,4.62,2,22,Medium,Standard,Carrier_C,10.77
63.35,Low,Clear,10.73,3,4,High,Standard,Carrier_A,17.73
76.93,Medium,Clear,5.5,1,20,High,Standard,Carrier_A,8.5
39.22,Medium,Clear,13.61,1,20,Medium,Express,Carrier_A,9.04
26.88,Medium,Clear,10.27,4,3,Medium,Express,Carrier_B,11.52
51.19,Medium,Clear,4.43,2,2,High,Express,Carrier_A,12.34
30.95,Medium,Clear,7.24,0,3,Medium,Standard,Carrier_A,4.39
29.07,Low,Clear,14.93,0,20,Medium,Standard,Carrier_A,5.12
19.21,Low,Rain,21.04,3,2,Low,Standard,Carrier_B,6.49
7.0,Medium,Clear,5.55,4,14,Low,Express,Carrier_A,6.29
44.21,Medium,Clear,4.89,3,21,Low,Express,Carrier_B,3.92
132.21,High,Clear,35.45,2,7,Medium,Standard,Carrier_C,17.99
111.33,Low,Clear,9.91,3,13,Medium,Standard,Carrier_B,15.02
175.74,Medium,Rain,10.59,2,1,Low,Express,Carrier_C,12.7
28.01,Low,Clear,6.17,1,22,Low,Express,Carrier_A,1.09
98.78,Medium,Storm,11.47,1,14,Medium,Express,Carrier_B,15.35
57.57,Low,Rain,30.41,3,17,Low,Standard,Carrier_A,13.18
35.67,Medium,Clear,11.77,1,6,High,Standard,Carrier_B,11.84
122.44,Low,Clear,19.93,2,17,Low,Standard,Carrier_A,10.54
57.99,Low,Rain,10.16,6,15,High,Standard,Carrier_B,16.11
12.47,Medium,Rain,5.12,1,3,Medium,Express,Carrier_B,8.97
110.54,Medium,Clear,6.4,3,13,High,Standard,Carrier_B,14.78
81.77,Medium,Clear,4.82,1,2,Medium,Standard,Carrier_A,10.51
68.98,Medium,Clear,11.49,2,16,High,Express,Carrier_A,13.89
23.42,High,Rain,22.1,0,22,Medium,Standard,Carrier_A,12.92
74.78,Low,Rain,11.07,1,20,Medium,Standard,Carrier_B,10.78
160.47,Medium,Clear,8.17,3,11,Low,Express,Carrier_A,14.52
80.21,High,Clear,5.97,3,21,Medium,Standard,Carrier_B,18.96
16.67,Medium,Rain,12.57,0,23,Low,Standard,Carrier_B,10.26
84.46,Medium,Storm,4.46,4,10,Medium,Standard,Carrier_A,20.61
80.79,Medium,Clear,4.77,2,7,Medium,Standard,Carrier_A,9.54
104.23,Low,Clear,17.91,4,4,Medium,Standard,Carrier_B,18.45
79.24,Medium,Clear,8.33,2,14,Low,Express,Carrier_B,8.97
29.15,Medium,Clear,8.22,0,9,Low,Standard,Carrier_A,8.42
66.35,High,Clear,8.94,1,13,Medium,Standard,Carrier_A,10.89
51.86,High,Clear,15.99,2,22,Medium,Standard,Carrier_C,11.64
72.09,Low,Rain,11.11,1,1,Medium,Standard,Carrier_A,14.22
125.39,Low,Clear,6.15,3,7,High,Standard,Carrier_A,19.95
37.63,Medium,Clear,6.3,2,12,Low,Standard,Carrier_B,7.61
192.87,Medium,Clear,8.79,3,17,Medium,Standard,Carrier_A,24.79
84.09,Medium,Clear,12.14,2,22,Low,Standard,Carrier_A,7.12
110.96,Medium,Clear,9.75,5,20,Medium,Standard,Carrier_C,9.92
101.23,Medium,Clear,9.2,3,10,Medium,Express,Carrier_C,5.18
81.78,High,Clear,10.28,2,13,Medium,Standard,Carrier_B,17.91
92.35,Medium,Clear,9.74,2,11,Medium,Express,Carrier_B,9.31
5.0,Low,Rain,6.01,1,2,Low,Standard,Carrier_A,5.04
101.1,Medium,Rain,20.48,1,16,Low,Standard,Carrier_B,19.24
31.1,Medium,Clear,7.29,6,19,Low,Standard,Carrier_B,14.26
60.55,Low,Clear,10.85,2,18,Medium,Standard,Carrier_B,8.6
81.38,Low,Clear,2.61,1,8,Low,Standard,Carrier_A,13.82
129.09,Medium,Rain,8.67,1,19,Medium,Express,Carrier_A,15.19
31.11,Medium,Rain,4.88,4,5,Medium,Standard,Carrier_B,13.62
45.07,High,Clear,5.28,0,10,Medium,Express,Carrier_B,8.08
49.86,Medium,Clear,48.15,3,6,Medium,Standard,Carrier_C,7.34
72.71,Low,Clear,11.73,2,10,High,Standard,Carrier_A,12.66
52.21,Medium,Clear,22.13,4,22,High,Standard,Carrier_C,9.63
92.63,Medium,Clear,17.39,4,11,Medium,Standard,Carrier_A,13.48
12.99,High,Clear,18.9,3,18,High,Standard,Carrier_A,21.04
57.1,Medium,Rain,8.76,5,23,Medium,Standard,Carrier_C,16.25
170.64,Medium,Clear,28.34,2,3,Low,Standard,Carrier_B,16.76
52.31,High,Clear,17.29,2,22,Medium,Standard,Carrier_A,9.91
84.31,Medium,Clear,10.25,3,2,Medium,Express,Carrier_B,11.4
116.3,Low,Rain,11.84,1,14,High,Express,Carrier_A,11.93
82.44,Medium,Clear,9.13,4,10,High,Express,Carrier_C,17.14
203.84,Medium,Clear,10.32,3,6,Medium,Standard,Carrier_B,18.82
67.47,Medium,Rain,9.7,4,15,Medium,Standard,Carrier_B,13.68
95.78,High,Clear,12.78,3,21,Medium,Standard,Carrier_A,15.44
74.83,Low,Clear,30.91,0,1,Medium,Standard,Carrier_A,5.98
149.06,Medium,Clear,4.56,3,4,Medium,Express,Carrier_B,15.69
46.77,Low,Clear,20.96,5,12,Medium,Standard,Carrier_A,15.3
214.28,Low,Storm,7.85,2,2,High,Standard,Carrier_A,26.75
38.38,Medium,Clear,22.77,3,7,Medium,Standard,Carrier_B,10.89
181.1,High,Clear,8.03,2,9,Low,Standard,Carrier_B,21.16
28.16,Medium,Clear,13.04,1,10,Low,Express,Carrier_A,1.0
97.86,Medium,Storm,9.0,2,16,Medium,Standard,Carrier_B,30.79
63.35,Low,Rain,3.24,0,11,Medium,Standard,Carrier_C,13.88
114.72,Medium,Clear,30.89,1,1,Medium,Standard,Carrier_A,16.41
85.73,Medium,Clear,5.4,2,15,Medium,Standard,Carrier_A,13.72
110.66,High,Clear,10.53,2,7,High,Standard,Carrier_A,20.61
27.33,Medium,Rain,5.03,3,0,High,Express,Carrier_A,12.04
15.43,High,Clear,4.18,4,18,Medium,Standard,Carrier_B,15.01
23.65,High,Clear,8.73,3,10,Medium,Standard,Carrier_A,18.66
23.13,Medium,Clear,6.78,5,15,Medium,Standard,Carrier_B,11.11
27.05,Medium,Rain,4.67,2,15,Medium,Standard,Carrier_B,10.49
40.45,Medium,Clear,9.75,1,2,Low,Standard,Carrier_B,7.66
40.17,High,Clear,3.81,3,19,Medium,Standard,Carrier_A,16.48
64.43,Medium,Storm,10.82,4,4,Medium,Express,Carrier_A,7.29
32.97,Medium,Clear,9.18,4,17,Medium,Standard,Carrier_A,13.58
35.15,Medium,Clear,1.99,3,17,Medium,Express,Carrier_A,2.6
54.67,Medium,Clear,7.1,3,2,Low,Standard,Carrier_A,13.11
125.17,High,Clear,13.52,2,2,Low,Standard,Carrier_A,10.4
46.16,High,Clear,5.0,4,20,High,Express,Carrier_B,13.68
61.41,Low,Clear,13.91,2,0,Medium,Standard,Carrier_B,4.46
68.76,Low,Clear,13.21,2,5,Low,Express,Carrier_A,10.36
29.76,High,Clear,5.15,2,23,Medium,Standard,Carrier_A,11.5
49.64,Medium,Rain,9.89,1,2,Low,Standard,Carrier_A,15.99
37.43,High,Clear,17.05,1,14,Medium,Express,Carrier_B,16.18
117.5,Medium,Rain,5.64,2,8,Low,Standard,Carrier_B,21.06
111.22,High,Clear,8.73,1,10,High,Standard,Carrier_B,15.4
34.46,Medium,Clear,21.07,2,3,Low,Express,Carrier_A,5.84
60.56,Low,Clear,5.71,3,14,Medium,Standard,Carrier_A,13.01
95.83,Low,Clear,13.44,2,8,Medium,Standard,Carrier_C,13.1
79.41,Medium,Clear,4.95,3,16,Low,Standard,Carrier_A,11.47
85.36,Low,Clear,8.98,5,18,Low,Express,Carrier_A,11.59
29.92,High,Rain,13.33,7,11,Low,Standard,Carrier_B,18.69
176.9,Medium,Rain,2.09,1,0,Low,Standard,Carrier_B,13.68
39.83,Medium,Clear,7.05,2,15,Medium,Express,Carrier_B,6.73
38.95,Low,Storm,13.18,5,11,High,Standard,Carrier_B,22.46
21.18,High,Clear,11.55,5,17,Medium,Express,Carrier_B,17.27
56.45,Medium,Clear,7.1,2,18,Medium,Standard,Carrier_C,12.21
133.87,High,Clear,4.86,4,4,Medium,Standard,Carrier_A,17.61
78.86,High,Rain,15.01,4,2,Low,Standard,Carrier_B,17.37
59.72,Medium,Rain,8.09,2,10,Medium,Standard,Carrier_A,10.62
105.91,High,Storm,14.22,2,21,High,Standard,Carrier_B,26.59
131.71,Medium,Rain,12.77,2,7,Low,Standard,Carrier_A,19.65
111.05,Medium,Clear,7.46,0,10,Low,Standard,Carrier_B,17.84
11.34,Low,Rain,20.03,2,19,Low,Express,Carrier_B,4.81
106.52,Low,Storm,6.78,3,19,Medium,Standard,Carrier_A,24.48
87.67,Medium,Rain,21.62,1,18,High,Standard,Carrier_B,21.03
33.85,Medium,Clear,23.54,2,22,Medium,Standard,Carrier_B,5.8
87.92,Medium,Rain,19.74,0,19,Low,Standard,Carrier_C,12.52
134.04,High,Clear,8.87,1,3,Low,Standard,Carrier_A,14.37
41.21,Medium,Rain,52.23,1,10,High,Standard,Carrier_B,15.75
116.29,Low,Storm,11.01,1,18,Medium,Standard,Carrier_C,22.28
80.06,Medium,Rain,11.67,4,13,Low,Express,Carrier_A,17.24
5.0,Low,Clear,9.83,0,3,Low,Standard,Carrier_B,7.08
62.93,High,Clear,4.79,3,16,Low,Standard,Carrier_A,15.19
77.88,Medium,Storm,23.15,2,4,High,Standard,Carrier_C,21.51
51.13,Medium,Rain,6.88,0,7,Medium,Standard,Carrier_B,19.96
82.13,Medium,Rain,18.13,1,23,Low,Standard,Carrier_C,8.03
58.15,Medium,Storm,21.19,2,23,High,Standard,Carrier_B,24.86
241.86,Medium,Clear,14.76,1,0,High,Standard,Carrier_B,20.41
48.47,Low,Rain,6.36,2,9,Low,Standard,Carrier_B,7.71
34.65,Medium,Clear,7.99,3,7,Low,Standard,Carrier_B,13.07
112.45,High,Clear,1.75,1,12,High,Standard,Carrier_B,14.62
53.23,Low,Clear,9.25,5,19,Low,Standard,Carrier_A,9.74
60.45,Medium,Clear,16.81,0,19,Low,Standard,Carrier_A,13.28
56.75,Low,Clear,8.55,3,3,Medium,Standard,Carrier_B,7.67
108.38,Medium,Rain,6.8,4,17,Medium,Express,Carrier_A,22.11
26.87,Low,Clear,8.22,3,0,Medium,Standard,Carrier_B,2.25
116.14,High,Rain,21.98,3,12,Low,Standard,Carrier_C,20.36
92.6,Low,Clear,9.63,2,13,Medium,Express,Carrier_A,4.39
193.25,Medium,Rain,33.37,0,9,High,Standard,Carrier_A,23.49
73.71,Low,Clear,6.88,1,21,Low,Standard,Carrier_C,6.63
28.59,Medium,Rain,11.49,1,15,Low,Standard,Carrier_B,9.04
74.28,Low,Clear,7.53,3,23,Medium,Standard,Carrier_C,8.55
80.82,Medium,Clear,38.41,2,10,Low,Standard,Carrier_A,6.17
141.61,High,Clear,11.21,1,9,Medium,Express,Carrier_A,21.2
28.53,Low,Clear,39.78,2,14,Low,Standard,Carrier_A,2.14
16.69,High,Clear,7.59,2,5,High,Express,Carrier_A,8.21
75.37,Medium,Clear,26.92,3,19,Low,Standard,Carrier_C,11.71
198.59,Medium,Clear,10.77,1,7,Low,Standard,Carrier_B,16.92
101.86,Medium,Rain,17.18,2,2,Low,Standard,Carrier_A,15.86
105.84,Low,Clear,4.51,1,11,Low,Standard,Carrier_A,6.96
20.67,Medium,Clear,12.51,6,16,Medium,Standard,Carrier_B,14.56
66.85,Low,Clear,4.98,1,12,Medium,Standard,Carrier_A,8.34
143.35,Medium,Clear,11.79,2,1,High,Express,Carrier_A,18.42
81.48,Medium,Clear,3.72,1,0,Medium,Express,Carrier_B,8.32
15.59,High,Rain,9.38,4,17,Medium,Standard,Carrier_A,12.35
65.9,Low,Clear,20.33,2,23,High,Standard,Carrier_B,10.72
97.13,High,Clear,14.24,1,5,Low,Express,Carrier_A,14.13
60.84,Low,Clear,4.47,2,23,Medium,Standard,Carrier_A,9.4
31.62,Medium,Clear,2.9,2,11,Medium,Express,Carrier_A,5.55
114.72,Medium,Rain,13.78,1,3,Low,Standard,Carrier_A,13.58
47.0,Low,Clear,27.88,1,6,Medium,Standard,Carrier_A,6.59
86.89,Low,Rain,5.33,2,23,High,Standard,Carrier_C,16.68
64.65,Medium,Clear,38.99,4,7,Low,Standard,Carrier_A,14.0
45.64,Low,Clear,9.93,2,20,Medium,Standard,Carrier_B,8.11
212.8,Medium,Clear,2.79,1,15,Medium,Standard,Carrier_A,20.37
41.75,High,Rain,3.62,2,19,Medium,Express,Carrier_A,18.16
68.6,Medium,Clear,16.45,2,10,Low,Standard,Carrier_B,7.79
64.5,Low,Clear,10.85,2,2,Low,Standard,Carrier_B,5.72
74.05,Low,Rain,26.14,3,11,Low,Standard,Carrier_A,17.82
202.86,Low,Clear,4.58,2,22,Medium,Standard,Carrier_A,17.99
97.22,Medium,Clear,10.77,2,23,Low,Express,Carrier_B,14.51
45.3,Medium,Clear,10.02,3,9,Medium,Standard,Carrier_A,14.92
163.83,Low,Clear,9.09,3,2,Low,Standard,Carrier_C,13.81
108.7,Low,Rain,7.78,1,5,Low,Standard,Carrier_A,5.19
45.99,Medium,Clear,7.88,2,9,Medium,Standard,Carrier_C,7.55
147.96,Medium,Clear,11.17,2,23,Medium,Standard,Carrier_B,18.16
20.45,Medium,Clear,12.14,1,12,Medium,Standard,Carrier_A,4.86
25.91,High,Storm,11.75,1,11,Medium,Express,Carrier_A,15.27
14.55,Low,Clear,21.84,1,19,Medium,Express,Carrier_C,7.49
8.59,Medium,Clear,4.57,2,4,Low,Express,Carrier_A,4.03
141.19,High,Rain,3.07,1,6,Low,Standard,Carrier_A,18.79
74.71,Medium,Clear,19.32,2,17,Low,Standard,Carrier_A,15.64
15.97,High,Rain,5.4,2,9,Medium,Express,Carrier_A,17.64
63.29,High,Rain,7.79,2,14,Low,Standard,Carrier_B,15.26
118.68,Medium,Clear,6.7,3,19,Medium,Express,Carrier_B,19.17
36.03,Medium,Rain,6.61,1,17,Low,Standard,Carrier_C,7.76
51.14,Medium,Storm,3.87,1,12,Medium,Standard,Carrier_A,16.57
219.18,Medium,Clear,6.89,2,1,Medium,Standard,Carrier_B,21.76
54.74,Medium,Clear,15.21,0,20,High,Standard,Carrier_C,10.39
17.32,Medium,Rain,9.95,2,2,High,Standard,Carrier_A,12.61
43.16,High,Clear,13.85,1,1,High,Express,Carrier_B,10.54
14.88,Low,Clear,7.22,1,5,Medium,Standard,Carrier_A,5.1
102.65,Low,Clear,17.94,5,6,High,Standard,Carrier_A,11.52
31.93,Medium,Rain,7.17,2,19,Low,Express,Carrier_A,9.31
31.07,Low,Rain,2.53,1,13,Medium,Express,Carrier_A,6.67
231.89,Medium,Storm,12.25,1,22,Medium,Standard,Carrier_A,28.11
23.41,Low,Clear,16.42,0,2,Medium,Standard,Carrier_A,1.79
19.67,Medium,Storm,6.93,2,23,Low,Standard,Carrier_A,14.26
27.12,Medium,Clear,21.75,3,11,Medium,Express,Carrier_C,8.33
121.16,Low,Clear,5.74,2,14,High,Standard,Carrier_C,13.81
93.67,Low,Rain,15.42,4,0,Medium,Standard,Carrier_B,16.88
42.72,Medium,Clear,31.0,6,17,Low,Standard,Carrier_A,13.96
39.66,Medium,Clear,10.22,3,12,Low,Standard,Carrier_C,1.0
88.79,Medium,Clear,8.61,2,17,Low,Standard,Carrier_C,9.06
76.75,Low,Clear,9.31,4,22,Medium,Express,Carrier_B,16.09
57.45,Low,Rain,28.74,2,5,Medium,Express,Carrier_B,12.21
95.9,Low,Clear,12.96,3,22,Low,Express,Carrier_A,5.87
25.53,Low,Rain,40.19,3,11,High,Standard,Carrier_C,13.5
32.39,High,Clear,11.96,3,7,Medium,Standard,Carrier_B,17.94
99.35,Low,Clear,6.52,0,16,Medium,Standard,Carrier_B,16.8
81.21,Low,Rain,6.83,3,0,High,Express,Carrier_A,12.55
66.57,High,Clear,10.38,1,16,Medium,Standard,Carrier_A,13.43
226.67,Medium,Storm,2.65,1,21,High,Standard,Carrier_C,26.27
110.52,Medium,Storm,7.32,0,5,High,Standard,Carrier_B,20.91
43.74,Medium,Clear,7.43,2,13,Low,Standard,Carrier_B,7.15
34.83,High,Clear,11.66,3,18,Low,Standard,Carrier_A,13.7
83.93,Low,Clear,35.24,5,13,High,Standard,Carrier_A,14.12
140.9,Low,Rain,10.34,0,22,Medium,Standard,Carrier_A,13.76
12.63,High,Clear,2.86,2,19,Medium,Standard,Carrier_C,17.29
79.72,High,Storm,5.51,2,6,High,Standard,Carrier_B,22.6
50.49,High,Storm,11.83,2,9,Medium,Standard,Carrier_A,22.93
74.7,Medium,Clear,10.6,3,16,Medium,Standard,Carrier_A,10.87
18.34,High,Rain,28.67,2,10,Low,Standard,Carrier_A,14.72
140.84,Medium,Clear,18.62,2,9,High,Standard,Carrier_A,23.01
166.13,Medium,Clear,18.26,4,20,High,Standard,Carrier_B,19.34
103.78,High,Clear,8.66,1,2,High,Standard,Carrier_C,15.07
188.03,Low,Rain,20.38,6,11,Medium,Standard,Carrier_A,23.08
48.57,Low,Clear,5.57,4,9,Low,Standard,Carrier_A,9.0
78.4,Medium,Rain,18.72,2,17,Medium,Standard,Carrier_C,19.42
104.83,High,Clear,8.3,2,23,Low,Standard,Carrier_A,10.65
84.71,Low,Clear,3.89,1,21,Low,Standard,Carrier_B,11.49
53.49,High,Rain,14.67,6,8,Medium,Standard,Carrier_A,26.97
57.92,Medium,Rain,24.74,4,9,Low,Standard,Carrier_A,16.03
156.47,Medium,Clear,7.66,2,2,Medium,Standard,Carrier_A,13.76
64.13,Medium,Clear,27.54,0,21,High,Standard,Carrier_A,9.95
135.63,High,Clear,3.4,3,7,Medium,Standard,Carrier_A,19.82
61.7,Low,Clear,4.58,2,7,Low,Standard,Carrier_B,12.07
135.1,Medium,Storm,9.07,2,9,Low,Standard,Carrier_A,17.71
69.24,Low,Clear,7.84,6,22,Medium,Express,Carrier_C,8.38
98.99,High,Clear,6.46,2,23,Medium,Standard,Carrier_A,15.73
38.47,High,Rain,10.88,0,7,High,Standard,Carrier_A,22.46
78.28,Low,Clear,7.07,2,15,Medium,Standard,Carrier_A,14.65
38.93,Low,Rain,7.9,2,5,Low,Standard,Carrier_A,7.71
47.64,Medium,Clear,11.95,3,11,Medium,Standard,Carrier_A,7.28
50.69,Medium,Clear,6.46,3,17,Medium,Standard,Carrier_A,13.05
57.18,High,Clear,9.31,1,12,High,Standard,Carrier_B,16.86
124.96,Medium,Clear,6.56,0,22,Low,Express,Carrier_A,11.91
46.23,Medium,Storm,4.56,2,12,Medium,Express,Carrier_A,13.18
72.68,Medium,Clear,16.39,2,18,Medium,Standard,Carrier_B,11.72
135.38,Medium,Clear,30.27,4,11,Medium,Express,Carrier_A,14.26
97.59,Low,Clear,19.92,2,17,Medium,Standard,Carrier_B,13.17
12.91,Low,Clear,12.37,3,19,Medium,Standard,Carrier_C,7.16
17.86,Medium,Clear,6.57,0,23,Medium,Standard,Carrier_A,3.97
85.81,Medium,Clear,8.28,0,8,Low,Standard,Carrier_A,7.15
44.42,Low,Clear,19.83,3,13,Low,Standard,Carrier_B,9.76
15.52,Medium,Rain,2.26,2,17,Low,Express,Carrier_B,10.63
41.91,Low,Clear,7.88,4,21,Low,Express,Carrier_C,2.3
88.06,Medium,Rain,16.07,4,2,Medium,Standard,Carrier_B,19.43
50.26,Low,Clear,4.76,3,0,Low,Standard,Carrier_A,1.74
67.74,Medium,Rain,13.13,2,2,Low,Standard,Carrier_C,9.72
53.76,Low,Clear,12.74,3,3,High,Standard,Carrier_A,12.34
37.36,Medium,Clear,3.88,1,6,Medium,Standard,Carrier_A,11.28
77.21,Low,Clear,10.55,2,6,High,Standard,Carrier_C,9.98
13.91,Medium,Clear,6.68,3,2,Medium,Standard,Carrier_B,12.78
33.59,High,Clear,13.07,6,22,Low,Standard,Carrier_A,11.36
110.24,Low,Clear,15.42,2,19,Medium,Express,Carrier_A,13.84
18.41,Medium,Rain,12.93,1,4,Medium,Standard,Carrier_A,14.51
65.3,Medium,Clear,10.46,1,9,Low,Standard,Carrier_B,8.73
47.27,Medium,Storm,12.03,1,9,Low,Standard,Carrier_C,16.09
43.84,Medium,Clear,4.64,1,20,Low,Express,Carrier_B,7.56
117.34,Medium,Clear,9.78,0,0,Low,Standard,Carrier_B,7.95
132.82,Medium,Clear,5.94,1,20,Low,Standard,Carrier_B,14.17
27.06,High,Clear,19.5,3,1,Low,Express,Carrier_A,7.1
57.53,High,Rain,15.55,1,12,Medium,Standard,Carrier_A,12.63
10.28,Low,Clear,15.52,5,13,Low,Standard,Carrier_A,5.21
112.95,Medium,Rain,30.38,3,5,Medium,Standard,Carrier_A,15.42
62.84,Low,Clear,8.05,1,2,Low,Standard,Carrier_A,8.39
17.21,Medium,Clear,6.98,1,10,Medium,Standard,Carrier_C,6.42
34.96,Low,Clear,7.93,3,21,Medium,Express,Carrier_A,12.29
24.97,Low,Rain,3.52,2,13,Medium,Standard,Carrier_B,8.64
33.31,Medium,Clear,3.7,1,21,Low,Standard,Carrier_C,6.88
11.4,High,Storm,14.94,1,8,Low,Standard,Carrier_B,18.22
155.39,Low,Clear,4.03,1,14,Low,Express,Carrier_A,5.6
27.98,Medium,Clear,4.96,2,20,Low,Standard,Carrier_B,12.38
65.19,Medium,Rain,9.34,1,9,Medium,Standard,Carrier_B,16.04
87.5,High,Clear,7.63,4,23,Medium,Standard,Carrier_A,14.06
132.94,Medium,Rain,17.74,3,21,Medium,Express,Carrier_A,16.8
66.84,Low,Clear,10.37,5,14,High,Standard,Carrier_B,18.01
53.14,Low,Rain,5.94,1,11,High,Standard,Carrier_A,10.2
68.88,Medium,Clear,18.76,3,4,Low,Standard,Carrier_B,11.32
26.93,Low,Storm,16.02,2,4,Medium,Express,Carrier_A,14.68
28.88,High,Clear,3.99,1,21,Low,Standard,Carrier_C,8.77
52.21,High,Rain,11.75,1,8,Medium,Express,Carrier_C,15.68
7.36,High,Clear,6.27,1,22,Medium,Standard,Carrier_A,8.83
38.01,Low,Rain,6.16,3,8,Medium,Standard,Carrier_A,8.25
45.03,Medium,Rain,33.62,1,6,Medium,Standard,Carrier_A,10.93
206.23,Medium,Rain,10.81,2,13,Medium,Standard,Carrier_B,20.47
144.28,Low,Clear,8.66,3,7,Low,Standard,Carrier_A,14.04
87.28,Low,Clear,10.54,2,9,Medium,Standard,Carrier_B,11.85
114.84,Low,Rain,17.61,4,11,High,Standard,Carrier_C,18.21
28.67,Medium,Clear,6.32,3,19,Medium,Standard,Carrier_A,10.47
70.22,High,Clear,7.06,1,20,Low,Standard,Carrier_A,13.6
105.52,High,Clear,15.28,5,15,Medium,Standard,Carrier_A,19.85
28.9,Low,Clear,3.72,1,22,Medium,Standard,Carrier_A,3.32
17.91,Medium,Clear,18.99,4,6,Medium,Express,Carrier_C,10.45
81.01,Low,Rain,3.51,0,15,Low,Standard,Carrier_A,6.79
19.92,Low,Clear,8.5,3,9,Medium,Standard,Carrier_B,7.25
92.84,Low,Clear,3.53,4,10,Low,Standard,Carrier_A,12.92
131.45,Medium,Rain,5.02,2,17,Medium,Standard,Carrier_A,17.16
29.7,Medium,Clear,23.18,2,8,Medium,Standard,Carrier_A,11.32
31.71,High,Rain,19.67,1,5,High,Standard,Carrier_C,12.14
128.93,High,Clear,21.08,2,11,High,Standard,Carrier_C,18.35
67.1,Low,Clear,3.89,2,2,Medium,Express,Carrier_A,6.44
117.8,Medium,Clear,5.04,1,13,High,Standard,Carrier_B,15.52
53.67,Low,Clear,12.44,4,17,Low,Standard,Carrier_A,8.74
56.75,Medium,Rain,15.88,5,3,Medium,Standard,Carrier_A,15.07
65.84,Medium,Clear,5.93,5,9,Medium,Standard,Carrier_A,17.75
179.93,Low,Clear,6.85,4,6,Medium,Standard,Carrier_A,13.88
111.77,Low,Clear,4.78,2,2,Medium,Standard,Carrier_B,5.36
37.0,Low,Clear,29.31,2,3,Low,Express,Carrier_A,7.33
73.87,Low,Rain,7.32,2,11,Low,Standard,Carrier_B,9.35
50.87,High,Clear,10.18,0,13,Medium,Standard,Carrier_C,8.98
43.84,Low,Clear,10.53,3,13,Low,Standard,Carrier_A,5.12
91.07,Medium,Clear,20.46,0,1,Low,Standard,Carrier_B,6.46
78.76,High,Rain,5.37,1,0,High,Standard,Carrier_C,16.97
30.0,Medium,Clear,21.31,4,2,High,Standard,Carrier_A,12.35
65.96,Medium,Clear,4.34,1,18,Low,Standard,Carrier_A,11.47
42.78,High,Rain,21.28,2,15,Low,Standard,Carrier_B,13.0
87.17,Low,Clear,3.27,1,11,Medium,Standard,Carrier_B,3.47
41.29,Low,Rain,9.32,3,0,Low,Express,Carrier_C,2.54
57.01,Medium,Clear,28.69,4,0,Low,Express,Carrier_B,12.58
44.79,Medium,Rain,15.69,0,9,Low,Standard,Carrier_A,8.69
13.4,High,Clear,13.12,1,20,High,Standard,Carrier_B,15.55
174.24,Low,Clear,5.05,1,2,Medium,Standard,Carrier_A,11.93
65.44,Medium,Clear,6.19,3,14,Low,Standard,Carrier_C,11.14
178.13,Medium,Clear,23.9,2,13,Medium,Standard,Carrier_B,18.5
67.59,High,Clear,13.56,1,23,Low,Standard,Carrier_B,8.45
102.34,Low,Clear,17.79,5,7,High,Standard,Carrier_A,14.92
39.01,Low,Clear,10.46,1,6,Low,Standard,Carrier_C,1.0
39.8,High,Rain,8.31,3,14,Low,Standard,Carrier_C,15.54
62.82,Medium,Clear,16.42,2,9,Medium,Standard,Carrier_C,8.53
177.11,Low,Rain,11.81,1,4,Low,Standard,Carrier_C,13.27
30.9,Low,Clear,8.93,0,15,Low,Standard,Carrier_B,4.64
10.23,High,Clear,3.98,5,23,High,Standard,Carrier_B,17.31
126.98,Medium,Rain,18.54,3,21,High,Standard,Carrier_A,18.88
106.59,Medium,Rain,13.28,1,2,High,Standard,Carrier_A,13.04
46.78,High,Rain,6.73,3,18,Medium,Standard,Carrier_B,15.76
221.62,Low,Clear,21.47,4,16,Low,Standard,Carrier_A,16.63
227.7,Low,Clear,11.69,2,15,High,Express,Carrier_B,12.32
12.44,Medium,Rain,11.84,1,11,Medium,Standard,Carrier_B,11.86
38.28,High,Clear,17.72,2,19,Medium,Express,Carrier_B,15.04
62.49,Low,Clear,15.4,6,13,Medium,Express,Carrier_A,6.71
85.54,Medium,Clear,12.07,2,2,Medium,Standard,Carrier_C,14.67
76.91,Low,Rain,8.82,3,3,Medium,Express,Carrier_A,10.34
65.26,Low,Rain,36.21,3,17,High,Standard,Carrier_B,21.06
27.03,High,Rain,6.19,2,9,High,Standard,Carrier_A,21.07
92.97,Low,Rain,16.2,4,13,Medium,Standard,Carrier_C,13.33
96.57,Low,Clear,9.45,0,19,High,Standard,Carrier_B,9.5
121.16,High,Clear,13.4,0,6,Medium,Express,Carrier_C,13.06
23.79,Medium,Clear,22.24,2,21,Low,Standard,Carrier_A,8.28
55.38,Medium,Clear,8.15,5,5,Medium,Standard,Carrier_C,9.72
45.03,High,Clear,14.75,1,10,Medium,Standard,Carrier_A,12.24
23.39,Low,Rain,11.85,5,6,Low,Standard,Carrier_A,9.47
54.73,Medium,Clear,6.57,2,16,Medium,Standard,Carrier_A,9.46
28.22,Medium,Clear,22.6,4,2,Medium,Standard,Carrier_B,11.18
20.01,Low,Clear,15.84,2,8,Medium,Express,Carrier_C,4.46
107.51,Medium,Clear,7.52,5,6,Medium,Standard,Carrier_B,17.35
46.58,Medium,Clear,20.44,3,17,High,Standard,Carrier_A,13.83
36.79,High,Clear,5.81,0,1,Low,Standard,Carrier_A,6.74
140.88,High,Clear,9.79,1,15,Medium,Standard,Carrier_A,12.39
98.53,High,Clear,7.55,2,16,Low,Standard,Carrier_A,22.03
9.06,Medium,Rain,16.25,1,17,Medium,Standard,Carrier_B,11.47
85.93,Low,Rain,7.3,2,12,High,Standard,Carrier_A,11.99
85.65,High,Rain,16.33,2,15,High,Standard,Carrier_B,22.99
53.03,Medium,Clear,14.68,2,3,Low,Express,Carrier_A,6.8
51.53,Medium,Clear,7.82,1,13,High,Standard,Carrier_A,13.36
15.05,High,Clear,32.76,2,16,High,Express,Carrier_A,16.05
220.01,Low,Storm,6.14,2,5,Low,Standard,Carrier_A,25.58
54.57,Low,Clear,3.99,1,4,Medium,Standard,Carrier_B,5.54
82.75,Medium,Clear,17.4,1,7,Medium,Standard,Carrier_B,14.72
56.85,Medium,Storm,2.47,0,11,Low,Standard,Carrier_C,8.65
37.29,Low,Storm,26.3,3,1,Medium,Standard,Carrier_A,14.42
113.07,Medium,Clear,10.66,6,22,Medium,Standard,Carrier_A,18.09
72.29,High,Rain,3.95,5,15,Medium,Standard,Carrier_B,17.29
54.92,Medium,Clear,5.38,2,18,Medium,Standard,Carrier_C,17.66
82.13,Low,Clear,3.45,2,20,Low,Standard,Carrier_B,9.13
60.8,Medium,Clear,12.79,1,14,Low,Standard,Carrier_C,2.16
185.92,High,Storm,4.21,1,18,High,Standard,Carrier_A,33.33
110.53,High,Clear,13.82,1,14,Medium,Standard,Carrier_B,22.79
91.51,Low,Rain,8.18,2,18,Medium,Express,Carrier_B,7.82
16.89,High,Clear,7.32,0,1,Medium,Express,Carrier_A,9.36
93.68,High,Clear,13.89,3,19,Low,Standard,Carrier_A,13.68
92.11,Medium,Rain,14.96,1,10,Low,Express,Carrier_A,10.03
28.65,Medium,Rain,21.01,2,11,Medium,Standard,Carrier_A,7.59
16.52,Low,Rain,6.61,1,7,Low,Standard,Carrier_A,10.67
107.54,Medium,Rain,9.78,1,9,Low,Standard,Carrier_B,15.45
116.57,Low,Rain,6.6,2,11,Medium,Standard,Carrier_A,17.28
39.97,Low,Clear,11.09,1,8,High,Standard,Carrier_B,9.96
38.54,High,Storm,6.01,1,22,Low,Express,Carrier_B,15.2
71.41,Low,Clear,7.57,2,12,Medium,Express,Carrier_A,1.0
46.47,High,Clear,7.6,2,18,Medium,Standard,Carrier_B,23.17
16.16,Medium,Clear,12.07,1,22,High,Standard,Carrier_A,15.33
28.37,High,Clear,9.99,2,14,Low,Express,Carrier_A,13.94
80.67,Low,Clear,13.86,2,8,High,Standard,Carrier_B,20.18
29.77,Medium,Clear,9.3,0,16,High,Standard,Carrier_A,10.45
120.46,Medium,Clear,6.84,1,0,Low,Express,Carrier_A,8.97
91.1,High,Rain,11.29,3,17,Low,Standard,Carrier_B,20.78
82.92,Low,Rain,5.49,4,0,Medium,Standard,Carrier_B,15.91
70.35,Low,Clear,14.44,0,10,Low,Standard,Carrier_B,4.06
35.94,High,Storm,8.29,0,6,Low,Express,Carrier_B,11.72
99.66,Low,Clear,11.39,4,20,High,Standard,Carrier_B,12.44
35.11,Medium,Clear,11.51,0,15,Medium,Express,Carrier_B,5.44
124.9,Low,Rain,28.25,1,14,Medium,Express,Carrier_C,10.53
167.6,Low,Clear,12.78,2,15,Medium,Standard,Carrier_A,13.18
71.98,Medium,Rain,10.46,1,17,Medium,Standard,Carrier_B,16.8
153.57,Medium,Clear,6.36,0,3,Medium,Standard,Carrier_A,9.99
28.71,Medium,Clear,16.8,3,0,High,Standard,Carrier_A,9.84
91.79,Medium,Clear,8.37,1,22,Medium,Standard,Carrier_B,10.32
64.08,Medium,Storm,3.7,3,12,Medium,Express,Carrier_A,18.43
108.77,High,Clear,8.79,4,16,Medium,Standard,Carrier_A,20.19
9.66,Low,Clear,11.3,0,8,Medium,Standard,Carrier_B,8.58
104.5,Medium,Clear,5.86,4,20,Medium,Express,Carrier_A,9.54
38.75,Medium,Clear,9.24,2,1,Low,Express,Carrier_C,4.81
66.38,High,Clear,9.52,2,10,Medium,Express,Carrier_C,8.75
217.63,Medium,Rain,9.62,1,15,Medium,Standard,Carrier_A,18.62
93.89,Medium,Clear,22.25,1,11,Low,Standard,Carrier_C,10.25
85.68,Medium,Clear,4.25,4,22,Low,Standard,Carrier_B,10.78
80.96,Medium,Clear,37.41,3,0,Low,Standard,Carrier_B,11.88
133.5,High,Clear,9.76,2,17,Low,Standard,Carrier_A,17.06
111.25,Medium,Rain,14.54,2,21,Medium,Express,Carrier_C,9.69
81.58,Medium,Rain,10.84,3,1,Medium,Express,Carrier_B,12.32
74.75,Low,Clear,3.25,4,15,Medium,Standard,Carrier_C,8.4
71.3,Medium,Clear,5.02,0,1,Medium,Express,Carrier_B,7.44
61.56,Low,Clear,7.09,1,14,Medium,Standard,Carrier_B,3.92
23.44,High,Rain,19.03,3,8,Medium,Standard,Carrier_C,14.14
92.53,Medium,Storm,4.06,3,19,Medium,Standard,Carrier_A,24.47
41.88,Low,Rain,5.72,1,5,Medium,Standard,Carrier_C,9.68
56.25,Low,Clear,11.1,7,8,Medium,Express,Carrier_A,11.13
116.26,Medium,Clear,13.56,4,0,Low,Standard,Carrier_A,9.93
62.62,High,Storm,13.3,2,17,Medium,Express,Carrier_C,20.26
59.14,Medium,Clear,5.26,2,0,Medium,Standard,Carrier_A,12.86
72.14,Low,Rain,3.53,2,16,Low,Standard,Carrier_C,15.58
51.04,Medium,Storm,14.16,4,8,Low,Standard,Carrier_A,17.39
214.67,High,Rain,25.32,2,22,Medium,Standard,Carrier_B,22.79
196.2,High,Clear,7.97,3,3,Medium,Standard,Carrier_B,24.03
192.95,Low,Clear,4.74,1,15,High,Standard,Carrier_A,18.75
81.15,Medium,Rain,7.54,1,4,Medium,Standard,Carrier_C,12.48
39.8,High,Clear,12.89,2,1,Low,Standard,Carrier_A,8.74
118.32,High,Rain,8.57,1,20,Medium,Standard,Carrier_C,13.85
51.33,Medium,Clear,24.9,2,21,Medium,Standard,Carrier_C,11.26
125.21,Medium,Rain,18.2,2,23,Medium,Express,Carrier_B,18.22
38.34,Medium,Rain,11.24,2,4,Medium,Standard,Carrier_C,9.9
85.2,Low,Clear,2.8,1,19,Low,Standard,Carrier_B,15.48
136.88,Low,Clear,6.36,3,11,High,Express,Carrier_C,14.15
53.5,Medium,Clear,6.99,0,5,Medium,Express,Carrier_B,7.08
53.36,Low,Rain,6.14,1,9,Low,Standard,Carrier_B,8.18
18.19,Medium,Clear,11.29,3,4,Low,Standard,Carrier_C,1.59
39.29,High,Clear,11.44,2,14,Medium,Standard,Carrier_B,11.93
80.06,High,Rain,3.36,4,13,Medium,Standard,Carrier_B,20.5
88.56,Low,Rain,16.83,0,4,Low,Standard,Carrier_C,15.31
97.48,Low,Rain,10.08,1,18,Medium,Standard,Carrier_B,15.88
12.09,Medium,Clear,12.58,0,13,High,Express,Carrier_A,8.65
51.52,Medium,Storm,16.19,2,15,Medium,Standard,Carrier_A,14.61
20.28,Low,Rain,6.06,1,3,Medium,Standard,Carrier_B,9.76
77.3,High,Clear,22.61,4,19,Low,Standard,Carrier_A,16.68
15.07,Low,Storm,9.1,3,8,Low,Standard,Carrier_B,12.8
25.97,Low,Clear,26.66,1,11,High,Standard,Carrier_A,12.7
109.99,Medium,Rain,5.58,4,3,Low,Express,Carrier_A,12.87
42.94,Medium,Rain,25.4,2,23,Low,Standard,Carrier_C,12.81
154.41,Medium,Clear,5.54,3,12,Low,Standard,Carrier_A,14.47
99.21,Medium,Clear,52.28,2,18,Low,Standard,Carrier_C,12.07
53.73,High,Clear,5.37,2,14,Medium,Standard,Carrier_B,11.86
121.59,Low,Clear,19.82,0,1,High,Express,Carrier_C,9.66
57.17,Medium,Rain,7.88,4,16,Low,Standard,Carrier_B,19.89
105.87,Low,Rain,15.88,4,8,Low,Standard,Carrier_A,13.09
37.76,Medium,Clear,9.71,0,14,Medium,Express,Carrier_A,7.42
126.24,Medium,Clear,4.91,2,13,High,Standard,Carrier_C,15.06
16.51,Medium,Rain,1.62,1,18,High,Express,Carrier_B,15.34
25.93,Low,Clear,50.9,2,5,High,Standard,Carrier_A,10.72
29.95,High,Clear,10.46,2,23,Low,Standard,Carrier_C,5.5
41.01,Medium,Clear,1.47,0,9,Medium,Standard,Carrier_B,11.45
82.04,High,Clear,12.14,1,17,Medium,Standard,Carrier_A,22.04
65.06,Medium,Clear,15.61,1,15,Low,Standard,Carrier_A,9.07
106.68,High,Rain,6.27,1,13,Medium,Standard,Carrier_C,19.43
138.12,Medium,Clear,6.29,2,13,Medium,Standard,Carrier_A,15.34
14.76,Medium,Clear,9.85,0,14,Medium,Standard,Carrier_C,7.8
148.96,Medium,Rain,21.8,0,20,Low,Standard,Carrier_A,12.67
56.24,High,Storm,10.64,2,6,Low,Standard,Carrier_A,18.04
190.59,Medium,Clear,25.82,1,6,Medium,Standard,Carrier_A,19.46
36.42,Medium,Rain,20.81,3,23,Low,Express,Carrier_C,7.05
10.7,Medium,Rain,8.6,2,22,Low,Standard,Carrier_A,11.35
99.96,Medium,Rain,3.59,3,9,Medium,Standard,Carrier_C,14.3
95.82,Medium,Clear,8.61,2,7,Low,Standard,Carrier_A,12.89
26.54,High,Clear,14.04,1,17,Low,Standard,Carrier_C,9.84
28.91,Medium,Clear,10.37,1,22,Low,Standard,Carrier_A,13.51
112.0,Medium,Rain,15.07,5,22,Low,Standard,Carrier_B,16.39
84.77,Medium,Rain,17.48,1,5,Low,Standard,Carrier_A,13.0
52.13,High,Clear,14.08,1,5,Medium,Standard,Carrier_A,6.59
90.7,Low,Clear,8.34,5,12,Medium,Express,Carrier_C,6.42
79.07,Low,Clear,13.98,2,4,Low,Standard,Carrier_A,8.76
31.59,Low,Clear,42.65,4,22,Medium,Standard,Carrier_C,7.57
117.57,Medium,Rain,3.79,2,8,Low,Standard,Carrier_B,16.85
102.93,Medium,Clear,13.69,3,6,Low,Standard,Carrier_B,12.05
66.13,Medium,Rain,32.81,0,23,Medium,Standard,Carrier_A,11.51
112.05,Low,Clear,4.65,3,20,High,Standard,Carrier_C,9.3
205.72,High,Rain,19.12,3,22,Low,Standard,Carrier_C,22.07
28.62,Medium,Rain,20.85,5,12,Medium,Standard,Carrier_C,12.19
53.9,Medium,Clear,3.82,4,19,Low,Express,Carrier_A,12.82
55.91,Low,Rain,15.85,3,10,Medium,Standard,Carrier_A,13.95
110.44,Low,Rain,8.36,1,1,Medium,Express,Carrier_C,2.35
40.61,Low,Storm,9.59,0,15,Medium,Express,Carrier_B,10.05
106.38,Medium,Clear,8.08,2,1,High,Standard,Carrier_A,20.64
44.48,Medium,Clear,23.41,2,4,Medium,Standard,Carrier_B,13.4
25.83,Low,Clear,9.27,2,7,High,Express,Carrier_A,10.96
68.94,Medium,Rain,7.38,2,15,Medium,Standard,Carrier_B,13.02
43.73,Low,Clear,7.46,2,18,High,Standard,Carrier_B,15.81
73.86,Medium,Storm,7.99,2,4,High,Standard,Carrier_B,17.76
86.52,Low,Clear,4.94,3,17,Medium,Standard,Carrier_A,11.21
15.88,Low,Rain,7.34,3,17,Medium,Express,Carrier_A,10.42
47.73,Low,Clear,10.77,1,14,High,Standard,Carrier_A,11.57
68.98,Medium,Clear,12.97,4,14,Medium,Standard,Carrier_A,12.93
112.37,High,Clear,21.82,1,9,Low,Standard,Carrier_B,18.43
103.44,Medium,Clear,11.67,2,3,Low,Standard,Carrier_C,10.76
33.87,Low,Rain,7.33,1,3,Low,Standard,Carrier_A,6.16
57.96,High,Clear,5.17,5,2,Low,Standard,Carrier_C,16.68
89.61,High,Clear,12.08,2,11,Low,Standard,Carrier_B,19.63
55.04,Medium,Rain,9.24,2,14,Medium,Express,Carrier_C,9.65
36.63,Low,Clear,9.44,1,3,Medium,Standard,Carrier_A,3.14
63.28,Medium,Clear,11.83,0,2,Low,Standard,Carrier_B,7.84
83.94,High,Rain,13.98,1,16,Low,Express,Carrier_B,16.36
31.22,High,Clear,11.89,0,15,Low,Standard,Carrier_C,1.64
96.23,Medium,Clear,8.93,6,22,Medium,Standard,Carrier_A,19.0
71.88,Medium,Clear,5.92,3,23,Medium,Standard,Carrier_A,9.82
98.58,High,Clear,6.7,5,23,High,Standard,Carrier_C,17.38
62.27,Low,Clear,17.31,3,2,Medium,Express,Carrier_A,6.54
186.38,Low,Rain,7.57,3,8,Medium,Express,Carrier_C,16.81
82.84,High,Clear,4.16,4,11,Low,Standard,Carrier_A,14.39
106.07,Low,Storm,21.19,3,17,Medium,Express,Carrier_A,21.38
95.97,Medium,Clear,5.41,1,22,Medium,Standard,Carrier_A,15.0
57.41,Low,Clear,10.21,2,19,High,Standard,Carrier_B,16.75
77.83,Low,Clear,13.73,1,22,Medium,Express,Carrier_B,5.34
41.37,Low,Clear,10.0,0,0,High,Standard,Carrier_C,7.75
177.9,Medium,Clear,1.99,0,0,High,Standard,Carrier_B,19.41
89.15,Medium,Rain,12.86,5,9,High,Express,Carrier_B,21.74
34.9,Medium,Rain,23.62,2,19,Medium,Standard,Carrier_B,16.41
152.74,Medium,Rain,16.63,2,7,Low,Standard,Carrier_A,18.72
59.57,High,Clear,2.51,1,5,Medium,Standard,Carrier_B,13.33
116.01,Medium,Rain,39.75,0,5,High,Standard,Carrier_C,19.55
15.46,High,Clear,4.21,2,17,High,Express,Carrier_C,12.65
135.23,Medium,Rain,4.95,2,18,High,Standard,Carrier_A,24.51
86.69,Low,Rain,16.58,3,8,Medium,Standard,Carrier_B,18.99
32.66,High,Clear,13.39,3,1,High,Express,Carrier_B,18.65
85.67,High,Clear,10.51,4,5,Medium,Standard,Carrier_B,18.01
166.7,Low,Rain,6.89,2,6,Medium,Standard,Carrier_A,20.83
42.33,Medium,Clear,23.69,1,11,Medium,Express,Carrier_C,5.25
41.89,Medium,Rain,9.72,1,9,Low,Express,Carrier_A,10.5
56.78,Low,Storm,3.6,2,4,Medium,Standard,Carrier_A,17.33
68.53,Medium,Clear,22.22,3,23,Low,Express,Carrier_B,6.39
121.0,Low,Clear,11.5,3,10,Medium,Standard,Carrier_B,12.71
89.96,Low,Clear,20.59,3,5,Medium,Standard,Carrier_C,8.5
56.74,High,Rain,14.47,4,9,Low,Standard,Carrier_A,17.52
80.14,Medium,Clear,47.21,5,17,Medium,Standard,Carrier_A,15.02
184.03,High,Clear,8.15,3,23,Low,Express,Carrier_C,16.72
100.51,Medium,Clear,10.08,2,10,Low,Standard,Carrier_A,10.59
61.22,High,Storm,15.92,2,13,Low,Standard,Carrier_A,17.97
55.53,Medium,Rain,8.19,0,7,Low,Standard,Carrier_B,13.12
76.93,Medium,Clear,16.81,1,16,High,Standard,Carrier_C,12.97
120.04,Low,Storm,1.47,2,16,Medium,Express,Carrier_C,15.71
37.81,Medium,Rain,9.51,2,4,Medium,Standard,Carrier_C,7.51
109.57,Medium,Storm,9.33,2,13,Medium,Standard,Carrier_A,14.99
60.34,Medium,Clear,9.11,1,23,Medium,Standard,Carrier_C,6.93
66.85,Medium,Clear,5.64,5,5,High,Standard,Carrier_A,17.14
276.98,Low,Rain,17.97,2,11,Medium,Standard,Carrier_A,22.5
102.42,High,Clear,7.19,1,16,Low,Express,Carrier_A,13.35
44.78,High,Clear,11.36,6,1,High,Express,Carrier_A,15.13
86.52,Medium,Rain,9.74,3,12,Medium,Standard,Carrier_A,20.39
123.94,Medium,Clear,13.81,3,14,High,Standard,Carrier_C,17.18
103.16,Medium,Clear,25.28,3,13,High,Standard,Carrier_C,14.19
8.82,High,Clear,11.32,2,7,Medium,Standard,Carrier_A,9.73
64.92,Medium,Clear,17.23,2,19,High,Standard,Carrier_A,20.48
89.07,Medium,Clear,10.96,2,7,Low,Standard,Carrier_A,8.47
84.32,Low,Clear,7.18,4,12,Medium,Standard,Carrier_B,10.24
47.56,Low,Clear,9.1,0,7,Medium,Express,Carrier_C,3.56
104.32,High,Rain,8.3,2,20,High,Standard,Carrier_B,22.09
135.6,Medium,Clear,14.43,2,10,Medium,Standard,Carrier_A,15.51
16.37,Low,Clear,10.69,4,9,Low,Standard,Carrier_C,7.58
14.93,Low,Rain,5.95,2,6,Low,Standard,Carrier_B,6.91
86.01,Medium,Clear,8.63,1,12,Medium,Standard,Carrier_B,8.22
109.99,Medium,Clear,3.7,1,18,Medium,Express,Carrier_B,18.76
42.47,Medium,Clear,8.85,1,14,Medium,Standard,Carrier_B,10.49
9.42,Medium,Rain,9.98,0,4,Medium,Standard,Carrier_A,10.09
65.69,High,Clear,32.31,1,0,Medium,Standard,Carrier_A,11.35
85.18,Medium,Clear,23.96,5,3,Low,Standard,Carrier_B,12.83
53.49,High,Clear,5.09,3,21,Low,Standard,Carrier_A,15.17
125.92,Low,Rain,11.37,1,2,High,Express,Carrier_B,9.71
81.73,Medium,Rain,11.5,1,4,Medium,Standard,Carrier_B,16.59
39.03,Low,Storm,8.59,1,9,Medium,Standard,Carrier_B,16.26
42.22,Low,Rain,8.95,4,4,Medium,Standard,Carrier_A,12.65
66.69,Low,Clear,7.92,3,2,Low,Standard,Carrier_C,11.82
50.86,Low,Clear,33.69,0,4,Low,Express,Carrier_A,1.87
14.0,High,Clear,7.61,2,0,High,Standard,Carrier_A,5.94
77.04,Medium,Clear,12.45,1,12,Low,Standard,Carrier_A,5.76
43.07,High,Clear,1.93,2,7,Low,Standard,Carrier_A,12.74
48.81,Medium,Clear,17.04,2,6,Medium,Standard,Carrier_A,14.41
28.41,Medium,Rain,21.54,0,23,High,Express,Carrier_B,10.66
169.44,Low,Rain,5.03,0,22,Medium,Standard,Carrier_B,20.94
98.48,Medium,Clear,7.15,0,0,Medium,Standard,Carrier_B,5.54
195.86,Medium,Clear,13.38,2,21,High,Standard,Carrier_A,19.2
53.29,High,Clear,10.1,3,1,High,Express,Carrier_C,16.67
102.18,High,Clear,13.51,1,14,Medium,Express,Carrier_C,14.86
77.96,Low,Clear,8.28,3,13,Low,Standard,Carrier_A,3.02
40.23,Medium,Clear,33.49,2,14,Medium,Standard,Carrier_B,8.46
52.9,Medium,Clear,6.45,3,11,High,Standard,Carrier_C,12.29
98.36,Medium,Storm,57.37,2,16,Medium,Standard,Carrier_C,19.88
28.37,Low,Clear,22.36,6,2,High,Standard,Carrier_A,16.04
126.72,Medium,Clear,17.13,2,10,Medium,Standard,Carrier_B,15.31
73.64,High,Clear,5.07,2,21,Low,Express,Carrier_B,7.4
116.19,Medium,Clear,18.02,3,13,Medium,Standard,Carrier_B,16.75
85.4,Medium,Clear,14.77,0,16,High,Standard,Carrier_C,16.0
16.49,Low,Storm,2.51,3,1,Low,Standard,Carrier_B,9.98
64.96,High,Clear,4.0,7,11,Medium,Standard,Carrier_A,14.7
128.48,Low,Clear,12.58,0,2,Medium,Standard,Carrier_B,10.0
72.89,Low,Storm,9.15,1,13,Medium,Standard,Carrier_C,18.55
66.14,Low,Clear,7.13,1,8,Medium,Standard,Carrier_C,9.27
72.84,High,Clear,20.11,5,19,Medium,Standard,Carrier_A,12.43
12.93,Medium,Clear,5.62,3,18,High,Standard,Carrier_C,9.29
136.99,Low,Clear,7.42,1,2,Low,Standard,Carrier_A,12.22
6.94,Low,Storm,6.55,2,8,Medium,Express,Carrier_C,10.86
155.25,High,Clear,13.9,3,22,Low,Standard,Carrier_B,15.4
50.54,Medium,Rain,3.26,1,0,Low,Standard,Carrier_A,8.63
89.43,Low,Clear,7.22,3,2,Low,Standard,Carrier_A,11.85
11.8,High,Rain,3.26,4,22,Low,Standard,Carrier_A,18.9
109.21,Low,Rain,8.14,1,11,Medium,Express,Carrier_A,10.74
97.4,Medium,Rain,15.96,4,14,Low,Standard,Carrier_A,16.11
93.53,Low,Rain,16.14,2,5,Low,Express,Carrier_C,8.25
11.25,Medium,Rain,6.22,1,9,High,Standard,Carrier_A,14.89
36.08,High,Clear,14.11,2,15,Medium,Standard,Carrier_C,8.75
85.71,Medium,Clear,8.84,0,7,High,Express,Carrier_A,17.22
134.63,Medium,Clear,24.16,1,20,High,Standard,Carrier_B,16.61
31.87,High,Clear,9.17,1,22,Medium,Standard,Carrier_B,9.09
32.6,High,Clear,1.44,0,14,Medium,Standard,Carrier_A,7.97
81.96,Medium,Rain,17.84,1,6,High,Express,Carrier_B,17.24
261.77,Medium,Rain,7.4,2,5,Medium,Standard,Carrier_B,23.07
40.79,High,Storm,8.35,2,0,Medium,Express,Carrier_A,21.44
50.09,Low,Clear,12.41,2,18,Low,Standard,Carrier_A,10.27
44.7,Low,Rain,3.95,2,21,Low,Standard,Carrier_B,11.94
60.44,Low,Rain,10.47,2,22,High,Standard,Carrier_A,12.64
141.46,High,Storm,14.12,3,23,Low,Standard,Carrier_A,22.14
62.77,Low,Rain,12.64,4,3,Low,Standard,Carrier_A,11.07
277.42,Low,Clear,6.76,2,16,Medium,Standard,Carrier_B,20.46
71.08,Medium,Clear,19.01,4,6,High,Standard,Carrier_C,15.97
150.17,Low,Storm,5.22,4,4,High,Standard,Carrier_A,27.22
52.91,Medium,Rain,6.64,3,12,Medium,Standard,Carrier_B,12.34
23.5,Medium,Rain,9.13,1,16,Low,Express,Carrier_A,10.44
62.69,Low,Rain,12.09,1,17,Medium,Standard,Carrier_C,12.63
94.46,High,Rain,8.08,2,11,Low,Express,Carrier_C,16.37
36.34,Low,Rain,22.17,3,3,Low,Standard,Carrier_A,13.55
135.37,High,Rain,12.08,3,1,High,Express,Carrier_A,23.7
46.37,Medium,Rain,10.48,1,1,High,Standard,Carrier_B,15.13
28.41,Low,Clear,11.81,3,18,Low,Standard,Carrier_B,12.6
245.41,Low,Clear,16.06,1,13,Medium,Standard,Carrier_B,19.37
34.82,Medium,Clear,11.66,3,8,High,Express,Carrier_A,11.93
45.34,Medium,Clear,3.08,1,19,Medium,Standard,Carrier_A,9.09
104.92,Low,Rain,20.25,1,8,Low,Express,Carrier_A,11.66
51.57,High,Rain,10.78,2,7,Low,Standard,Carrier_B,19.84
29.3,Medium,Clear,15.57,2,19,Medium,Express,Carrier_B,7.2
41.96,High,Clear,7.66,4,13,Medium,Express,Carrier_A,8.27
204.01,Low,Clear,3.04,5,16,Medium,Express,Carrier_C,14.61
96.71,Low,Rain,2.27,2,19,Low,Standard,Carrier_C,15.52
109.57,Medium,Clear,5.4,3,7,Medium,Express,Carrier_C,14.29
79.25,Low,Clear,13.96,5,0,Low,Standard,Carrier_B,15.49
88.62,Low,Clear,23.19,1,15,Low,Standard,Carrier_B,7.59
48.69,Low,Clear,12.14,4,8,Low,Express,Carrier_B,5.67
72.58,Low,Clear,5.03,2,23,Medium,Standard,Carrier_A,13.44
10.22,High,Rain,5.99,2,7,Medium,Express,Carrier_B,12.31
123.22,Low,Storm,24.16,1,19,Low,Standard,Carrier_B,22.05
48.36,High,Clear,4.25,0,17,High,Standard,Carrier_B,13.5
25.35,Low,Clear,39.1,1,16,Low,Standard,Carrier_B,8.55
75.49,Medium,Clear,33.76,2,15,Medium,Standard,Carrier_A,11.1
57.32,Medium,Clear,39.95,4,1,High,Standard,Carrier_B,12.18
120.4,Medium,Clear,12.77,3,19,Low,Standard,Carrier_A,20.2
63.69,High,Clear,7.99,4,6,Low,Standard,Carrier_C,10.06
41.25,High,Clear,12.57,4,13,Low,Standard,Carrier_C,8.78
64.79,Low,Rain,18.0,2,6,High,Standard,Carrier_B,13.56
161.14,Medium,Clear,6.53,1,5,Medium,Standard,Carrier_A,8.93
122.99,High,Rain,4.88,0,9,Low,Standard,Carrier_A,17.24
96.54,Low,Clear,8.29,3,10,Low,Standard,Carrier_C,6.98
126.44,Medium,Clear,6.04,3,21,Low,Standard,Carrier_A,15.69
101.51,Low,Clear,22.34,5,9,Medium,Standard,Carrier_C,15.62
32.79,Medium,Clear,6.68,6,22,Medium,Standard,Carrier_A,8.17
110.15,Medium,Clear,10.61,6,16,Medium,Standard,Carrier_C,15.72
136.17,Medium,Rain,18.9,1,15,Low,Standard,Carrier_A,20.72
141.09,High,Rain,22.92,4,22,High,Express,Carrier_B,21.42
27.23,Medium,Clear,11.42,2,23,High,Standard,Carrier_A,13.61
45.44,High,Clear,12.8,1,10,Medium,Standard,Carrier_C,9.18
40.38,Medium,Clear,5.15,2,9,Medium,Standard,Carrier_B,9.7
52.53,Medium,Rain,19.39,6,15,High,Standard,Carrier_B,18.02
89.94,Medium,Clear,22.68,0,4,Medium,Standard,Carrier_A,14.77
74.18,Medium,Clear,2.96,0,4,Low,Standard,Carrier_B,4.82
74.2,High,Rain,31.37,2,7,Medium,Standard,Carrier_A,20.98
21.26,Low,Rain,6.33,1,13,Low,Standard,Carrier_A,9.75
44.14,High,Rain,14.68,2,23,Low,Standard,Carrier_B,12.95
147.75,Medium,Clear,10.49,1,17,High,Standard,Carrier_B,23.36
135.79,Medium,Clear,9.59,3,7,High,Standard,Carrier_C,21.85
62.93,Medium,Clear,8.72,3,18,Medium,Standard,Carrier_A,11.11
110.35,Medium,Rain,5.23,0,12,High,Standard,Carrier_C,13.4
84.57,Medium,Rain,14.02,1,23,High,Standard,Carrier_A,15.82
118.31,Medium,Clear,8.28,1,14,Medium,Standard,Carrier_B,14.21
113.51,Low,Rain,4.26,3,23,High,Standard,Carrier_B,17.53
66.57,Medium,Clear,5.09,0,18,High,Standard,Carrier_C,14.94
96.93,Medium,Rain,4.31,1,12,Low,Standard,Carrier_A,10.09
88.35,Medium,Clear,7.09,6,18,High,Standard,Carrier_B,18.43
67.82,Medium,Clear,13.67,2,20,High,Standard,Carrier_B,14.79
57.88,Low,Clear,6.28,2,4,Low,Standard,Carrier_C,6.54
186.74,Medium,Rain,18.8,2,17,Medium,Standard,Carrier_C,25.08
67.88,Medium,Clear,9.23,1,23,Low,Standard,Carrier_A,9.52
105.94,Medium,Clear,8.26,0,12,Medium,Standard,Carrier_C,12.56
177.87,Medium,Rain,10.08,0,10,Medium,Express,Carrier_C,14.1
96.83,Medium,Rain,24.7,1,0,Low,Standard,Carrier_B,12.87
93.98,Medium,Clear,4.09,1,17,Medium,Express,Carrier_B,10.91
68.16,Low,Rain,29.27,0,23,Medium,Express,Carrier_A,8.79
89.41,Low,Rain,18.62,3,14,Low,Standard,Carrier_A,12.21
54.41,Medium,Clear,9.83,4,23,Medium,Express,Carrier_A,9.74
299.56,Low,Clear,21.52,2,3,High,Standard,Carrier_A,24.1
21.72,Low,Clear,8.09,4,12,Low,Express,Carrier_B,5.22
60.52,Low,Clear,12.01,2,18,Medium,Express,Carrier_C,12.68
97.88,Medium,Clear,7.02,0,8,Low,Standard,Carrier_A,12.08
94.03,High,Clear,18.69,3,20,Low,Standard,Carrier_A,15.99
54.34,Low,Clear,6.3,2,2,Medium,Standard,Carrier_A,9.41
15.09,Low,Clear,9.65,0,20,Low,Standard,Carrier_B,3.52
25.04,High,Rain,15.51,3,1,Medium,Standard,Carrier_A,16.21
77.78,High,Rain,19.71,2,2,Low,Standard,Carrier_B,16.49
10.94,Low,Clear,5.85,0,19,Medium,Standard,Carrier_A,2.91
102.46,High,Rain,16.27,1,23,Low,Standard,Carrier_B,15.35
143.13,Low,Clear,5.27,4,9,High,Express,Carrier_B,24.25
114.53,High,Clear,2.47,1,5,Medium,Standard,Carrier_C,17.96
129.42,Low,Clear,6.13,2,13,Low,Standard,Carrier_B,10.89
11.4,Medium,Clear,17.16,1,6,Low,Express,Carrier_C,4.48
55.94,Low,Clear,9.9,2,7,Medium,Express,Carrier_A,9.07
30.72,Medium,Rain,7.04,0,0,High,Standard,Carrier_B,18.5
17.67,Low,Clear,10.34,2,14,Medium,Standard,Carrier_A,5.79
47.65,Medium,Clear,10.12,1,3,Medium,Standard,Carrier_C,8.78
175.13,Medium,Clear,14.94,4,18,Medium,Standard,Carrier_B,19.37
205.6,Low,Clear,3.5,1,4,Low,Standard,Carrier_B,14.74
34.12,High,Rain,9.33,4,21,Medium,Express,Carrier_C,5.47
71.29,Medium,Rain,10.81,3,16,Low,Standard,Carrier_A,15.39
88.57,Low,Rain,4.11,5,11,High,Standard,Carrier_A,20.31
56.23,Low,Clear,4.07,0,10,High,Standard,Carrier_A,14.2
149.68,Medium,Clear,7.87,4,7,Low,Standard,Carrier_A,18.52
48.21,Low,Clear,10.03,1,1,Low,Standard,Carrier_B,5.56
42.27,Medium,Rain,10.05,1,1,Medium,Standard,Carrier_A,8.76
35.62,Medium,Clear,6.95,0,13,Medium,Express,Carrier_A,4.05
55.94,Medium,Clear,6.76,4,20,Medium,Standard,Carrier_A,7.02
5.0,Medium,Clear,7.71,4,16,Medium,Express,Carrier_A,8.21
57.92,High,Rain,12.11,3,20,Low,Standard,Carrier_A,11.32
74.37,Medium,Clear,22.4,4,17,Medium,Standard,Carrier_B,14.52
77.66,Medium,Storm,2.36,2,8,Low,Express,Carrier_A,16.04
29.17,High,Clear,14.95,5,22,Medium,Express,Carrier_C,12.15
76.64,Low,Clear,9.28,1,4,Low,Standard,Carrier_A,2.31
75.54,Medium,Clear,14.04,3,6,Low,Standard,Carrier_A,9.3
76.7,High,Clear,21.55,2,16,High,Standard,Carrier_A,21.33
115.97,Medium,Clear,6.11,2,0,Medium,Standard,Carrier_A,17.21
28.14,High,Rain,18.43,1,18,Medium,Standard,Carrier_C,14.72
56.73,Medium,Clear,4.41,1,7,High,Standard,Carrier_B,21.6
14.09,Medium,Clear,10.84,4,17,Medium,Express,Carrier_A,11.43
109.06,Medium,Clear,8.52,1,17,High,Standard,Carrier_C,16.67
32.01,Low,Clear,10.28,0,1,High,Standard,Carrier_B,12.93
127.7,High,Storm,5.24,1,7,Medium,Standard,Carrier_B,25.15
130.6,Low,Clear,13.25,5,23,Low,Standard,Carrier_A,10.04
60.86,High,Rain,27.97,4,22,Low,Express,Carrier_A,16.55
58.57,Medium,Clear,5.3,0,13,Medium,Express,Carrier_A,8.1
20.0,High,Clear,11.28,4,10,Low,Standard,Carrier_A,13.83
69.68,High,Rain,17.4,1,14,Low,Express,Carrier_C,14.15
115.32,Medium,Clear,8.22,3,17,Low,Express,Carrier_A,18.17
83.35,High,Rain,24.15,2,1,Low,Standard,Carrier_A,11.56
161.21,High,Clear,7.54,4,7,Medium,Standard,Carrier_B,22.71
51.94,Medium,Clear,9.25,5,0,Low,Standard,Carrier_B,10.77
51.89,Medium,Rain,5.23,0,12,Low,Standard,Carrier_B,13.51
33.84,Low,Clear,10.83,0,3,Medium,Express,Carrier_A,4.6
229.64,Low,Storm,9.99,0,21,High,Express,Carrier_A,27.39
19.83,Low,Storm,15.08,1,9,Medium,Standard,Carrier_A,15.6
109.95,Medium,Clear,6.6,2,21,High,Standard,Carrier_B,16.91
116.87,Low,Clear,6.4,1,22,Low,Standard,Carrier_A,11.0
113.65,Medium,Rain,13.47,2,6,Medium,Express,Carrier_C,13.82
36.19,Medium,Clear,24.73,5,17,Medium,Standard,Carrier_B,15.98
60.83,Medium,Rain,15.01,4,1,Medium,Standard,Carrier_C,15.54
99.77,High,Clear,33.14,3,23,Medium,Standard,Carrier_C,17.15
42.88,High,Clear,14.31,1,18,Medium,Standard,Carrier_B,17.82
54.78,High,Clear,13.98,3,16,Low,Standard,Carrier_B,15.66
43.46,Medium,Rain,15.51,1,13,Medium,Express,Carrier_A,9.69
73.05,Low,Rain,26.24,4,2,Medium,Standard,Carrier_A,10.69
69.73,High,Clear,22.3,3,6,Medium,Standard,Carrier_B,18.74
179.59,Low,Clear,4.93,0,16,Low,Standard,Carrier_A,18.76
101.22,Low,Clear,16.78,2,5,Low,Standard,Carrier_B,5.32
24.25,Medium,Clear,11.85,2,15,Low,Standard,Carrier_A,8.44
26.0,Medium,Clear,8.79,2,19,Medium,Standard,Carrier_A,10.18
111.23,Medium,Clear,3.15,2,21,Medium,Standard,Carrier_A,12.46
69.21,Low,Clear,3.67,4,1,Low,Standard,Carrier_C,9.73
221.16,High,Clear,7.87,1,13,Medium,Standard,Carrier_B,22.47
220.76,Low,Clear,3.85,1,3,Medium,Standard,Carrier_B,18.76
33.68,Low,Rain,7.98,0,5,Low,Standard,Carrier_B,6.49
84.22,Medium,Clear,15.87,1,21,Low,Express,Carrier_C,10.78
26.28,Medium,Storm,6.84,3,17,High,Standard,Carrier_A,20.47
110.0,High,Clear,10.53,2,16,High,Express,Carrier_C,16.21
195.94,Low,Clear,4.98,1,18,High,Express,Carrier_A,19.09
76.37,Low,Rain,12.11,3,2,Medium,Standard,Carrier_B,11.53
50.59,Low,Clear,13.88,2,12,High,Standard,Carrier_C,10.79
90.15,High,Rain,3.96,1,5,Low,Express,Carrier_C,16.79
125.11,High,Clear,6.12,3,2,Low,Standard,Carrier_B,16.92
125.65,Medium,Clear,4.38,3,21,Low,Standard,Carrier_B,10.25
51.01,Medium,Rain,13.89,0,9,Medium,Standard,Carrier_A,11.89
42.05,High,Clear,11.1,2,4,Low,Express,Carrier_A,10.89
81.16,Low,Clear,9.66,1,20,Medium,Standard,Carrier_B,10.39
53.58,Low,Clear,9.18,3,16,Low,Express,Carrier_B,10.53
149.72,Medium,Clear,12.3,1,7,Medium,Standard,Carrier_B,16.13
53.1,Low,Clear,12.46,4,19,High,Standard,Carrier_A,13.49
72.56,Medium,Rain,7.23,0,17,Medium,Standard,Carrier_B,17.1
88.64,Medium,Clear,6.6,4,6,Medium,Standard,Carrier_A,17.8
20.5,Medium,Storm,9.6,1,6,Low,Standard,Carrier_B,12.77
44.85,Medium,Clear,8.82,5,4,Low,Standard,Carrier_B,11.28
215.07,Medium,Clear,38.07,1,7,Medium,Standard,Carrier_A,23.84
121.69,Low,Clear,7.77,0,6,Low,Standard,Carrier_C,8.3
52.58,High,Rain,12.04,3,8,Medium,Standard,Carrier_B,21.34
110.3,Medium,Rain,13.5,3,4,High,Standard,Carrier_A,17.09
148.14,Low,Clear,24.79,1,3,Low,Standard,Carrier_A,11.15
58.79,Low,Clear,5.89,2,17,Low,Express,Carrier_A,5.1
117.94,Low,Rain,23.83,3,8,Low,Standard,Carrier_C,10.25
107.23,Low,Clear,9.06,7,2,High,Express,Carrier_A,13.13
26.66,Low,Clear,50.7,1,17,Low,Standard,Carrier_B,9.58
59.02,Low,Rain,12.63,0,5,Medium,Standard,Carrier_B,12.22
182.59,High,Clear,4.49,3,9,Medium,Standard,Carrier_A,25.03
211.23,High,Rain,8.77,1,20,Medium,Standard,Carrier_A,24.75
122.34,High,Rain,23.77,1,7,Medium,Standard,Carrier_A,20.29
43.69,Medium,Clear,10.52,2,4,Low,Standard,Carrier_C,1.86
8.03,Medium,Clear,9.6,0,16,High,Standard,Carrier_C,7.01
39.2,Medium,Clear,15.92,3,1,Low,Standard,Carrier_C,10.69
23.59,High,Rain,7.97,0,12,Medium,Standard,Carrier_A,9.88
191.15,Medium,Clear,8.7,2,19,High,Express,Carrier_B,21.46
13.75,Medium,Clear,5.4,4,10,Low,Express,Carrier_B,6.83
27.3,High,Clear,30.68,0,3,Medium,Standard,Carrier_C,5.78
80.02,Medium,Clear,4.51,1,19,Medium,Standard,Carrier_B,14.86
68.87,Low,Clear,11.14,5,17,Low,Standard,Carrier_B,17.22
176.92,Low,Clear,13.63,1,9,Medium,Express,Carrier_A,14.37
102.88,Medium,Clear,9.89,2,3,Low,Standard,Carrier_C,9.48
62.19,Low,Clear,4.41,2,13,Medium,Express,Carrier_B,4.46
151.48,Low,Clear,5.21,0,18,Medium,Standard,Carrier_A,13.36
51.46,Low,Clear,14.01,2,0,Medium,Standard,Carrier_C,8.9
186.07,Medium,Clear,6.01,0,11,Medium,Standard,Carrier_B,16.82
35.07,High,Clear,2.59,3,8,Medium,Standard,Carrier_A,13.49
67.09,Medium,Clear,12.83,0,8,Low,Express,Carrier_B,11.74
9.53,Low,Clear,5.66,2,5,Low,Standard,Carrier_A,3.19
126.49,Medium,Storm,15.03,3,15,Low,Standard,Carrier_B,20.08
76.92,Medium,Clear,8.75,2,21,High,Express,Carrier_B,13.58
186.38,Medium,Clear,8.48,0,2,Medium,Express,Carrier_C,16.66
57.47,Medium,Clear,10.32,2,0,Low,Standard,Carrier_A,8.01
20.22,Low,Rain,4.76,2,9,Medium,Standard,Carrier_B,9.62
94.24,Medium,Clear,5.83,1,16,Medium,Standard,Carrier_A,15.07
45.87,Low,Storm,8.42,2,1,Medium,Standard,Carrier_A,13.75
114.88,Medium,Clear,4.74,3,18,Medium,Standard,Carrier_B,18.91
35.67,High,Clear,15.86,0,17,Low,Standard,Carrier_B,6.51
165.66,High,Clear,8.17,2,7,Low,Standard,Carrier_C,18.96
72.52,Low,Rain,3.89,5,7,Medium,Express,Carrier_B,14.51
62.37,Medium,Clear,6.94,5,6,Medium,Standard,Carrier_A,9.92
158.68,High,Rain,10.65,1,17,Medium,Standard,Carrier_A,19.27
127.71,High,Rain,7.46,0,3,Low,Standard,Carrier_B,16.67
39.75,Low,Clear,12.93,1,8,High,Standard,Carrier_B,9.87
125.32,Medium,Clear,14.49,1,6,Low,Express,Carrier_A,1.2
108.91,Low,Clear,47.52,3,8,Medium,Standard,Carrier_C,10.8
64.93,Low,Clear,21.07,2,21,Medium,Standard,Carrier_C,4.84
118.8,Medium,Clear,3.44,3,0,Low,Standard,Carrier_B,13.73
165.19,Medium,Clear,7.89,4,1,Low,Standard,Carrier_A,12.5
66.32,Low,Storm,8.39,2,9,Medium,Standard,Carrier_A,18.0
66.48,High,Clear,14.49,1,10,Medium,Standard,Carrier_B,11.5
63.91,Medium,Rain,5.44,2,23,High,Express,Carrier_A,15.9
38.49,High,Rain,7.06,4,6,Medium,Standard,Carrier_A,17.09
65.83,High,Clear,4.44,1,13,High,Express,Carrier_B,13.91
60.67,High,Clear,6.74,2,16,Medium,Express,Carrier_A,13.86
58.13,High,Clear,6.91,5,16,Medium,Standard,Carrier_A,19.18
57.49,Low,Rain,8.14,2,8,High,Standard,Carrier_A,15.98
27.24,Low,Clear,4.61,3,20,High,Standard,Carrier_A,10.53
136.09,High,Rain,18.88,2,8,Low,Standard,Carrier_B,15.92
44.79,Low,Clear,13.56,1,10,Medium,Standard,Carrier_C,4.81
171.12,Medium,Clear,3.89,2,1,Low,Standard,Carrier_A,12.4
32.44,Medium,Rain,10.14,1,23,High,Standard,Carrier_A,16.26
196.1,Low,Clear,3.61,4,21,Medium,Standard,Carrier_A,16.26
53.35,Low,Rain,23.87,3,5,Medium,Standard,Carrier_B,10.92
126.31,Medium,Clear,28.48,3,12,High,Standard,Carrier_A,19.44
76.4,Medium,Clear,9.62,0,20,Low,Standard,Carrier_A,3.72
24.07,Medium,Clear,5.73,1,1,Medium,Standard,Carrier_C,6.54
25.22,Low,Clear,6.48,5,16,Medium,Standard,Carrier_C,4.72
41.94,Medium,Rain,7.43,1,18,Low,Standard,Carrier_A,9.47
51.11,Low,Clear,9.31,1,15,Low,Express,Carrier_A,2.23
67.83,Medium,Clear,24.31,5,18,Medium,Standard,Carrier_B,20.7
88.06,Low,Clear,18.56,0,5,Low,Express,Carrier_B,5.76
61.62,Low,Clear,18.75,2,11,High,Standard,Carrier_A,9.03
84.87,High,Rain,11.14,3,15,Low,Express,Carrier_C,13.14
94.51,Low,Clear,4.71,5,23,Low,Standard,Carrier_B,16.07
59.64,Medium,Storm,6.05,2,1,Low,Express,Carrier_C,7.04
107.73,Low,Clear,10.38,1,5,Medium,Standard,Carrier_C,11.83
123.92,Low,Clear,4.57,4,7,Medium,Express,Carrier_C,13.96
96.15,Low,Clear,12.15,1,20,High,Standard,Carrier_A,12.23
99.85,High,Clear,16.83,3,18,Low,Standard,Carrier_A,15.97
79.76,Medium,Rain,14.22,0,20,Low,Standard,Carrier_A,14.77
143.79,Low,Rain,13.85,2,15,Low,Standard,Carrier_B,17.17
68.95,Medium,Clear,2.97,1,12,Medium,Express,Carrier_A,4.99
42.53,Medium,Rain,23.73,3,9,Low,Express,Carrier_A,11.38
70.41,High,Clear,3.6,3,12,Low,Standard,Carrier_A,16.27
24.45,High,Rain,9.03,3,2,Medium,Standard,Carrier_A,16.06
21.91,Medium,Clear,14.91,2,2,Medium,Standard,Carrier_C,8.31
124.31,Medium,Rain,12.59,5,1,Low,Standard,Carrier_C,12.57
172.89,Medium,Clear,4.35,2,3,Medium,Standard,Carrier_A,22.86
54.6,High,Storm,4.88,3,7,Medium,Standard,Carrier_A,24.86
125.09,Medium,Storm,12.02,1,10,Low,Standard,Carrier_B,24.64
12.11,Low,Clear,13.9,1,23,Medium,Standard,Carrier_B,7.21
96.35,High,Clear,4.86,2,22,Low,Standard,Carrier_A,13.44
69.15,High,Clear,12.87,3,18,Medium,Standard,Carrier_A,14.98
190.89,Medium,Clear,3.73,2,5,Medium,Standard,Carrier_B,21.3
62.41,Medium,Clear,14.97,0,12,Medium,Express,Carrier_A,11.2
30.48,Medium,Clear,5.62,2,11,Medium,Standard,Carrier_B,12.69
19.24,High,Rain,10.51,5,15,Medium,Standard,Carrier_C,21.41
70.37,Medium,Clear,9.42,2,1,Low,Standard,Carrier_C,8.81
79.65,Medium,Clear,21.21,2,1,Medium,Standard,Carrier_B,11.02
59.69,Medium,Rain,11.67,2,7,High,Standard,Carrier_A,18.51
126.91,Medium,Clear,6.76,1,1,Medium,Standard,Carrier_C,14.7
161.16,Low,Clear,12.6,5,8,Medium,Standard,Carrier_B,19.0
54.16,High,Storm,40.15,2,9,Medium,Standard,Carrier_B,23.78
14.46,Low,Clear,16.14,1,23,High,Express,Carrier_A,6.73
85.2,Medium,Clear,9.6,3,16,Medium,Express,Carrier_B,15.19
145.64,High,Clear,5.8,0,4,Medium,Standard,Carrier_B,17.99
54.34,Medium,Rain,6.68,3,14,High,Standard,Carrier_B,17.75
99.84,Low,Clear,15.52,0,2,High,Standard,Carrier_A,13.85
28.63,High,Clear,5.61,1,23,High,Standard,Carrier_A,15.68
83.8,Low,Clear,9.99,3,1,Low,Standard,Carrier_B,8.65
101.06,High,Clear,25.39,3,5,Medium,Express,Carrier_A,9.42
85.41,Low,Clear,11.0,6,12,Low,Standard,Carrier_B,9.49
222.77,Medium,Clear,4.95,0,16,Medium,Standard,Carrier_A,21.13
171.56,Medium,Storm,41.08,4,12,Medium,Standard,Carrier_C,22.73
112.03,Medium,Clear,31.36,4,22,Low,Standard,Carrier_A,14.07
136.95,Medium,Rain,13.82,3,4,Medium,Standard,Carrier_A,17.67
83.4,Low,Rain,22.86,3,23,Low,Express,Carrier_C,9.04
67.01,Medium,Storm,8.39,5,5,High,Standard,Carrier_A,24.06
50.13,Low,Rain,15.97,3,17,Medium,Standard,Carrier_B,18.03
28.12,High,Clear,7.57,1,7,Low,Standard,Carrier_A,11.19
176.61,Medium,Rain,4.13,7,16,Medium,Standard,Carrier_C,21.42
228.23,Medium,Clear,53.77,1,0,Medium,Standard,Carrier_A,20.44
71.56,Low,Clear,4.0,1,17,Medium,Express,Carrier_B,11.65
72.43,Medium,Clear,12.1,0,19,Medium,Standard,Carrier_B,6.59
103.87,Medium,Clear,12.01,5,8,High,Standard,Carrier_B,19.16
62.62,Low,Clear,13.95,1,18,Low,Express,Carrier_B,7.73
31.21,Medium,Rain,9.41,5,12,Low,Standard,Carrier_A,10.39
23.81,Low,Clear,9.47,1,7,Low,Standard,Carrier_B,7.81
223.21,Low,Clear,10.91,0,13,Low,Express,Carrier_B,11.73
16.55,Medium,Clear,13.63,5,13,Medium,Standard,Carrier_B,14.03
87.63,Low,Rain,9.96,2,8,Low,Express,Carrier_B,12.34
18.66,Low,Clear,9.54,2,7,Medium,Express,Carrier_C,1.0
64.86,Medium,Clear,4.23,0,10,Medium,Standard,Carrier_B,12.19
53.96,Medium,Rain,36.93,2,0,Medium,Standard,Carrier_B,16.36
21.54,Low,Rain,14.13,3,13,High,Standard,Carrier_B,13.58
106.28,Low,Clear,11.42,2,14,Medium,Standard,Carrier_A,5.9
29.41,Medium,Clear,6.65,3,12,Low,Express,Carrier_B,9.31
19.03,Medium,Clear,5.19,2,17,Medium,Express,Carrier_B,6.48
114.08,Medium,Storm,17.44,1,11,Low,Standard,Carrier_A,16.93
54.13,Medium,Clear,8.99,4,8,Medium,Standard,Carrier_B,13.23
38.98,High,Rain,14.93,3,19,Medium,Standard,Carrier_A,13.63
118.71,High,Clear,4.14,1,5,High,Standard,Carrier_B,19.67
28.17,Medium,Clear,27.26,0,0,Low,Standard,Carrier_A,6.21
14.85,Low,Clear,17.92,5,6,Low,Standard,Carrier_B,8.21
154.36,Low,Clear,9.46,5,17,Low,Standard,Carrier_A,15.82
203.87,Low,Rain,13.52,4,8,Medium,Standard,Carrier_A,20.57
63.63,Medium,Rain,16.15,0,4,High,Standard,Carrier_B,19.7
5.0,High,Clear,4.18,6,11,Medium,Express,Carrier_A,11.67
63.02,Medium,Rain,29.68,3,4,Medium,Express,Carrier_A,9.43
123.17,Low,Clear,13.66,0,18,Low,Standard,Carrier_A,12.25
144.55,Medium,Clear,6.31,2,2,Medium,Standard,Carrier_A,15.88
30.92,High,Clear,4.89,0,4,Low,Express,Carrier_A,8.11
56.11,Low,Clear,18.95,3,18,Low,Standard,Carrier_C,8.89
83.01,High,Rain,11.44,2,16,Medium,Express,Carrier_A,15.53
118.56,High,Clear,13.65,1,5,Low,Standard,Carrier_B,11.48
110.42,Medium,Rain,10.15,2,23,Low,Standard,Carrier_B,13.57
98.98,Medium,Clear,5.2,2,1,Low,Standard,Carrier_A,6.0
144.31,Medium,Rain,13.88,3,4,Low,Standard,Carrier_A,17.38
66.94,Low,Clear,8.77,3,5,Medium,Express,Carrier_A,3.09
177.63,Medium,Clear,9.83,4,12,Low,Express,Carrier_A,13.55
45.96,Low,Rain,46.76,1,12,Medium,Standard,Carrier_A,12.16
111.57,Medium,Clear,17.55,1,8,Medium,Standard,Carrier_B,15.22
51.12,High,Clear,18.22,2,5,Medium,Standard,Carrier_A,12.77
64.3,Medium,Rain,58.46,2,14,Low,Standard,Carrier_B,14.63
71.7,Medium,Rain,12.81,1,9,Medium,Standard,Carrier_A,16.36
48.98,Low,Clear,10.78,0,21,Medium,Standard,Carrier_C,8.59
148.37,Low,Rain,6.41,0,1,Medium,Standard,Carrier_A,15.85
52.99,Medium,Rain,7.43,3,21,Medium,Standard,Carrier_A,14.1
69.13,Low,Rain,2.64,0,19,High,Standard,Carrier_A,9.36
103.07,High,Clear,16.67,1,10,Medium,Express,Carrier_C,13.0
284.38,Low,Clear,4.38,2,16,High,Express,Carrier_B,29.56
105.58,High,Storm,17.94,4,18,Medium,Standard,Carrier_A,28.44
73.48,Medium,Clear,9.7,2,21,High,Express,Carrier_A,14.53
12.47,Medium,Clear,10.84,2,12,High,Standard,Carrier_B,9.79
63.08,High,Storm,9.7,4,1,Low,Standard,Carrier_C,19.35
42.61,Medium,Clear,24.56,2,18,Medium,Standard,Carrier_A,13.37
55.56,Low,Clear,21.89,3,3,Low,Standard,Carrier_A,8.74
50.33,High,Rain,9.79,3,21,High,Express,Carrier_A,19.01
102.39,Medium,Rain,5.56,5,19,Low,Express,Carrier_A,12.61
62.12,Low,Storm,18.18,3,17,Medium,Standard,Carrier_A,16.47
35.06,Medium,Rain,5.29,1,8,Low,Standard,Carrier_A,7.45
126.55,Medium,Clear,3.63,1,1,High,Standard,Carrier_A,16.6
25.72,Medium,Clear,13.79,1,10,High,Standard,Carrier_B,11.19
71.14,High,Clear,22.02,3,5,Medium,Standard,Carrier_A,14.31
63.4,Medium,Rain,7.67,2,23,Low,Express,Carrier_A,7.32
89.37,Low,Clear,12.97,4,18,Medium,Standard,Carrier_C,10.79
145.28,Low,Clear,7.61,7,4,Low,Express,Carrier_A,13.18
300.0,Low,Clear,15.95,2,0,High,Standard,Carrier_A,27.69
73.45,Medium,Clear,20.32,2,22,Low,Standard,Carrier_A,13.89
42.07,Low,Clear,8.41,3,12,Medium,Standard,Carrier_B,13.81
39.0,Medium,Clear,5.11,2,17,Low,Standard,Carrier_B,9.43
38.85,Medium,Clear,3.87,1,14,High,Standard,Carrier_B,8.94
87.17,High,Storm,18.21,0,7,Medium,Express,Carrier_A,23.1
9.71,Low,Rain,4.76,2,19,High,Standard,Carrier_B,17.89
24.4,Low,Clear,12.7,1,5,Low,Standard,Carrier_C,4.59
87.22,High,Rain,16.53,2,19,Medium,Standard,Carrier_A,19.53
130.66,Medium,Clear,7.2,2,23,Low,Standard,Carrier_B,11.86
131.16,Medium,Clear,8.95,4,1,Medium,Standard,Carrier_C,16.67
75.88,Medium,Clear,19.09,3,18,Low,Express,Carrier_A,12.18
119.9,High,Rain,5.9,3,16,Medium,Standard,Carrier_A,22.74
146.91,Low,Rain,5.52,3,18,Medium,Express,Carrier_A,13.53
52.4,High,Clear,8.56,4,18,Low,Standard,Carrier_B,13.25
137.41,Low,Rain,22.89,1,22,Medium,Standard,Carrier_C,13.76
17.63,High,Rain,28.42,3,2,High,Standard,Carrier_C,19.55
23.8,Low,Rain,9.35,0,7,Medium,Standard,Carrier_B,13.42
54.76,Low,Clear,6.28,2,11,Medium,Standard,Carrier_A,7.01
15.55,Low,Rain,19.92,0,21,Low,Standard,Carrier_A,1.0
103.5,High,Clear,3.37,6,15,Medium,Standard,Carrier_A,22.29
46.72,High,Clear,11.72,2,14,High,Standard,Carrier_A,18.86
63.89,Low,Rain,9.69,3,8,Low,Standard,Carrier_C,12.09
65.6,Medium,Clear,23.13,2,2,High,Standard,Carrier_A,12.42
53.74,Low,Rain,24.7,3,8,Medium,Standard,Carrier_B,14.19
38.66,Low,Rain,5.41,2,11,Low,Standard,Carrier_A,10.63
100.21,High,Clear,11.12,2,2,Low,Standard,Carrier_B,16.52
45.97,Low,Clear,6.88,0,3,Medium,Standard,Carrier_B,6.15
64.98,High,Rain,8.24,4,18,High,Express,Carrier_A,26.69
89.98,High,Rain,14.9,3,5,Medium,Standard,Carrier_B,15.18
146.13,Low,Rain,8.02,1,5,Medium,Standard,Carrier_B,14.45
138.78,Medium,Clear,11.31,1,2,High,Standard,Carrier_B,16.26
49.13,High,Clear,18.58,5,10,Low,Standard,Carrier_A,13.68
37.08,High,Clear,26.71,0,1,Medium,Standard,Carrier_B,15.19
165.4,Medium,Rain,12.03,3,12,Medium,Standard,Carrier_B,22.88
45.78,Low,Clear,10.77,1,1,Medium,Standard,Carrier_A,7.32
97.53,Low,Rain,4.86,4,2,Low,Standard,Carrier_B,10.24
14.75,High,Clear,27.96,5,23,Medium,Standard,Carrier_C,15.34
9.43,Medium,Clear,13.77,1,10,Low,Standard,Carrier_A,1.94
73.39,Medium,Clear,10.9,2,7,Medium,Standard,Carrier_A,12.11
58.79,Medium,Clear,10.54,2,3,High,Standard,Carrier_A,12.81
114.61,Medium,Clear,12.61,2,10,Low,Express,Carrier_B,8.57
39.02,Low,Clear,16.47,1,5,Medium,Standard,Carrier_B,5.58
85.42,Medium,Rain,17.85,5,5,High,Standard,Carrier_B,23.05
110.61,High,Clear,28.42,1,8,Low,Standard,Carrier_B,21.42
40.27,Medium,Rain,11.68,3,3,Low,Standard,Carrier_C,9.87
54.71,Low,Clear,31.19,6,11,High,Standard,Carrier_A,9.39
28.01,High,Clear,19.84,0,9,Medium,Standard,Carrier_B,14.38
117.33,Medium,Rain,9.59,1,10,Low,Standard,Carrier_C,10.83
101.07,Medium,Clear,3.37,2,18,Low,Standard,Carrier_A,13.93
106.15,High,Clear,10.54,6,1,Low,Standard,Carrier_A,17.96
58.61,Medium,Clear,27.47,1,6,Medium,Standard,Carrier_C,3.8
99.92,High,Clear,6.03,1,8,High,Standard,Carrier_A,18.56
62.46,High,Rain,10.52,1,9,Medium,Standard,Carrier_B,20.3
183.45,Low,Clear,11.1,2,0,Low,Express,Carrier_A,11.33
69.31,Medium,Clear,18.4,5,6,High,Standard,Carrier_B,14.12
133.64,Low,Rain,7.75,0,6,Medium,Standard,Carrier_A,15.33
58.85,Medium,Clear,5.67,2,21,Low,Standard,Carrier_B,4.98
159.38,Medium,Storm,14.45,2,2,High,Standard,Carrier_A,26.28
37.0,Medium,Clear,6.15,4,11,Medium,Standard,Carrier_A,8.94
92.86,High,Clear,3.03,1,4,Medium,Standard,Carrier_C,14.73
42.96,Medium,Clear,32.99,1,23,High,Express,Carrier_B,10.37
82.92,High,Clear,18.22,0,12,Low,Standard,Carrier_B,14.05
45.95,Medium,Clear,33.93,2,7,Medium,Standard,Carrier_A,15.95
69.12,Medium,Clear,17.6,0,22,High,Standard,Carrier_A,14.16
51.13,Low,Clear,15.52,1,15,Low,Standard,Carrier_C,6.83
108.03,Medium,Clear,12.68,0,4,High,Standard,Carrier_B,17.1
95.49,Medium,Clear,8.84,3,17,Low,Express,Carrier_B,7.85
41.8,Low,Clear,13.91,1,17,High,Standard,Carrier_A,12.02
40.88,High,Clear,6.96,4,12,Medium,Standard,Carrier_B,15.63
34.49,Medium,Clear,4.98,3,1,Medium,Standard,Carrier_B,12.28
29.19,Medium,Clear,8.04,2,17,Medium,Standard,Carrier_A,10.51
112.87,High,Clear,23.09,0,8,Low,Standard,Carrier_A,17.43
32.92,Medium,Clear,4.48,3,2,Low,Standard,Carrier_A,5.06
87.72,Medium,Clear,4.52,2,9,Medium,Standard,Carrier_C,18.79
47.89,Medium,Rain,14.65,1,11,High,Standard,Carrier_C,15.11
131.14,Low,Clear,7.62,2,2,Low,Standard,Carrier_A,8.07
211.74,Medium,Clear,13.68,1,5,Medium,Standard,Carrier_C,21.04
5.0,Low,Rain,18.98,1,15,Low,Standard,Carrier_B,3.74
36.63,Low,Clear,13.46,3,16,Medium,Express,Carrier_C,7.53
47.3,Medium,Clear,6.61,4,3,Medium,Standard,Carrier_B,12.54
60.1,Low,Rain,22.96,4,5,Medium,Standard,Carrier_A,11.57
57.44,High,Rain,16.16,1,19,Medium,Express,Carrier_C,14.16
23.5,Medium,Storm,10.15,2,2,Low,Express,Carrier_C,11.05
214.46,Low,Storm,9.84,3,14,Low,Standard,Carrier_B,21.22
58.98,High,Clear,12.72,1,10,Medium,Express,Carrier_A,11.29
95.2,Medium,Rain,8.14,1,17,Medium,Express,Carrier_B,15.34
97.17,Medium,Clear,3.45,4,0,Low,Standard,Carrier_A,17.45
18.98,Medium,Rain,16.24,2,3,Low,Standard,Carrier_C,12.39
53.33,High,Clear,15.63,3,19,Low,Standard,Carrier_C,11.51
112.87,Low,Clear,2.24,3,7,Low,Standard,Carrier_A,12.1
165.92,Low,Clear,13.9,2,9,Medium,Express,Carrier_A,12.63
54.17,High,Clear,31.24,2,16,High,Standard,Carrier_A,17.63
22.36,Low,Clear,4.79,3,11,Low,Standard,Carrier_C,7.07
44.29,Medium,Rain,9.51,2,10,Low,Standard,Carrier_B,11.12
52.45,Medium,Clear,8.86,2,1,Medium,Standard,Carrier_A,8.45
50.99,Medium,Rain,29.35,3,15,Medium,Standard,Carrier_C,14.38
34.52,High,Clear,20.67,2,3,Medium,Standard,Carrier_C,5.95
20.25,High,Clear,5.64,3,9,Low,Standard,Carrier_C,10.48
27.78,Low,Clear,12.46,2,8,Low,Standard,Carrier_B,12.29
44.58,Medium,Clear,44.56,2,16,High,Standard,Carrier_C,18.32
111.63,Medium,Clear,6.65,3,16,Medium,Standard,Carrier_A,19.66
140.4,Medium,Clear,9.9,4,15,Medium,Standard,Carrier_A,12.75
74.55,High,Clear,13.93,5,14,Medium,Express,Carrier_B,12.13
28.46,Medium,Rain,6.71,2,7,High,Standard,Carrier_A,14.6
46.56,Low,Clear,31.38,3,8,Medium,Standard,Carrier_A,11.11
9.92,High,Rain,7.34,3,21,Low,Standard,Carrier_A,9.98
167.95,High,Rain,4.04,2,17,Low,Standard,Carrier_B,18.6
41.16,Low,Clear,7.09,1,17,Low,Standard,Carrier_B,10.94
89.88,High,Rain,15.25,4,20,High,Standard,Carrier_C,23.25
134.1,Low,Rain,5.94,4,1,Low,Express,Carrier_A,11.13
197.86,Low,Rain,12.14,2,0,Medium,Standard,Carrier_B,21.79
119.81,Low,Rain,14.38,1,0,Medium,Standard,Carrier_C,15.54
50.75,High,Clear,4.55,1,11,Medium,Standard,Carrier_C,4.56
98.16,Low,Storm,6.91,3,17,Medium,Express,Carrier_A,20.28
193.27,Low,Clear,12.51,5,22,Medium,Standard,Carrier_B,19.13
40.85,Medium,Clear,15.75,1,15,Low,Express,Carrier_C,1.0
19.31,Medium,Rain,7.03,0,17,Low,Standard,Carrier_C,11.64
34.74,Low,Clear,11.01,3,22,Low,Standard,Carrier_A,6.38
93.8,Low,Clear,8.29,2,4,High,Standard,Carrier_B,9.84
51.73,High,Clear,16.01,1,16,High,Standard,Carrier_B,19.5
64.6,Medium,Clear,13.98,3,15,High,Express,Carrier_A,12.66
104.59,High,Rain,7.82,4,4,Low,Standard,Carrier_B,20.71
34.11,Low,Clear,13.61,2,11,Low,Standard,Carrier_A,1.0
62.32,Medium,Clear,7.63,3,1,Medium,Standard,Carrier_A,10.27
45.94,High,Rain,13.43,3,11,Low,Express,Carrier_A,9.37
188.38,Low,Rain,13.55,2,12,High,Standard,Carrier_A,20.45
117.36,Low,Rain,46.58,3,9,Medium,Standard,Carrier_A,12.99
52.0,Medium,Clear,8.02,2,11,High,Standard,Carrier_C,8.78
49.83,Medium,Rain,9.1,1,15,High,Standard,Carrier_A,18.57
201.98,Low,Clear,6.55,2,22,Medium,Express,Carrier_A,17.48
191.63,High,Rain,5.1,1,9,Low,Standard,Carrier_B,26.6
93.38,Medium,Clear,7.41,4,17,High,Standard,Carrier_B,23.89
66.77,Medium,Clear,15.37,1,10,Medium,Standard,Carrier_B,5.96
23.89,Low,Clear,16.11,2,21,High,Standard,Carrier_C,8.55
34.99,Medium,Clear,12.09,0,13,Low,Standard,Carrier_B,7.63
22.3,Medium,Clear,8.23,2,18,Medium,Standard,Carrier_B,10.49
137.58,High,Clear,7.24,5,6,Medium,Standard,Carrier_B,15.74
24.22,Medium,Rain,5.5,2,15,Low,Standard,Carrier_B,12.71
49.35,High,Clear,6.95,3,6,Medium,Standard,Carrier_B,16.32
12.1,Medium,Clear,4.3,4,13,Low,Express,Carrier_A,3.61
17.54,Medium,Clear,24.11,4,4,Medium,Express,Carrier_A,10.07
107.79,High,Rain,32.92,0,13,Medium,Standard,Carrier_A,17.67
83.86,Medium,Clear,2.83,1,4,Low,Standard,Carrier_A,10.79
68.5,Medium,Clear,12.04,3,12,Medium,Standard,Carrier_A,8.97
50.05,High,Storm,11.91,2,11,Low,Standard,Carrier_B,19.94
15.42,High,Rain,11.42,1,20,Medium,Standard,Carrier_C,12.6
45.07,Low,Clear,6.79,0,2,Low,Standard,Carrier_A,3.75
59.62,Low,Clear,19.39,2,5,Medium,Standard,Carrier_B,2.34
102.96,Medium,Storm,13.02,4,17,Medium,Express,Carrier_A,21.88
132.69,High,Clear,19.53,3,21,Medium,Express,Carrier_B,18.07
110.04,Medium,Clear,6.18,2,19,Medium,Standard,Carrier_A,12.52
83.51,Medium,Clear,4.06,1,13,Medium,Standard,Carrier_C,11.62
67.75,Medium,Rain,13.23,0,6,Medium,Standard,Carrier_A,12.45
77.9,Low,Clear,5.33,2,10,Medium,Standard,Carrier_C,9.83
42.76,Low,Storm,19.8,3,20,Medium,Standard,Carrier_A,14.4
71.95,Low,Rain,2.5,3,5,Medium,Standard,Carrier_B,8.67
59.37,Low,Clear,7.36,3,23,Medium,Express,Carrier_A,2.43
253.95,Medium,Clear,6.68,2,6,Medium,Standard,Carrier_B,24.01
79.28,Medium,Rain,8.04,2,11,High,Express,Carrier_C,10.84
9.03,Low,Clear,11.82,0,14,Low,Standard,Carrier_C,1.0
48.04,Medium,Clear,12.9,2,7,Low,Standard,Carrier_C,11.83
54.66,Medium,Rain,15.12,5,3,Medium,Standard,Carrier_A,8.85
119.97,Medium,Clear,16.29,4,7,Medium,Standard,Carrier_A,12.89
86.37,Medium,Clear,8.92,2,0,Low,Standard,Carrier_C,11.52
83.4,Low,Clear,39.28,1,15,Low,Standard,Carrier_C,7.38
156.3,Medium,Clear,24.57,2,6,High,Standard,Carrier_B,14.26
192.2,Low,Rain,8.14,4,10,Low,Standard,Carrier_A,16.79
107.68,Low,Clear,9.13,0,7,Medium,Standard,Carrier_A,12.28
50.88,Low,Clear,8.03,2,4,Low,Express,Carrier_A,1.16
52.05,Medium,Rain,12.63,3,22,Low,Standard,Carrier_B,8.59
143.59,Low,Clear,5.3,4,8,Low,Standard,Carrier_C,9.56
51.93,Medium,Rain,5.97,0,13,Low,Express,Carrier_A,9.43
64.5,Low,Clear,2.44,5,8,Medium,Standard,Carrier_A,15.96
47.25,Low,Clear,7.7,1,9,Low,Standard,Carrier_A,9.6
28.04,High,Clear,19.93,1,5,Medium,Standard,Carrier_A,14.4
241.59,Medium,Rain,9.04,2,23,Low,Standard,Carrier_C,23.94
64.82,Low,Storm,9.37,7,14,High,Standard,Carrier_A,18.04
170.69,Medium,Clear,11.95,5,8,Low,Standard,Carrier_C,21.26
52.46,Low,Clear,5.2,5,13,Low,Express,Carrier_A,6.84
41.14,High,Clear,10.14,1,22,Medium,Standard,Carrier_C,16.11
101.68,Low,Clear,17.79,3,14,High,Standard,Carrier_A,23.94
132.32,Medium,Clear,12.17,3,22,Medium,Express,Carrier_B,13.7
137.89,High,Rain,18.84,2,15,Low,Standard,Carrier_B,18.87
59.03,Low,Rain,22.68,1,16,High,Standard,Carrier_A,14.33
108.81,Low,Clear,15.34,1,8,Medium,Standard,Carrier_B,14.11
44.72,Medium,Clear,6.27,0,12,Medium,Express,Carrier_B,7.72
71.3,High,Clear,7.98,1,14,Medium,Standard,Carrier_A,20.5
54.91,Medium,Clear,35.0,2,19,Low,Standard,Carrier_B,12.55
48.86,Medium,Clear,12.23,2,17,Low,Standard,Carrier_B,10.2
73.41,Low,Rain,11.22,1,7,Low,Standard,Carrier_B,12.73
27.41,Medium,Clear,5.7,4,10,Low,Standard,Carrier_A,5.9
125.33,Low,Clear,9.4,1,8,High,Standard,Carrier_B,12.81
49.01,Medium,Clear,15.89,5,23,High,Standard,Carrier_C,13.72
121.48,Low,Clear,10.07,1,4,Low,Standard,Carrier_B,17.15
32.53,Medium,Storm,7.12,2,13,Low,Standard,Carrier_A,16.5
48.88,Low,Rain,8.27,1,6,Medium,Standard,Carrier_A,8.24
27.33,Medium,Rain,21.64,1,3,Medium,Express,Carrier_A,9.43
26.45,Medium,Rain,15.4,5,3,High,Standard,Carrier_A,23.12
36.17,High,Clear,14.11,1,0,High,Express,Carrier_A,12.65
32.95,High,Rain,13.28,1,20,Medium,Standard,Carrier_A,11.11
27.53,Medium,Rain,4.62,3,20,Low,Standard,Carrier_C,9.44
67.89,Medium,Clear,11.91,2,0,High,Express,Carrier_C,12.65
100.35,Low,Clear,19.97,4,6,Medium,Standard,Carrier_A,13.55
103.87,High,Rain,8.42,2,10,Medium,Express,Carrier_A,20.23
14.28,Medium,Rain,18.83,3,3,Medium,Standard,Carrier_B,12.65
54.65,Medium,Clear,14.22,3,8,Medium,Standard,Carrier_A,6.45
50.68,Medium,Rain,17.08,1,22,Low,Standard,Carrier_A,11.27
158.09,High,Rain,10.31,2,9,Medium,Standard,Carrier_C,23.81
56.22,High,Rain,17.75,2,12,Low,Standard,Carrier_B,16.16
63.9,High,Clear,3.85,1,20,Low,Standard,Carrier_C,7.86
19.73,Medium,Clear,10.19,2,0,Medium,Standard,Carrier_B,14.85
35.41,Medium,Rain,15.85,1,19,Low,Standard,Carrier_B,9.44
18.62,High,Clear,12.09,0,10,Medium,Standard,Carrier_B,7.99
71.02,Medium,Clear,20.33,0,15,High,Express,Carrier_B,10.93
161.31,Medium,Rain,9.01,3,23,High,Standard,Carrier_A,25.6
36.41,Medium,Clear,6.99,4,16,Low,Standard,Carrier_A,14.76
56.55,Medium,Clear,3.44,3,7,High,Standard,Carrier_B,18.71
33.12,Medium,Storm,8.35,2,19,Low,Standard,Carrier_A,18.77
42.01,Medium,Clear,13.96,4,5,Medium,Standard,Carrier_C,6.51
72.07,High,Rain,16.36,1,9,Low,Standard,Carrier_B,12.75
210.55,High,Clear,4.02,3,15,High,Standard,Carrier_C,23.26
156.25,Medium,Clear,21.41,3,10,Low,Standard,Carrier_A,17.31
185.95,Low,Clear,5.29,2,20,Medium,Standard,Carrier_A,17.88
122.19,Medium,Clear,9.22,4,5,Medium,Express,Carrier_A,10.75
56.0,Medium,Clear,6.89,5,15,Medium,Standard,Carrier_A,9.52
50.47,Medium,Rain,13.08,2,5,Medium,Standard,Carrier_B,16.78
36.59,High,Rain,10.6,1,14,Low,Standard,Carrier_A,12.59
5.03,Low,Clear,15.5,3,22,Low,Express,Carrier_C,1.0
55.35,Low,Clear,33.06,1,23,Medium,Standard,Carrier_A,4.74
162.78,High,Clear,12.92,2,18,Medium,Express,Carrier_C,19.84
161.6,High,Clear,6.86,2,15,Low,Standard,Carrier_A,13.79
260.1,Medium,Clear,13.46,3,10,High,Standard,Carrier_B,23.34
75.86,Low,Clear,35.32,4,7,Low,Standard,Carrier_C,8.45
23.87,Medium,Clear,15.28,1,0,Medium,Standard,Carrier_B,11.29
95.97,Medium,Clear,18.44,2,12,Low,Express,Carrier_A,8.68
211.99,Medium,Clear,3.54,0,17,Medium,Standard,Carrier_A,23.92
176.49,Low,Rain,12.83,1,20,Medium,Express,Carrier_A,13.49
46.2,Medium,Clear,8.38,2,22,Medium,Standard,Carrier_B,10.1
25.9,Medium,Clear,6.41,2,4,Low,Standard,Carrier_B,8.78
25.27,Medium,Clear,9.83,2,22,Medium,Express,Carrier_C,3.92
38.48,Medium,Clear,10.7,3,6,Low,Standard,Carrier_A,3.68
43.2,Medium,Rain,6.65,1,17,Low,Standard,Carrier_A,10.56
52.95,Medium,Rain,11.27,2,17,Low,Standard,Carrier_A,10.82
104.6,Medium,Rain,8.91,0,15,High,Standard,Carrier_C,15.46
51.6,High,Clear,15.75,1,10,Low,Standard,Carrier_C,8.1
69.04,Medium,Clear,11.56,1,2,Medium,Express,Carrier_A,9.32
17.42,Medium,Clear,12.73,1,12,Low,Express,Carrier_B,3.75
36.62,Medium,Clear,18.85,2,2,Medium,Express,Carrier_C,1.93
35.28,High,Clear,14.31,2,15,Low,Standard,Carrier_B,9.75
14.71,Medium,Clear,9.93,2,6,Low,Standard,Carrier_C,2.02
50.63,Medium,Clear,2.57,3,4,High,Standard,Carrier_C,17.86
17.54,High,Clear,13.93,3,13,High,Standard,Carrier_B,15.89
47.97,Low,Clear,5.51,2,5,Low,Standard,Carrier_B,9.11
72.87,Medium,Clear,9.43,1,21,Medium,Standard,Carrier_A,9.96
164.54,Medium,Clear,12.69,1,2,High,Standard,Carrier_A,23.26
33.84,High,Storm,23.72,4,20,High,Standard,Carrier_C,19.16
71.44,Medium,Clear,33.03,4,18,Low,Standard,Carrier_A,11.11
40.62,Low,Clear,5.48,4,7,Medium,Standard,Carrier_A,14.15
16.63,High,Clear,4.24,2,13,Low,Express,Carrier_C,4.94
165.76,Medium,Clear,12.33,0,8,Medium,Standard,Carrier_A,14.74
75.21,Medium,Rain,11.68,6,5,Medium,Standard,Carrier_B,16.27
92.68,Low,Clear,4.57,0,7,Medium,Standard,Carrier_B,17.49
183.13,Low,Storm,9.87,0,8,High,Standard,Carrier_A,31.47
47.79,Medium,Rain,14.71,6,12,Low,Standard,Carrier_A,14.64
22.8,Medium,Clear,4.48,3,13,Low,Express,Carrier_A,5.74
33.44,High,Rain,5.23,3,19,Medium,Standard,Carrier_A,19.38
20.96,Low,Clear,6.56,3,13,Medium,Standard,Carrier_A,8.12
137.22,Medium,Storm,8.69,3,18,Medium,Standard,Carrier_C,24.25
217.17,Low,Clear,15.66,1,22,Medium,Express,Carrier_C,12.51
72.32,Medium,Storm,8.07,4,21,Medium,Standard,Carrier_A,17.7
106.57,Low,Clear,10.34,3,9,Medium,Standard,Carrier_B,16.59
125.57,Medium,Clear,42.95,4,12,Low,Standard,Carrier_A,14.67
190.89,Low,Storm,5.36,2,19,Low,Standard,Carrier_A,27.21
211.51,Medium,Clear,6.52,4,15,High,Standard,Carrier_C,21.43
11.44,Medium,Clear,15.5,3,3,Medium,Standard,Carrier_A,5.87
41.54,High,Clear,18.96,2,22,Medium,Standard,Carrier_C,7.63
66.62,Low,Clear,13.06,4,18,Low,Standard,Carrier_A,8.75
37.63,Medium,Clear,32.32,2,16,Medium,Express,Carrier_B,6.83
53.96,Medium,Clear,12.26,6,23,Low,Standard,Carrier_C,13.8
88.64,Low,Clear,2.76,1,4,Medium,Standard,Carrier_B,9.18
87.0,Low,Rain,10.62,3,21,Low,Standard,Carrier_B,10.58
122.92,Medium,Clear,6.88,1,7,Low,Standard,Carrier_A,14.78
67.69,Medium,Rain,24.52,5,19,Low,Standard,Carrier_B,22.87
5.72,High,Clear,18.67,1,1,Low,Express,Carrier_A,4.81
50.63,Low,Rain,3.55,5,13,High,Standard,Carrier_A,12.22
82.78,Medium,Rain,23.99,1,2,Medium,Standard,Carrier_A,12.43
128.69,Medium,Rain,18.37,3,22,Medium,Standard,Carrier_B,13.45
116.8,Medium,Clear,8.08,3,11,Low,Standard,Carrier_B,15.06
61.24,Medium,Clear,9.48,4,20,Medium,Standard,Carrier_A,13.45
39.42,High,Rain,24.65,3,17,Low,Standard,Carrier_B,16.13
63.34,Medium,Rain,2.77,1,11,Medium,Express,Carrier_A,6.95
13.35,High,Clear,13.32,3,4,High,Standard,Carrier_B,22.24
42.52,Low,Clear,20.3,3,11,Low,Standard,Carrier_C,2.61
144.35,High,Rain,9.42,0,7,High,Standard,Carrier_A,21.81
63.2,High,Clear,15.2,2,6,High,Standard,Carrier_B,17.65
85.23,High,Clear,10.67,1,8,High,Standard,Carrier_C,20.64
20.15,Medium,Rain,5.99,2,5,Medium,Standard,Carrier_B,11.29
128.12,High,Clear,5.9,1,20,High,Standard,Carrier_C,18.4
58.98,Low,Clear,15.84,3,21,Medium,Express,Carrier_A,8.99
83.25,Medium,Clear,6.6,2,4,Medium,Express,Carrier_A,18.47
96.02,Medium,Clear,3.7,0,5,Medium,Standard,Carrier_B,10.23
125.05,Medium,Clear,10.8,0,0,Low,Express,Carrier_B,8.44
74.64,Medium,Rain,7.15,4,10,Low,Standard,Carrier_A,13.03
60.0,Low,Clear,4.57,2,14,Medium,Standard,Carrier_A,10.28
24.46,Low,Rain,10.45,5,6,Low,Standard,Carrier_B,17.85
18.46,Low,Rain,16.42,6,12,Medium,Standard,Carrier_B,12.7
73.59,Medium,Rain,10.11,4,8,Medium,Express,Carrier_B,17.98
83.62,High,Clear,4.99,3,0,Medium,Express,Carrier_C,6.49
93.27,Medium,Clear,13.64,2,5,Medium,Standard,Carrier_B,13.56
34.01,High,Rain,19.55,4,18,Medium,Standard,Carrier_C,17.48
42.83,High,Clear,42.03,1,21,Low,Standard,Carrier_A,13.32
72.67,Medium,Clear,25.46,4,10,Low,Standard,Carrier_C,8.91
47.11,Medium,Clear,5.19,2,13,Low,Standard,Carrier_C,3.66
273.58,Medium,Clear,17.42,2,13,High,Standard,Carrier_C,24.9
42.12,Low,Rain,11.78,2,7,High,Standard,Carrier_C,9.96
87.6,Medium,Clear,4.72,3,16,Medium,Standard,Carrier_C,11.7
114.48,Medium,Clear,11.99,3,9,Medium,Standard,Carrier_A,16.42
119.16,Medium,Clear,34.71,1,1,High,Standard,Carrier_C,8.62
46.48,Medium,Clear,21.7,1,9,Low,Standard,Carrier_A,8.78
96.33,Low,Clear,5.16,0,4,Low,Express,Carrier_C,8.92
88.42,High,Rain,10.06,2,11,Medium,Express,Carrier_B,12.03
99.15,Low,Rain,13.73,1,11,Medium,Standard,Carrier_A,10.54
71.99,High,Storm,3.24,3,11,High,Standard,Carrier_A,26.02
115.03,Low,Clear,3.31,2,4,High,Standard,Carrier_A,16.47
78.11,Medium,Clear,11.03,3,22,High,Standard,Carrier_B,16.21
21.91,Medium,Clear,11.12,1,2,Medium,Standard,Carrier_B,8.13
76.49,Low,Clear,3.02,2,7,High,Standard,Carrier_A,18.89
82.85,Medium,Rain,12.84,3,7,Medium,Standard,Carrier_A,17.63
109.75,Low,Rain,20.22,2,10,Medium,Express,Carrier_A,8.94
73.66,Medium,Clear,8.65,2,10,Medium,Express,Carrier_A,9.34
193.82,High,Clear,10.37,2,23,High,Express,Carrier_B,22.27
61.54,Medium,Storm,14.46,1,20,Low,Standard,Carrier_B,14.97
44.65,Medium,Clear,13.27,0,1,Medium,Standard,Carrier_A,3.29
156.55,High,Rain,3.37,0,14,Medium,Standard,Carrier_B,20.65
60.33,Medium,Rain,5.54,1,12,Medium,Standard,Carrier_C,12.9
68.93,High,Clear,7.71,0,22,Medium,Standard,Carrier_C,13.63
82.87,Medium,Rain,5.7,3,8,Medium,Standard,Carrier_A,16.94
78.15,Medium,Rain,25.88,3,10,Medium,Standard,Carrier_C,14.21
98.61,Low,Rain,15.07,1,22,Medium,Standard,Carrier_A,10.88
105.51,Low,Clear,4.85,3,11,Low,Standard,Carrier_A,12.65
41.6,Medium,Clear,8.68,3,14,Medium,Standard,Carrier_A,6.66
26.31,High,Rain,20.8,2,7,Low,Standard,Carrier_B,14.36
29.09,Low,Clear,6.55,2,18,High,Express,Carrier_C,6.76
145.63,High,Clear,17.35,1,1,High,Standard,Carrier_C,19.16
56.74,Medium,Clear,24.51,3,23,Low,Standard,Carrier_A,13.09
113.81,Medium,Clear,21.99,3,4,Low,Express,Carrier_B,8.38
107.42,High,Rain,11.22,2,13,Low,Express,Carrier_A,15.49
68.92,High,Clear,22.49,4,1,Medium,Standard,Carrier_C,15.64
33.6,Medium,Clear,7.1,1,2,Low,Express,Carrier_A,1.63
109.15,Low,Clear,50.19,7,16,Medium,Standard,Carrier_A,17.32
67.26,Low,Clear,11.66,3,18,Medium,Standard,Carrier_C,8.65
24.87,Low,Clear,21.02,1,8,Medium,Express,Carrier_A,6.48
47.41,High,Clear,7.88,1,1,Medium,Standard,Carrier_A,11.47
17.06,Medium,Clear,13.8,3,0,Medium,Standard,Carrier_C,12.25
49.13,Medium,Clear,14.2,0,22,Medium,Standard,Carrier_A,6.12
71.46,Low,Clear,5.45,1,18,Medium,Standard,Carrier_A,10.0
62.25,Medium,Clear,5.35,3,9,Medium,Express,Carrier_B,11.42
56.97,Medium,Clear,8.73,1,6,Medium,Standard,Carrier_A,13.14
70.94,Medium,Clear,20.46,1,16,Low,Standard,Carrier_C,8.74
94.67,Medium,Rain,3.03,2,21,Low,Standard,Carrier_B,11.57
119.81,High,Clear,7.88,3,15,Medium,Standard,Carrier_B,16.31
130.45,High,Clear,23.37,3,19,Medium,Standard,Carrier_A,18.13
37.99,Medium,Rain,4.48,4,20,Medium,Standard,Carrier_A,11.34
138.81,Low,Rain,22.53,1,7,High,Standard,Carrier_C,16.69
67.33,High,Clear,4.79,0,17,Low,Standard,Carrier_A,12.63
52.44,High,Clear,5.5,1,5,Medium,Standard,Carrier_A,8.4
29.84,High,Rain,9.06,1,5,Medium,Standard,Carrier_A,14.97
5.15,Medium,Clear,33.71,1,23,Low,Standard,Carrier_B,6.56
90.29,Low,Rain,6.58,3,7,Medium,Standard,Carrier_C,19.38
87.95,High,Clear,3.23,5,19,Medium,Standard,Carrier_A,20.45
44.17,Medium,Rain,4.01,1,8,Medium,Express,Carrier_A,12.28
45.18,Medium,Rain,18.28,2,22,Low,Express,Carrier_C,13.34
60.61,Medium,Storm,4.13,1,6,Low,Standard,Carrier_A,15.97
51.77,Medium,Clear,21.59,2,0,Low,Express,Carrier_A,5.73
36.62,Medium,Rain,10.44,0,11,High,Express,Carrier_A,8.37
27.12,Medium,Clear,9.77,1,14,Low,Standard,Carrier_A,10.09
139.81,Medium,Clear,12.1,3,9,Low,Express,Carrier_A,11.13
47.23,Medium,Rain,5.93,1,6,Medium,Standard,Carrier_C,7.36
87.61,Low,Clear,10.91,3,19,High,Express,Carrier_A,10.59
99.44,High,Rain,4.59,2,8,Low,Standard,Carrier_A,16.24
90.59,Medium,Clear,23.97,0,16,Medium,Express,Carrier_B,12.24
103.03,Medium,Clear,5.12,1,2,Low,Standard,Carrier_C,8.68
89.9,Medium,Clear,13.27,2,20,Low,Standard,Carrier_B,12.95
40.99,Medium,Clear,5.09,4,17,High,Standard,Carrier_A,12.59
53.96,Medium,Clear,7.05,4,4,Medium,Express,Carrier_A,6.95
137.4,Low,Clear,7.82,1,12,Medium,Standard,Carrier_B,13.58
46.19,High,Storm,69.26,2,17,Low,Standard,Carrier_B,19.59
67.4,Low,Rain,9.88,2,19,Medium,Express,Carrier_A,7.77
94.95,High,Rain,5.85,2,10,Low,Standard,Carrier_B,12.84
170.1,Medium,Clear,7.47,1,2,Medium,Standard,Carrier_B,16.6
129.6,Low,Clear,3.75,0,1,Medium,Standard,Carrier_A,10.5
32.51,Medium,Rain,8.97,2,23,Medium,Standard,Carrier_C,10.22
85.73,Medium,Clear,33.22,2,2,Medium,Express,Carrier_B,14.72
79.13,High,Clear,12.41,0,8,Low,Express,Carrier_A,12.22
54.3,High,Rain,17.94,6,20,Medium,Standard,Carrier_B,19.81
68.8,Medium,Clear,5.52,6,22,High,Standard,Carrier_B,21.46
40.68,Medium,Rain,8.74,2,11,High,Standard,Carrier_B,18.42
59.83,High,Clear,11.39,4,16,Low,Express,Carrier_A,11.25
46.51,Medium,Clear,6.22,0,12,Low,Standard,Carrier_B,9.81
72.48,Medium,Clear,12.94,5,2,Medium,Standard,Carrier_B,19.43
52.84,Medium,Storm,14.88,2,11,Medium,Standard,Carrier_A,21.95
178.31,Medium,Clear,14.19,1,18,High,Standard,Carrier_A,23.85
74.16,Medium,Rain,9.04,2,15,Medium,Express,Carrier_C,11.93
64.58,Medium,Clear,20.27,1,13,Medium,Standard,Carrier_A,10.78
57.54,High,Rain,8.44,2,19,Low,Standard,Carrier_B,21.4
52.95,Medium,Clear,7.95,5,4,High,Standard,Carrier_A,11.16
24.88,Medium,Clear,25.46,1,13,Low,Standard,Carrier_C,9.03
113.63,Medium,Rain,4.86,2,4,High,Standard,Carrier_B,20.0
156.7,High,Rain,3.3,1,1,High,Standard,Carrier_A,20.44
45.98,Medium,Rain,5.67,1,22,Low,Standard,Carrier_A,6.17
136.94,High,Clear,12.83,4,18,Medium,Standard,Carrier_A,16.49
271.88,Medium,Rain,22.97,3,23,Low,Standard,Carrier_B,26.5
212.37,Medium,Clear,6.49,3,11,Low,Express,Carrier_B,22.23
152.31,High,Storm,32.45,4,13,Medium,Express,Carrier_C,23.16
27.61,High,Clear,10.15,2,1,High,Standard,Carrier_A,11.91
27.34,Medium,Clear,9.25,0,4,Medium,Standard,Carrier_B,11.55
102.7,Medium,Clear,5.74,2,2,Low,Standard,Carrier_A,11.17
67.87,Low,Clear,35.46,0,8,Medium,Express,Carrier_C,10.88
10.68,Low,Clear,9.05,0,9,Medium,Standard,Carrier_A,3.72
50.02,High,Rain,4.2,0,5,Low,Standard,Carrier_C,13.05
99.74,High,Rain,49.28,5,18,Low,Standard,Carrier_A,26.51
60.45,Low,Clear,12.88,5,14,Low,Standard,Carrier_B,7.37
68.1,High,Clear,16.76,3,10,Medium,Standard,Carrier_B,14.9
27.31,Medium,Rain,29.76,2,9,Medium,Express,Carrier_B,11.72
49.55,High,Rain,14.87,1,13,Medium,Standard,Carrier_C,15.94
102.99,High,Clear,18.8,1,9,Low,Express,Carrier_B,18.28
47.76,High,Rain,10.33,3,18,High,Express,Carrier_A,16.95
144.01,High,Clear,16.07,2,19,Medium,Standard,Carrier_A,27.2
69.19,High,Rain,9.76,4,4,Low,Standard,Carrier_A,16.24
90.06,Medium,Rain,9.84,2,23,High,Standard,Carrier_A,15.64
101.47,Low,Clear,10.78,2,10,Medium,Standard,Carrier_A,14.77
98.82,Medium,Clear,7.71,1,4,Medium,Standard,Carrier_B,13.22
31.76,High,Rain,13.84,3,20,Low,Express,Carrier_C,9.59
36.41,Low,Clear,13.82,3,9,Low,Standard,Carrier_A,6.98
10.47,High,Clear,16.98,3,3,Medium,Express,Carrier_C,14.62
53.82,Low,Clear,15.12,4,12,High,Standard,Carrier_C,9.05
34.27,High,Rain,36.6,2,9,Medium,Standard,Carrier_B,21.4
46.71,Medium,Clear,19.77,2,5,Low,Standard,Carrier_B,6.95
57.91,High,Clear,8.72,4,17,Medium,Standard,Carrier_B,16.3
75.54,High,Storm,13.39,1,9,Low,Standard,Carrier_A,20.72
61.09,Medium,Rain,24.98,3,12,Low,Standard,Carrier_C,12.76
60.3,Medium,Clear,5.38,2,1,High,Standard,Carrier_A,8.41
85.35,Low,Clear,36.94,3,8,Medium,Standard,Carrier_A,11.78
66.04,High,Clear,6.03,5,0,Medium,Standard,Carrier_B,19.87
119.05,High,Clear,17.91,3,6,Low,Standard,Carrier_A,18.59
66.19,Low,Clear,10.02,1,18,Low,Express,Carrier_A,5.76
170.75,Low,Clear,9.65,2,22,Medium,Standard,Carrier_A,11.27
30.73,Medium,Clear,4.28,2,8,Medium,Standard,Carrier_A,11.37
53.12,Low,Clear,17.99,2,16,Medium,Standard,Carrier_A,12.78
41.25,High,Clear,4.32,0,16,Medium,Standard,Carrier_A,13.35
77.54,Low,Clear,3.9,1,18,Medium,Express,Carrier_A,12.72
30.72,High,Rain,21.2,0,1,Medium,Standard,Carrier_B,13.32
20.32,High,Clear,31.92,1,7,Low,Standard,Carrier_A,7.55
35.56,High,Rain,6.46,2,16,Medium,Standard,Carrier_B,16.11
21.62,Medium,Clear,19.14,3,7,Medium,Standard,Carrier_C,10.59
58.45,Low,Clear,16.74,1,15,Medium,Standard,Carrier_B,7.0
75.39,High,Clear,9.4,1,21,Low,Standard,Carrier_A,10.21
17.71,Medium,Clear,23.77,2,19,High,Express,Carrier_B,15.09
50.75,High,Rain,8.97,2,11,Low,Standard,Carrier_A,11.28
129.37,Medium,Clear,13.96,1,4,High,Standard,Carrier_C,11.78
153.59,Low,Clear,4.42,0,7,Medium,Standard,Carrier_A,16.49
108.35,High,Clear,4.54,2,13,Medium,Standard,Carrier_A,17.65
6.64,High,Clear,21.32,4,17,Low,Standard,Carrier_A,9.64
70.81,Low,Clear,14.27,5,21,Medium,Standard,Carrier_C,12.68
139.05,Medium,Clear,9.09,8,20,Low,Standard,Carrier_A,14.25
47.08,Low,Clear,34.47,3,5,High,Standard,Carrier_A,9.73
25.24,Medium,Clear,34.24,3,2,Low,Express,Carrier_A,2.76
132.48,Medium,Rain,13.27,1,2,Medium,Standard,Carrier_C,14.09
144.98,Medium,Clear,3.87,4,5,Medium,Standard,Carrier_A,17.92
65.7,Low,Rain,9.28,3,8,Low,Standard,Carrier_C,12.59
25.44,Low,Clear,5.81,4,0,Medium,Express,Carrier_C,3.03
15.71,Medium,Clear,10.57,1,23,Medium,Standard,Carrier_B,8.83
82.89,Low,Rain,5.43,3,8,Low,Standard,Carrier_A,14.48
41.51,Medium,Clear,4.58,1,3,Low,Express,Carrier_C,6.69
62.86,Medium,Clear,2.29,3,12,Medium,Standard,Carrier_A,12.05
58.23,Medium,Storm,11.12,0,2,Medium,Standard,Carrier_B,18.97
34.09,Medium,Storm,2.24,0,20,Medium,Standard,Carrier_B,15.6
14.91,Low,Clear,8.1,1,23,Low,Standard,Carrier_B,2.43
48.0,Low,Clear,15.66,1,21,Medium,Standard,Carrier_C,6.93
72.72,High,Rain,6.24,5,9,Low,Express,Carrier_C,19.87
75.06,High,Rain,4.93,2,15,Low,Standard,Carrier_A,18.37
39.52,High,Clear,9.54,2,3,Medium,Standard,Carrier_A,4.92
143.11,High,Clear,5.82,4,1,Medium,Express,Carrier_C,18.34
27.61,Medium,Rain,11.25,2,13,Medium,Standard,Carrier_A,9.64
122.91,High,Clear,5.1,1,17,Low,Standard,Carrier_B,18.72
71.14,Medium,Rain,9.32,0,0,Medium,Standard,Carrier_A,8.06
48.31,High,Clear,7.96,3,23,Low,Standard,Carrier_A,10.45
90.2,High,Clear,9.9,3,10,Low,Express,Carrier_B,8.7
55.79,High,Clear,28.87,3,14,High,Standard,Carrier_B,16.93
20.09,Medium,Clear,11.36,3,0,High,Standard,Carrier_C,12.66
25.97,Medium,Clear,13.84,2,21,High,Standard,Carrier_C,11.82
53.23,Low,Clear,6.65,4,13,Medium,Standard,Carrier_B,16.76
43.73,Medium,Clear,11.53,3,11,Low,Express,Carrier_A,5.02
121.1,High,Clear,8.34,3,14,High,Standard,Carrier_B,18.9
42.23,Medium,Rain,10.17,2,19,Medium,Standard,Carrier_A,17.89
40.29,Low,Clear,15.21,2,0,High,Standard,Carrier_B,6.68
36.39,Medium,Rain,7.21,0,1,Medium,Standard,Carrier_C,9.77
34.03,Medium,Clear,7.7,0,12,Medium,Standard,Carrier_B,9.92
34.9,Medium,Rain,7.27,2,18,Low,Standard,Carrier_A,5.38
22.79,Medium,Clear,7.18,2,22,Low,Express,Carrier_B,2.63
73.2,Medium,Clear,11.16,2,2,Medium,Standard,Carrier_A,7.2
59.17,Medium,Clear,7.87,2,9,High,Express,Carrier_A,15.53
57.44,Medium,Clear,26.41,5,18,Medium,Standard,Carrier_B,14.29
16.6,High,Rain,56.91,3,22,Low,Standard,Carrier_A,12.56
85.1,Medium,Rain,6.9,2,6,Medium,Standard,Carrier_B,10.79
90.81,Medium,Rain,12.07,3,23,Low,Standard,Carrier_C,10.59
165.6,Low,Rain,19.58,2,19,High,Standard,Carrier_A,19.75
87.6,Medium,Rain,8.39,1,5,Low,Standard,Carrier_B,12.41
186.8,Medium,Storm,5.23,1,19,Low,Standard,Carrier_B,24.26
38.81,Medium,Rain,30.87,1,13,Medium,Standard,Carrier_B,16.56
171.23,High,Clear,15.58,2,20,Medium,Standard,Carrier_C,20.73
89.48,Medium,Clear,12.27,1,19,Medium,Standard,Carrier_C,7.72
82.14,High,Clear,25.61,5,4,Medium,Express,Carrier_A,17.88
56.41,Medium,Rain,16.46,3,17,High,Standard,Carrier_B,22.11
48.17,Medium,Clear,9.67,3,10,Medium,Standard,Carrier_A,10.56
41.09,High,Clear,5.29,1,18,Low,Standard,Carrier_A,14.67
174.9,Medium,Rain,7.24,2,3,Low,Standard,Carrier_A,20.72
55.13,High,Clear,21.83,2,6,Medium,Standard,Carrier_A,11.86
90.55,High,Clear,15.54,2,5,Medium,Express,Carrier_B,10.84
103.87,Low,Rain,8.83,1,22,Medium,Standard,Carrier_B,15.4
102.91,High,Clear,31.45,2,8,Low,Standard,Carrier_A,14.24
73.43,High,Clear,9.01,3,5,Low,Standard,Carrier_C,13.09
169.24,Medium,Clear,18.95,2,17,Low,Standard,Carrier_C,13.34
85.89,Low,Clear,11.51,0,15,Medium,Standard,Carrier_B,12.36
40.3,Medium,Clear,35.04,2,15,Medium,Standard,Carrier_A,7.52
49.83,High,Clear,16.27,5,21,Low,Standard,Carrier_A,12.79
17.47,High,Clear,10.28,3,21,Medium,Standard,Carrier_A,10.93
78.91,High,Rain,8.88,2,8,High,Express,Carrier_A,15.83
95.59,Medium,Clear,9.88,2,23,Low,Express,Carrier_C,10.86
101.05,Low,Clear,6.22,3,13,Low,Express,Carrier_A,11.32
89.48,Medium,Clear,4.1,2,21,Medium,Standard,Carrier_A,11.39
56.55,Medium,Clear,12.19,1,16,Low,Express,Carrier_B,6.95
64.27,Low,Clear,7.05,3,1,Low,Express,Carrier_B,6.26
64.4,Low,Clear,7.04,5,22,High,Standard,Carrier_C,11.6
121.37,Low,Clear,9.41,2,13,Medium,Standard,Carrier_A,11.78
11.73,Low,Rain,10.32,2,10,Medium,Express,Carrier_C,4.76
45.79,High,Clear,10.02,1,8,High,Standard,Carrier_A,14.21
28.99,Medium,Storm,30.87,2,14,Low,Express,Carrier_A,15.42
212.74,Medium,Clear,15.34,1,22,High,Standard,Carrier_B,21.43
136.89,Medium,Rain,39.26,4,3,High,Standard,Carrier_B,28.44
47.23,High,Clear,7.5,0,5,Medium,Standard,Carrier_A,11.32
20.78,High,Rain,16.6,3,1,High,Standard,Carrier_A,16.16
26.03,Medium,Rain,7.77,5,4,High,Standard,Carrier_B,16.33
120.32,Medium,Clear,6.93,1,0,Low,Standard,Carrier_B,11.26
17.0,Medium,Clear,40.23,3,5,Low,Standard,Carrier_B,8.41
64.99,Medium,Storm,6.05,1,11,Medium,Express,Carrier_A,15.36
107.94,Medium,Storm,2.34,2,19,Medium,Standard,Carrier_B,20.04
23.94,Medium,Storm,6.3,0,13,Medium,Standard,Carrier_C,10.17
64.51,Medium,Clear,2.7,4,5,Low,Express,Carrier_C,9.68
47.81,Medium,Clear,5.37,3,2,Low,Express,Carrier_A,8.01
43.31,Low,Clear,5.71,1,21,Low,Express,Carrier_A,1.0
37.96,Medium,Rain,10.21,1,4,Medium,Standard,Carrier_B,13.48
113.75,Medium,Clear,2.63,5,18,Low,Standard,Carrier_A,18.21
155.46,Medium,Clear,21.7,0,6,Low,Express,Carrier_C,10.55
53.4,Medium,Clear,2.95,2,15,High,Express,Carrier_A,5.96
82.38,Low,Clear,9.18,2,21,Medium,Standard,Carrier_A,5.95
65.55,Medium,Rain,8.08,2,21,High,Standard,Carrier_C,15.02
13.31,Medium,Clear,17.06,1,2,Low,Standard,Carrier_A,10.66
51.89,Medium,Rain,12.53,2,12,Medium,Standard,Carrier_A,10.87
10.87,Medium,Clear,21.57,4,11,Medium,Express,Carrier_C,8.28
44.9,Low,Clear,7.89,1,21,High,Standard,Carrier_A,7.86
63.27,Low,Clear,7.37,0,18,Medium,Standard,Carrier_A,14.07
102.39,Medium,Clear,13.04,0,3,High,Standard,Carrier_A,14.08
77.48,Low,Clear,19.47,1,20,Low,Express,Carrier_A,1.77
115.65,Medium,Rain,17.05,2,8,Low,Express,Carrier_A,12.18
33.33,Medium,Clear,12.29,1,16,High,Standard,Carrier_A,10.59
143.22,High,Clear,11.6,1,4,Medium,Standard,Carrier_A,17.46
155.56,Medium,Rain,9.74,1,6,Low,Standard,Carrier_C,12.93
10.31,Low,Clear,13.02,1,1,Low,Standard,Carrier_B,3.16
16.09,Medium,Clear,37.44,5,2,Medium,Express,Carrier_B,15.26
62.23,High,Clear,8.52,1,22,Low,Standard,Carrier_B,10.48
42.42,Low,Clear,7.87,4,3,Medium,Express,Carrier_B,8.67
47.5,High,Clear,7.49,5,14,Low,Standard,Carrier_B,13.53
77.0,Medium,Clear,12.85,1,18,Low,Express,Carrier_C,8.18
118.62,Low,Clear,2.51,4,1,Medium,Standard,Carrier_B,16.14
31.94,Low,Clear,9.14,0,7,Low,Standard,Carrier_B,1.0
131.39,High,Clear,17.68,5,11,Medium,Standard,Carrier_A,20.02
37.43,High,Rain,7.08,4,8,Low,Standard,Carrier_B,16.63
230.7,High,Clear,11.26,2,21,Medium,Standard,Carrier_A,23.18
143.88,Medium,Clear,39.29,2,4,Medium,Standard,Carrier_B,16.05
40.44,High,Rain,12.37,3,17,Low,Standard,Carrier_C,14.75
21.19,Low,Clear,2.33,0,10,Medium,Express,Carrier_A,3.54
39.73,Medium,Rain,3.99,0,9,Medium,Standard,Carrier_A,10.72
35.63,Medium,Clear,8.47,3,8,Low,Standard,Carrier_C,14.97
94.23,High,Clear,5.92,3,16,Low,Standard,Carrier_A,13.65
10.58,Medium,Clear,10.67,4,8,Medium,Express,Carrier_B,14.5
16.28,Medium,Clear,8.24,2,15,Low,Standard,Carrier_A,2.67
92.48,Low,Clear,21.28,2,0,Medium,Standard,Carrier_B,10.93
34.45,Medium,Clear,4.91,2,6,Medium,Standard,Carrier_C,8.95
45.33,Low,Clear,8.72,1,11,Low,Standard,Carrier_B,3.79
107.62,High,Rain,11.49,4,5,Low,Standard,Carrier_A,15.42
122.02,Low,Clear,12.45,3,2,Low,Standard,Carrier_B,11.4
139.51,Medium,Rain,10.97,2,5,Low,Standard,Carrier_A,17.98
101.83,Low,Clear,2.08,2,12,Medium,Standard,Carrier_A,10.87
55.2,Medium,Clear,10.53,1,22,Low,Standard,Carrier_B,14.08
51.93,Low,Clear,9.04,3,16,Medium,Standard,Carrier_C,11.85
47.62,Medium,Storm,17.49,0,21,Low,Standard,Carrier_B,13.45
24.02,Medium,Clear,15.96,1,13,High,Standard,Carrier_B,4.11
30.91,Medium,Clear,11.66,1,0,Medium,Standard,Carrier_A,3.62
128.11,High,Rain,12.23,3,3,Medium,Standard,Carrier_A,19.57
37.23,Medium,Clear,24.02,3,18,Medium,Standard,Carrier_A,7.85
24.15,Medium,Clear,21.07,1,14,Low,Standard,Carrier_C,4.82
134.94,High,Clear,11.93,5,20,Medium,Express,Carrier_B,19.51
73.84,Low,Rain,40.23,4,9,Medium,Standard,Carrier_C,14.47
177.29,High,Clear,6.63,3,22,Medium,Standard,Carrier_A,19.66
165.59,High,Rain,4.62,3,8,High,Standard,Carrier_B,33.92
25.99,High,Rain,9.9,6,20,Low,Express,Carrier_A,13.39
59.37,Medium,Clear,7.82,3,3,Low,Standard,Carrier_C,8.17
29.06,Medium,Clear,2.01,3,10,Medium,Standard,Carrier_A,6.4
28.86,Medium,Rain,6.53,0,23,Low,Standard,Carrier_A,7.8
46.6,Medium,Rain,12.47,1,19,Medium,Standard,Carrier_A,12.2
96.05,High,Rain,9.6,3,9,Medium,Standard,Carrier_A,25.75
96.43,Low,Clear,6.02,0,21,High,Express,Carrier_A,11.31
88.7,High,Rain,10.25,4,10,Low,Standard,Carrier_C,20.44
55.08,Medium,Rain,10.8,2,22,Low,Standard,Carrier_C,10.71
99.84,Low,Storm,15.88,2,2,Medium,Standard,Carrier_B,22.47
23.84,Medium,Clear,6.57,1,19,Low,Standard,Carrier_C,4.48
74.65,High,Rain,17.6,1,16,High,Standard,Carrier_A,21.67
64.7,Medium,Rain,4.91,5,4,Medium,Standard,Carrier_C,12.06
52.71,High,Rain,7.19,1,6,Medium,Standard,Carrier_A,13.35
76.63,Medium,Rain,30.09,5,19,Low,Standard,Carrier_A,16.92
9.6,High,Rain,5.13,3,17,Medium,Standard,Carrier_A,13.19
29.53,Medium,Clear,6.5,2,4,Low,Standard,Carrier_C,2.05
91.03,High,Clear,4.42,2,1,Medium,Standard,Carrier_A,17.64
63.53,Low,Clear,5.83,1,7,Low,Standard,Carrier_A,3.64
17.74,Medium,Rain,10.91,3,7,Medium,Standard,Carrier_A,18.15
62.51,High,Clear,15.79,2,15,High,Standard,Carrier_B,15.24
42.75,Low,Clear,9.85,1,17,Low,Standard,Carrier_B,10.06
130.17,Medium,Storm,8.08,3,6,Low,Standard,Carrier_B,23.1
25.36,High,Rain,4.45,4,9,Medium,Standard,Carrier_C,13.68
26.14,Medium,Rain,6.22,1,4,Medium,Standard,Carrier_B,12.59
83.35,High,Rain,3.65,3,0,Low,Standard,Carrier_B,17.68
56.67,Medium,Clear,16.1,0,21,Low,Standard,Carrier_B,9.97
54.73,High,Clear,16.84,2,18,Medium,Standard,Carrier_C,18.0
231.53,Medium,Clear,9.72,3,18,Medium,Standard,Carrier_A,24.94
98.24,Medium,Rain,13.29,1,23,Medium,Standard,Carrier_A,11.76
49.79,High,Clear,17.63,1,0,Low,Standard,Carrier_B,11.23
15.71,Medium,Clear,10.65,5,9,Medium,Standard,Carrier_B,11.2
47.74,Low,Rain,24.68,2,17,Low,Standard,Carrier_C,8.76
23.19,Medium,Clear,5.13,2,14,Medium,Standard,Carrier_A,9.53
31.1,Medium,Rain,7.95,3,18,Medium,Express,Carrier_B,15.0
31.95,High,Clear,7.36,1,8,Medium,Express,Carrier_B,13.97
123.57,Medium,Rain,15.19,4,2,Low,Express,Carrier_B,16.18
19.13,High,Clear,3.93,0,13,Low,Standard,Carrier_A,8.96
115.67,High,Rain,25.56,5,17,Medium,Express,Carrier_C,19.6
85.93,Low,Rain,14.37,1,17,High,Standard,Carrier_A,20.52
85.08,Medium,Clear,31.12,2,4,High,Standard,Carrier_A,16.71
30.08,Medium,Clear,9.71,2,15,High,Standard,Carrier_B,12.57
105.83,Low,Rain,6.97,2,15,Medium,Standard,Carrier_A,16.6
27.25,Medium,Clear,15.29,0,7,High,Express,Carrier_A,8.63
157.13,Medium,Rain,19.49,2,6,Medium,Standard,Carrier_C,17.93
125.45,High,Clear,6.27,1,4,High,Standard,Carrier_B,22.57
174.44,Medium,Rain,2.72,2,2,Medium,Standard,Carrier_C,14.83
64.94,Low,Clear,3.04,2,13,Medium,Express,Carrier_A,12.85
56.64,Medium,Clear,11.82,1,7,Low,Standard,Carrier_A,8.23
46.77,High,Clear,27.14,3,15,Medium,Express,Carrier_A,10.34
228.43,Medium,Clear,4.28,2,14,Low,Standard,Carrier_A,17.8
95.48,Medium,Clear,8.36,0,13,Medium,Express,Carrier_A,10.77
23.42,High,Rain,7.95,0,23,Medium,Standard,Carrier_C,13.87
145.71,Low,Rain,34.76,2,3,High,Standard,Carrier_A,23.14
55.09,Medium,Storm,43.3,4,0,High,Express,Carrier_B,20.93
5.0,Medium,Rain,13.14,2,8,Low,Standard,Carrier_B,12.44
35.53,Medium,Clear,17.88,2,0,Medium,Standard,Carrier_A,4.77
125.4,High,Clear,17.56,1,17,Medium,Standard,Carrier_A,15.46
86.13,Low,Storm,4.34,1,8,Low,Standard,Carrier_B,17.51
97.84,High,Clear,15.71,4,3,High,Standard,Carrier_A,20.77
144.8,Medium,Clear,5.14,0,1,Low,Standard,Carrier_B,12.73
13.22,High,Rain,8.92,3,21,High,Standard,Carrier_B,19.41
35.88,High,Storm,20.92,3,9,Low,Express,Carrier_A,18.24
65.98,High,Clear,10.51,0,11,High,Express,Carrier_A,12.26
127.82,Low,Clear,20.42,3,4,Medium,Express,Carrier_B,19.07
27.12,Medium,Clear,23.21,1,18,Medium,Express,Carrier_A,7.42
49.57,High,Rain,3.18,6,17,Low,Standard,Carrier_B,22.62
63.04,Medium,Clear,2.42,3,8,Low,Standard,Carrier_A,7.9
34.48,Medium,Rain,21.23,1,20,Low,Standard,Carrier_B,10.67
62.53,High,Clear,21.79,1,8,Medium,Express,Carrier_B,12.39
56.44,High,Clear,11.78,1,21,Medium,Standard,Carrier_C,17.21
41.95,Medium,Clear,12.87,1,23,Low,Standard,Carrier_B,6.53
105.65,High,Clear,17.82,1,11,Medium,Standard,Carrier_B,16.3
93.39,Low,Rain,17.61,2,13,Low,Express,Carrier_B,8.15
108.77,High,Clear,8.18,1,20,Medium,Standard,Carrier_A,12.71
115.11,High,Rain,18.57,3,2,Low,Standard,Carrier_A,17.8
168.39,Low,Clear,7.96,1,11,Medium,Standard,Carrier_B,15.87
17.11,Low,Storm,11.69,2,22,Medium,Standard,Carrier_B,17.31
18.97,High,Rain,11.36,1,4,Low,Standard,Carrier_C,8.78
99.79,Medium,Clear,5.71,5,8,Low,Standard,Carrier_B,14.67
44.98,Low,Storm,6.15,4,20,Medium,Standard,Carrier_A,19.68
40.73,Low,Clear,42.61,5,17,High,Standard,Carrier_A,19.72
36.1,Medium,Clear,5.59,5,11,Low,Standard,Carrier_A,9.2
111.27,Medium,Rain,12.69,2,3,Medium,Express,Carrier_C,14.25
219.36,High,Rain,14.54,4,4,Medium,Standard,Carrier_A,30.8
114.71,Medium,Rain,9.63,3,20,Low,Standard,Carrier_C,21.55
43.44,Medium,Storm,15.43,2,12,Low,Standard,Carrier_A,15.94
107.58,Low,Clear,12.35,2,23,Medium,Standard,Carrier_C,12.55
18.43,Medium,Clear,5.67,6,2,Low,Standard,Carrier_B,10.79
53.6,Medium,Clear,14.14,4,9,Medium,Standard,Carrier_C,8.86
13.24,High,Clear,7.0,2,2,High,Standard,Carrier_B,15.62
45.04,High,Clear,30.92,2,3,High,Standard,Carrier_A,19.47
71.13,Medium,Clear,13.18,3,0,Medium,Standard,Carrier_B,10.79
245.05,High,Clear,6.33,1,13,Low,Standard,Carrier_A,15.75
134.5,Low,Clear,12.46,4,5,Medium,Standard,Carrier_A,15.78
13.51,Medium,Clear,5.47,1,3,Low,Standard,Carrier_A,1.0
14.84,High,Rain,11.79,4,21,Medium,Standard,Carrier_A,10.43
34.67,Medium,Clear,8.61,3,10,Low,Standard,Carrier_B,4.54
188.47,High,Rain,5.83,2,12,Low,Standard,Carrier_B,16.66
14.14,Low,Rain,5.78,5,14,Low,Standard,Carrier_C,11.19
36.32,High,Clear,48.56,3,10,Low,Standard,Carrier_B,13.31
36.16,Low,Rain,10.58,3,3,Medium,Express,Carrier_B,15.39
83.25,Low,Storm,7.53,2,11,High,Standard,Carrier_B,22.77
109.4,Medium,Clear,6.73,3,22,Medium,Standard,Carrier_A,19.46
94.01,High,Rain,13.55,2,16,Low,Standard,Carrier_A,16.41
75.4,Medium,Clear,6.59,2,16,Medium,Standard,Carrier_C,13.58
17.73,Medium,Clear,4.9,2,13,Medium,Standard,Carrier_A,4.3
67.37,Low,Clear,9.77,2,8,High,Standard,Carrier_A,13.1
147.46,Low,Rain,9.72,3,11,Medium,Standard,Carrier_B,21.75
179.7,Low,Rain,7.61,3,9,Low,Standard,Carrier_A,18.66
81.72,High,Rain,5.59,3,13,Medium,Standard,Carrier_A,16.99
13.64,Low,Rain,7.74,0,20,Low,Standard,Carrier_A,5.13
82.68,Medium,Clear,7.35,5,0,Medium,Standard,Carrier_A,14.13
56.31,Medium,Clear,6.72,5,11,High,Standard,Carrier_A,15.47
15.86,Medium,Clear,11.94,0,6,High,Express,Carrier_A,10.92
25.78,Medium,Clear,42.4,2,23,Low,Standard,Carrier_C,4.56
30.07,Low,Rain,23.7,2,3,Medium,Standard,Carrier_C,8.3
100.02,Medium,Clear,35.24,3,1,Low,Standard,Carrier_A,12.26
174.88,Medium,Clear,6.9,1,16,Low,Express,Carrier_A,11.76
89.94,Low,Clear,29.62,2,6,High,Standard,Carrier_C,11.33
102.17,Medium,Clear,11.56,0,5,High,Standard,Carrier_B,17.27
59.25,Low,Clear,18.94,4,12,Low,Standard,Carrier_B,7.29
40.23,High,Clear,13.43,2,22,Medium,Express,Carrier_B,19.22
91.62,High,Clear,7.98,3,3,Low,Standard,Carrier_A,18.62
76.1,Low,Clear,15.92,2,12,Medium,Standard,Carrier_A,9.97
32.44,Medium,Clear,13.67,5,8,High,Standard,Carrier_A,17.69
72.58,Medium,Rain,3.16,2,4,Medium,Standard,Carrier_A,15.51
62.11,High,Clear,9.2,0,12,Medium,Standard,Carrier_C,12.75
49.28,Medium,Clear,17.59,2,23,Medium,Standard,Carrier_A,10.09
39.13,Medium,Clear,11.95,2,6,Medium,Standard,Carrier_A,16.87
81.67,Low,Clear,13.53,3,5,High,Express,Carrier_C,8.57
41.17,Low,Clear,6.12,2,3,Low,Standard,Carrier_C,3.89
219.54,Medium,Clear,11.78,1,14,Low,Standard,Carrier_A,16.84
87.89,Medium,Rain,9.37,2,6,Medium,Standard,Carrier_A,16.11
82.62,High,Storm,8.74,0,14,Medium,Standard,Carrier_B,26.83
54.69,High,Clear,6.41,2,1,Low,Standard,Carrier_A,11.22
46.05,Medium,Clear,18.08,0,16,Medium,Express,Carrier_C,9.28
10.59,Medium,Clear,12.49,4,4,Low,Standard,Carrier_A,8.49
34.25,High,Clear,11.69,4,2,High,Standard,Carrier_A,15.96
13.34,High,Clear,37.83,2,1,Low,Standard,Carrier_B,14.19
13.15,High,Rain,13.57,1,19,High,Express,Carrier_B,17.92
22.48,High,Clear,21.77,2,22,High,Standard,Carrier_C,16.3
137.57,Medium,Clear,11.91,1,10,Medium,Standard,Carrier_B,14.21
137.13,Medium,Clear,7.93,2,3,Low,Standard,Carrier_A,11.27
34.91,Medium,Clear,5.01,1,19,High,Standard,Carrier_B,13.3
17.32,Low,Clear,11.67,4,0,Medium,Express,Carrier_A,6.5
44.47,Medium,Clear,1.77,3,7,Medium,Standard,Carrier_A,15.36
99.34,Medium,Clear,11.91,3,22,Low,Standard,Carrier_A,17.4
119.6,Medium,Clear,12.24,3,9,Low,Standard,Carrier_A,15.34
71.85,Low,Clear,8.66,2,18,Medium,Standard,Carrier_A,16.52
80.96,Medium,Rain,9.39,3,8,Medium,Standard,Carrier_B,19.83
75.58,Medium,Clear,4.42,2,6,High,Standard,Carrier_A,11.97
14.32,Medium,Clear,24.55,0,7,Medium,Express,Carrier_B,8.26
18.99,Low,Rain,8.01,2,21,Low,Standard,Carrier_A,9.14
179.5,Medium,Rain,5.3,0,10,Medium,Standard,Carrier_B,21.34
71.61,Low,Clear,14.21,3,20,Low,Express,Carrier_B,6.1
7.95,Medium,Clear,10.72,2,23,Low,Standard,Carrier_A,4.73
84.36,Medium,Clear,7.9,2,17,Medium,Standard,Carrier_C,12.14
28.87,High,Clear,7.38,3,7,Low,Standard,Carrier_B,13.42
125.99,Medium,Rain,9.94,1,14,Low,Standard,Carrier_C,14.11
117.25,Medium,Clear,23.92,2,8,Low,Standard,Carrier_C,18.77
95.65,High,Clear,13.53,7,14,Low,Standard,Carrier_A,16.18
71.03,Medium,Clear,9.75,0,16,High,Standard,Carrier_C,9.09
146.29,High,Clear,17.36,3,23,Medium,Standard,Carrier_B,15.34
156.03,Low,Clear,10.15,1,18,High,Standard,Carrier_A,20.3
29.51,Medium,Clear,12.95,2,11,High,Standard,Carrier_C,9.23
94.95,Low,Clear,11.0,4,20,High,Standard,Carrier_A,15.48
39.48,Medium,Rain,14.63,2,19,Low,Standard,Carrier_B,11.45
25.96,High,Rain,7.47,4,6,Low,Express,Carrier_A,11.25
155.94,Medium,Rain,4.76,1,2,Medium,Standard,Carrier_C,15.6
105.41,Medium,Rain,17.98,1,10,Medium,Standard,Carrier_C,12.05
75.23,Low,Rain,26.53,4,16,Low,Standard,Carrier_A,17.58
31.98,High,Storm,4.91,3,5,Low,Standard,Carrier_B,22.56
158.92,Medium,Clear,11.21,2,23,Medium,Standard,Carrier_A,17.53
28.51,Low,Clear,7.45,0,23,Medium,Standard,Carrier_C,10.23
23.21,High,Clear,17.71,0,0,Medium,Standard,Carrier_A,6.21
62.24,Medium,Clear,11.71,2,9,Low,Standard,Carrier_A,10.34
99.33,Medium,Rain,86.73,1,6,Medium,Standard,Carrier_B,15.8
47.92,Low,Clear,8.2,2,20,Medium,Standard,Carrier_B,10.97
300.0,Low,Rain,27.09,1,18,Medium,Standard,Carrier_A,22.41
70.22,High,Rain,28.86,0,16,High,Express,Carrier_B,21.25
39.34,Medium,Clear,14.11,2,17,Medium,Express,Carrier_B,6.58
42.96,High,Clear,10.22,7,19,Medium,Standard,Carrier_A,20.39
192.57,Low,Clear,10.61,2,17,Low,Standard,Carrier_A,19.52
58.03,Medium,Clear,10.04,3,16,Low,Standard,Carrier_B,9.45
152.42,Medium,Clear,20.84,4,23,Medium,Express,Carrier_B,15.23
12.67,Medium,Clear,5.66,4,13,High,Standard,Carrier_B,16.43
127.68,Medium,Clear,8.98,1,2,Medium,Express,Carrier_B,16.33
33.3,Medium,Clear,8.3,1,10,Medium,Standard,Carrier_B,5.23
107.13,Medium,Clear,3.25,3,16,Low,Express,Carrier_A,13.05
33.07,High,Clear,17.43,3,20,Medium,Standard,Carrier_A,14.51
45.4,Medium,Clear,19.9,1,15,Low,Standard,Carrier_B,8.38
25.29,Medium,Storm,6.6,3,6,Low,Standard,Carrier_A,18.38
108.51,Medium,Clear,19.48,3,4,Medium,Standard,Carrier_C,11.64
120.12,Medium,Rain,3.56,4,20,Low,Standard,Carrier_C,13.91
34.21,Low,Clear,10.13,1,5,Low,Express,Carrier_A,1.0
16.22,High,Clear,9.19,1,0,Low,Standard,Carrier_A,9.09
151.01,Low,Storm,10.56,3,15,Low,Express,Carrier_A,16.79
37.65,Low,Rain,10.52,1,12,Medium,Standard,Carrier_A,11.45
55.79,Medium,Clear,9.49,2,15,Medium,Standard,Carrier_C,8.37
29.29,Low,Rain,7.75,3,11,Low,Standard,Carrier_A,7.84
101.56,Low,Clear,9.29,1,14,Low,Standard,Carrier_A,9.01
103.29,Low,Rain,24.19,3,8,Medium,Standard,Carrier_B,15.59
167.4,Low,Clear,6.85,4,11,Low,Standard,Carrier_B,18.32
130.15,Medium,Rain,43.21,2,4,Medium,Standard,Carrier_B,20.51
124.29,High,Storm,6.6,1,16,High,Standard,Carrier_B,31.18
59.68,Medium,Rain,11.66,2,14,Medium,Standard,Carrier_B,11.28
54.36,Medium,Rain,14.46,1,7,Medium,Standard,Carrier_B,19.68
100.61,Medium,Rain,8.25,3,13,Medium,Standard,Carrier_A,10.7
57.23,Medium,Clear,24.5,4,5,Medium,Express,Carrier_B,13.31
133.1,Medium,Clear,14.22,4,17,Medium,Standard,Carrier_B,19.82
27.73,Medium,Rain,8.73,0,14,Medium,Standard,Carrier_A,11.5
12.4,Medium,Clear,24.32,2,15,Medium,Express,Carrier_C,4.77
92.71,Medium,Clear,5.15,0,14,Medium,Express,Carrier_B,10.08
41.53,Low,Rain,6.91,2,20,Medium,Standard,Carrier_A,12.02
24.18,High,Clear,14.38,2,19,Medium,Standard,Carrier_C,13.04
235.61,High,Rain,16.79,3,6,High,Express,Carrier_B,29.07
63.84,High,Rain,12.3,1,9,Medium,Express,Carrier_C,15.63
19.45,Low,Clear,9.18,1,13,Medium,Express,Carrier_B,10.99
37.68,High,Clear,8.47,1,18,Medium,Standard,Carrier_B,10.36
50.94,Medium,Rain,20.81,2,0,Medium,Standard,Carrier_A,16.26
91.39,Low,Clear,11.66,5,22,High,Standard,Carrier_A,16.71
37.84,High,Storm,5.66,0,7,Medium,Standard,Carrier_B,21.96
56.42,High,Clear,5.45,4,10,Low,Standard,Carrier_C,8.7
77.08,Low,Clear,26.68,2,6,Medium,Standard,Carrier_C,12.4
87.44,High,Clear,6.25,1,13,Low,Express,Carrier_A,7.26
59.53,Low,Rain,11.91,5,6,Medium,Standard,Carrier_B,18.72
190.62,Medium,Clear,24.0,1,21,High,Standard,Carrier_A,18.4
102.3,Low,Rain,14.19,0,7,High,Standard,Carrier_B,22.36
98.48,Low,Storm,6.1,1,7,Medium,Express,Carrier_A,15.15
96.04,High,Clear,5.15,2,0,Low,Express,Carrier_B,10.22
133.78,Medium,Clear,33.63,3,17,Medium,Standard,Carrier_B,18.79
73.47,Low,Clear,5.07,3,21,Low,Standard,Carrier_C,5.55
27.33,High,Rain,6.96,3,13,High,Express,Carrier_B,16.17
84.56,High,Clear,12.71,1,21,Low,Standard,Carrier_A,17.1
92.11,High,Rain,8.65,3,9,High,Standard,Carrier_B,23.07
147.62,High,Rain,14.48,4,16,Medium,Standard,Carrier_B,26.22
24.99,High,Clear,3.84,2,20,Medium,Standard,Carrier_A,15.85
30.58,Medium,Clear,8.7,0,17,High,Standard,Carrier_A,12.96
65.36,Medium,Storm,15.49,5,3,Medium,Standard,Carrier_C,22.52
97.92,High,Rain,15.53,2,23,Medium,Standard,Carrier_A,19.67
21.04,Low,Rain,6.88,2,0,Low,Express,Carrier_A,8.03
25.59,Low,Clear,5.13,1,2,Low,Standard,Carrier_B,5.21
114.07,Medium,Clear,11.46,1,4,Medium,Standard,Carrier_A,14.31
21.85,Low,Clear,4.25,4,17,Medium,Standard,Carrier_B,16.39
30.95,Medium,Storm,22.98,6,21,Medium,Standard,Carrier_A,18.14
118.94,High,Clear,11.05,3,12,Medium,Standard,Carrier_A,18.61
96.94,Medium,Rain,6.34,2,8,Low,Express,Carrier_A,11.49
38.16,Medium,Clear,5.03,5,11,Medium,Express,Carrier_B,13.49
89.43,Medium,Rain,6.61,3,16,High,Standard,Carrier_A,15.56
77.93,Medium,Clear,3.61,2,5,High,Standard,Carrier_A,13.27
57.82,Low,Rain,13.76,1,5,Low,Standard,Carrier_B,12.64
47.0,Low,Clear,5.92,2,7,Low,Standard,Carrier_B,9.11
87.01,Medium,Rain,12.93,5,11,Low,Standard,Carrier_A,10.0
23.63,Medium,Rain,14.15,0,17,High,Standard,Carrier_B,13.54
86.32,Medium,Clear,18.69,3,12,Medium,Express,Carrier_A,8.86
72.9,Medium,Clear,11.75,3,2,High,Standard,Carrier_A,19.12
76.66,Low,Clear,20.73,5,5,High,Standard,Carrier_A,16.99
29.81,Medium,Clear,24.56,2,1,Low,Express,Carrier_B,9.02
150.04,Medium,Clear,11.8,0,9,Medium,Express,Carrier_C,9.96
38.26,Medium,Clear,12.27,2,12,Medium,Standard,Carrier_A,9.28
43.23,High,Clear,6.94,2,6,Medium,Express,Carrier_A,14.8
56.13,Medium,Clear,5.25,3,1,High,Standard,Carrier_C,15.48
96.79,Low,Rain,22.95,1,2,Low,Standard,Carrier_B,10.7
75.04,Medium,Clear,14.79,3,16,Medium,Standard,Carrier_C,15.78
15.63,Low,Clear,15.59,5,10,Low,Standard,Carrier_B,4.43
63.17,Low,Rain,6.79,0,23,Medium,Standard,Carrier_C,6.63
67.05,Medium,Clear,28.66,3,13,Low,Express,Carrier_B,4.12
152.42,Low,Rain,8.6,2,7,Medium,Standard,Carrier_A,18.06
50.3,Low,Rain,5.92,2,2,Medium,Standard,Carrier_B,13.48
91.13,High,Rain,6.87,1,17,Medium,Standard,Carrier_A,16.32
300.0,Medium,Clear,27.7,1,8,High,Standard,Carrier_B,29.13
135.71,High,Clear,4.84,0,14,Medium,Standard,Carrier_A,13.64
28.43,High,Rain,6.12,1,11,Low,Standard,Carrier_B,11.2
105.63,Medium,Rain,65.63,3,1,Medium,Express,Carrier_A,12.25
86.58,Medium,Clear,18.39,1,22,Low,Standard,Carrier_A,13.05
49.04,Medium,Clear,6.19,2,2,Low,Standard,Carrier_A,6.11
106.46,Medium,Rain,4.94,2,14,Low,Standard,Carrier_A,12.98
28.06,Medium,Rain,3.36,2,3,Low,Standard,Carrier_A,7.87
38.9,Low,Clear,10.62,3,22,High,Standard,Carrier_A,11.9
56.58,Low,Clear,16.01,2,6,High,Standard,Carrier_C,17.61
47.31,High,Clear,26.77,2,12,Low,Standard,Carrier_B,20.32
98.84,Low,Clear,2.91,1,1,Medium,Standard,Carrier_B,10.46
61.91,Medium,Rain,4.21,4,19,Low,Standard,Carrier_B,17.29
43.71,High,Clear,9.23,2,5,Medium,Standard,Carrier_A,15.2
134.24,Medium,Clear,61.07,5,2,Low,Standard,Carrier_B,20.69
96.33,Medium,Clear,17.74,1,6,Low,Express,Carrier_B,11.09
18.71,Low,Rain,12.71,3,13,Medium,Standard,Carrier_A,12.75
18.37,High,Rain,4.5,2,7,Medium,Express,Carrier_B,16.09
43.96,Medium,Rain,2.51,1,8,Medium,Standard,Carrier_C,10.89
20.93,Medium,Rain,10.23,1,1,High,Express,Carrier_A,13.91
120.44,High,Storm,9.35,1,17,Low,Express,Carrier_A,21.88
40.39,Low,Clear,8.38,3,8,Medium,Standard,Carrier_B,12.6
91.06,Medium,Clear,7.79,1,21,Low,Express,Carrier_A,3.85
104.65,Low,Rain,6.13,0,9,Low,Standard,Carrier_A,10.36
10.71,Low,Clear,5.28,3,17,Low,Standard,Carrier_A,6.0
41.86,Medium,Clear,24.61,2,7,Low,Express,Carrier_A,9.67
54.67,Medium,Storm,5.61,1,2,Medium,Standard,Carrier_B,22.53
77.39,Medium,Clear,8.34,4,15,Medium,Standard,Carrier_C,14.34
116.0,Medium,Rain,9.72,3,14,Medium,Standard,Carrier_B,17.44
242.29,High,Clear,15.79,2,23,Low,Standard,Carrier_C,18.39
178.64,High,Clear,5.73,2,17,Low,Standard,Carrier_A,23.87
61.37,Low,Rain,18.84,4,15,Medium,Standard,Carrier_A,13.75
60.84,High,Rain,6.84,1,0,Low,Standard,Carrier_A,4.5
166.8,Low,Clear,8.98,1,19,Low,Express,Carrier_A,15.15
63.85,Medium,Clear,29.02,2,4,Low,Standard,Carrier_B,11.53
41.12,Medium,Clear,5.31,1,17,High,Express,Carrier_C,4.83
121.75,Medium,Clear,15.94,3,16,Medium,Standard,Carrier_A,18.62
80.03,Low,Clear,19.16,2,19,Low,Standard,Carrier_C,9.93
18.1,Medium,Clear,12.2,3,7,Medium,Standard,Carrier_B,8.63
50.64,Low,Clear,9.24,2,11,High,Standard,Carrier_A,16.6
21.53,Low,Clear,39.71,4,1,Low,Express,Carrier_B,7.27
5.0,Medium,Clear,9.88,3,8,Low,Standard,Carrier_B,8.49
194.56,Medium,Clear,11.39,2,21,High,Express,Carrier_B,17.65
69.87,Medium,Clear,8.01,1,4,High,Standard,Carrier_B,13.64
52.08,Medium,Clear,11.0,3,22,Medium,Standard,Carrier_B,11.51
43.69,Medium,Storm,18.67,1,1,Low,Standard,Carrier_B,17.04
64.73,Medium,Storm,8.34,1,8,Low,Standard,Carrier_B,17.93
43.26,High,Rain,2.53,3,9,High,Standard,Carrier_A,19.46
28.87,High,Clear,13.93,6,23,Medium,Standard,Carrier_C,14.52
45.28,Low,Rain,4.95,1,13,Medium,Standard,Carrier_A,8.25
156.37,Medium,Clear,16.15,3,20,Low,Standard,Carrier_B,15.75
119.93,Medium,Clear,9.97,3,20,Low,Express,Carrier_B,15.83
45.32,Low,Rain,18.41,4,13,Medium,Standard,Carrier_A,10.61
207.21,Low,Clear,5.38,2,17,Medium,Standard,Carrier_B,19.54
60.84,Low,Rain,7.04,2,17,Medium,Standard,Carrier_A,11.03
34.53,Medium,Rain,8.0,3,12,Medium,Express,Carrier_A,13.19
82.52,Medium,Clear,3.81,2,22,Medium,Standard,Carrier_B,7.88
172.45,Medium,Clear,20.54,0,10,Medium,Standard,Carrier_C,12.13
151.62,Medium,Rain,3.47,4,17,Low,Standard,Carrier_A,21.7
35.93,Medium,Clear,20.35,3,8,High,Express,Carrier_C,11.77
24.1,Low,Clear,13.14,3,8,Low,Standard,Carrier_B,11.48
48.56,High,Clear,8.76,3,8,Medium,Express,Carrier_B,14.24
92.2,Medium,Storm,12.48,4,4,Low,Standard,Carrier_C,16.31
109.54,Low,Clear,12.26,1,19,Medium,Express,Carrier_B,11.55
137.91,Low,Storm,7.69,3,10,Medium,Standard,Carrier_A,16.86
72.61,Medium,Rain,12.11,2,16,Low,Standard,Carrier_B,12.9
74.3,High,Clear,16.04,6,4,Medium,Express,Carrier_B,18.93
70.73,Medium,Clear,5.4,0,16,Medium,Standard,Carrier_C,10.06
126.42,Low,Rain,12.49,0,0,Medium,Standard,Carrier_B,14.29
110.83,Low,Clear,1.81,3,15,Low,Express,Carrier_C,7.83
34.89,Low,Clear,2.85,2,10,Low,Standard,Carrier_A,1.0
101.95,Medium,Clear,14.4,3,2,High,Express,Carrier_B,11.05
121.12,High,Rain,7.6,2,7,Low,Standard,Carrier_B,21.87
127.51,Medium,Rain,5.73,0,0,Medium,Standard,Carrier_A,13.77
80.09,High,Clear,9.64,1,2,Low,Standard,Carrier_B,12.51
77.09,Low,Clear,7.71,3,19,Medium,Standard,Carrier_B,15.25
62.77,Medium,Clear,5.25,1,20,Medium,Standard,Carrier_B,8.18
67.58,High,Rain,3.44,3,19,Medium,Standard,Carrier_B,18.64
187.25,Medium,Clear,2.78,2,2,Medium,Standard,Carrier_B,17.36
69.2,High,Storm,16.12,0,14,Medium,Standard,Carrier_C,19.64
37.19,Low,Rain,7.58,3,15,High,Standard,Carrier_A,12.23
81.27,Medium,Clear,18.73,3,8,Medium,Standard,Carrier_A,12.79
108.11,Medium,Rain,7.53,6,13,Medium,Standard,Carrier_C,22.42
124.07,Low,Rain,12.56,3,6,Medium,Standard,Carrier_A,15.41
28.59,High,Rain,9.19,3,23,Medium,Standard,Carrier_C,15.92
163.26,Medium,Clear,10.27,3,5,Medium,Express,Carrier_B,10.85
105.43,Low,Rain,10.6,1,6,Medium,Standard,Carrier_A,9.13
157.39,High,Clear,7.47,3,18,High,Express,Carrier_B,25.18
20.19,Medium,Rain,4.49,2,5,High,Standard,Carrier_B,13.82
130.69,High,Clear,16.41,1,21,Medium,Express,Carrier_A,13.45
27.43,High,Clear,28.1,5,15,Medium,Standard,Carrier_A,11.4
52.91,Low,Storm,29.33,0,21,Low,Standard,Carrier_B,16.17
107.72,Medium,Clear,6.96,2,13,High,Standard,Carrier_B,18.68
25.18,High,Clear,6.19,2,23,Medium,Standard,Carrier_A,11.11
43.0,Low,Rain,6.96,3,19,High,Express,Carrier_A,14.43
19.85,Medium,Clear,8.9,3,19,Medium,Standard,Carrier_B,11.35
105.83,High,Rain,9.64,1,4,Medium,Express,Carrier_B,14.83
34.42,Low,Rain,5.21,2,19,Low,Standard,Carrier_B,9.73
66.09,High,Clear,3.81,2,7,Medium,Standard,Carrier_C,17.14
86.69,Medium,Clear,10.3,3,19,Medium,Standard,Carrier_B,14.8
80.63,High,Storm,1.01,4,0,Medium,Standard,Carrier_B,24.11
75.64,Medium,Storm,9.34,1,1,Low,Express,Carrier_B,13.68
75.54,Medium,Clear,5.4,1,17,Low,Standard,Carrier_B,14.63
21.08,High,Rain,16.56,3,1,High,Standard,Carrier_C,14.79
55.1,Low,Clear,19.71,4,7,Medium,Standard,Carrier_A,16.36
75.07,Medium,Clear,20.01,3,11,Low,Standard,Carrier_B,9.93
69.47,High,Rain,7.96,1,5,Medium,Standard,Carrier_A,13.91
59.87,High,Clear,4.77,2,17,Low,Standard,Carrier_B,20.49
38.27,High,Clear,5.87,2,14,Low,Standard,Carrier_B,8.52
79.43,Medium,Clear,12.02,4,15,Low,Standard,Carrier_A,11.08
89.79,Medium,Rain,3.42,2,6,Low,Standard,Carrier_B,16.63
47.51,Medium,Clear,24.68,5,0,High,Standard,Carrier_B,11.79
124.63,Medium,Clear,8.05,1,1,Medium,Standard,Carrier_C,13.07
165.44,Medium,Clear,13.81,2,6,Medium,Standard,Carrier_C,11.14
67.03,Low,Clear,3.13,1,5,Medium,Standard,Carrier_B,9.3
35.52,Low,Storm,5.46,2,14,Medium,Express,Carrier_A,17.75
24.91,Medium,Clear,2.89,3,20,Medium,Express,Carrier_C,1.0
52.34,Medium,Clear,19.37,0,6,Medium,Standard,Carrier_B,9.52
63.56,Medium,Storm,8.99,0,14,Medium,Standard,Carrier_C,13.98
23.77,Low,Clear,14.46,0,22,Medium,Express,Carrier_B,1.45
51.16,High,Clear,10.39,1,11,Low,Standard,Carrier_C,5.37
120.42,High,Rain,13.52,3,4,Low,Standard,Carrier_B,22.49
8.95,Medium,Rain,8.01,5,11,Low,Standard,Carrier_A,11.04
70.04,High,Clear,8.74,3,1,Medium,Standard,Carrier_B,10.55
42.8,High,Rain,9.4,0,23,Low,Express,Carrier_A,6.99
64.98,Low,Clear,12.98,2,21,Medium,Standard,Carrier_A,7.27
171.11,Low,Rain,13.21,4,0,Medium,Standard,Carrier_A,14.25
62.82,Low,Clear,62.02,0,6,Medium,Standard,Carrier_B,9.52
56.46,Low,Rain,29.76,1,3,Medium,Express,Carrier_B,10.3
101.37,Medium,Clear,3.14,3,21,Low,Standard,Carrier_C,11.46
80.18,Low,Rain,9.09,4,20,High,Standard,Carrier_C,21.33
70.25,High,Storm,7.66,3,8,Low,Standard,Carrier_A,19.42
82.17,Medium,Rain,22.92,0,12,Medium,Standard,Carrier_B,12.61
142.01,Medium,Rain,8.12,0,15,Low,Standard,Carrier_C,11.88
115.4,High,Clear,13.49,0,23,Medium,Standard,Carrier_B,18.48
53.65,High,Clear,2.18,3,19,Medium,Standard,Carrier_A,17.83
165.37,High,Clear,3.73,1,16,Low,Standard,Carrier_C,14.85
44.83,High,Clear,38.86,3,10,Low,Express,Carrier_B,15.26
70.05,High,Rain,10.31,0,17,Medium,Express,Carrier_B,13.7
75.73,Medium,Rain,5.21,2,15,High,Standard,Carrier_A,18.75
51.79,High,Clear,11.68,3,13,Medium,Standard,Carrier_C,15.13
154.14,Low,Clear,5.03,2,5,Low,Standard,Carrier_C,12.28
49.89,Medium,Rain,8.3,1,0,Low,Standard,Carrier_C,8.12
59.33,Medium,Clear,3.88,1,12,High,Standard,Carrier_A,11.31
126.48,Low,Clear,5.97,5,21,Low,Standard,Carrier_A,13.96
46.1,Low,Clear,7.61,1,23,Medium,Standard,Carrier_C,7.7
22.91,Low,Clear,20.67,2,12,Low,Standard,Carrier_C,6.22
71.45,Low,Rain,13.49,1,23,Medium,Standard,Carrier_C,12.21
29.15,Low,Clear,15.11,7,0,Medium,Standard,Carrier_B,12.78
26.49,Medium,Clear,9.81,1,19,High,Standard,Carrier_A,16.64
9.18,High,Clear,17.03,4,5,Medium,Standard,Carrier_B,11.63
10.6,Medium,Clear,5.65,3,8,Low,Standard,Carrier_A,8.85
11.48,Medium,Clear,6.19,3,8,Medium,Standard,Carrier_A,8.93
179.28,Low,Clear,13.0,2,5,Low,Standard,Carrier_A,20.24
11.44,High,Rain,8.32,3,6,High,Standard,Carrier_B,19.97
28.53,Low,Rain,9.88,1,13,Low,Standard,Carrier_B,10.83
60.06,Medium,Clear,8.96,1,0,High,Standard,Carrier_C,12.86
98.41,Medium,Clear,22.53,0,5,High,Standard,Carrier_A,13.76
105.18,High,Rain,23.3,4,6,Low,Express,Carrier_C,23.08
35.54,High,Clear,6.64,6,2,High,Express,Carrier_A,19.08
69.15,High,Clear,3.18,1,21,High,Standard,Carrier_C,14.11
58.8,Medium,Clear,6.28,2,10,High,Standard,Carrier_B,13.39
66.41,Medium,Clear,5.57,4,14,Medium,Standard,Carrier_A,12.67
72.74,Medium,Storm,17.13,4,13,Medium,Express,Carrier_B,17.29
86.49,Low,Clear,18.14,6,7,Low,Standard,Carrier_A,12.61
42.19,Low,Storm,5.1,1,6,High,Standard,Carrier_B,13.41
138.13,High,Rain,6.11,3,2,Low,Standard,Carrier_B,13.55
50.17,High,Storm,3.81,3,19,Medium,Standard,Carrier_B,29.31
235.74,Medium,Rain,10.88,3,18,High,Standard,Carrier_B,27.99
44.19,Low,Rain,9.69,3,15,High,Standard,Carrier_B,14.0
70.01,Low,Clear,16.66,2,17,High,Standard,Carrier_A,14.34
59.18,Medium,Rain,13.78,5,19,High,Standard,Carrier_B,23.2
68.1,Low,Clear,14.83,1,0,Medium,Standard,Carrier_C,9.74
128.64,Medium,Rain,3.66,4,16,Medium,Standard,Carrier_A,23.02
56.76,Low,Clear,6.64,2,23,Low,Standard,Carrier_A,8.15
25.55,Low,Clear,18.48,1,19,High,Express,Carrier_A,8.24
41.6,Low,Clear,7.03,1,6,Medium,Standard,Carrier_B,11.41
56.85,High,Clear,3.46,3,14,Medium,Standard,Carrier_C,12.54
74.38,Medium,Clear,16.86,6,6,Medium,Standard,Carrier_C,16.38
35.67,Medium,Clear,6.85,0,3,Medium,Standard,Carrier_B,4.27
38.85,Medium,Clear,19.9,4,7,Medium,Express,Carrier_A,14.64
76.25,High,Clear,9.86,2,8,High,Express,Carrier_B,15.87
78.07,Medium,Clear,8.33,4,23,Low,Standard,Carrier_A,6.98
117.12,Medium,Clear,24.19,1,11,Medium,Standard,Carrier_A,9.29
41.2,Low,Clear,4.28,0,20,Low,Express,Carrier_B,3.91
92.24,Medium,Clear,25.34,2,22,Medium,Standard,Carrier_B,19.93
59.26,Medium,Clear,6.58,3,15,Medium,Standard,Carrier_C,9.68
45.85,High,Clear,11.08,2,11,Low,Standard,Carrier_B,11.71
60.66,High,Storm,11.15,1,11,Medium,Standard,Carrier_B,22.94
66.78,High,Clear,7.56,6,18,High,Standard,Carrier_B,21.2
23.21,High,Clear,6.08,1,7,High,Standard,Carrier_B,16.22
24.84,Low,Clear,7.84,4,10,Medium,Standard,Carrier_A,7.03
100.68,Medium,Rain,5.16,4,8,Low,Express,Carrier_A,20.44
49.26,Low,Clear,35.7,3,6,Medium,Standard,Carrier_C,8.61
74.75,Low,Clear,7.3,0,7,Medium,Standard,Carrier_B,13.24
98.73,Medium,Clear,21.19,0,2,Medium,Express,Carrier_C,6.42
60.92,Medium,Clear,19.45,0,20,Medium,Standard,Carrier_C,5.11
93.36,Medium,Clear,12.63,3,20,Medium,Standard,Carrier_B,15.97
67.08,High,Storm,9.13,0,16,Medium,Standard,Carrier_A,22.06
69.28,Medium,Storm,11.31,3,18,High,Express,Carrier_B,25.65
135.4,High,Clear,14.47,3,9,Medium,Standard,Carrier_A,17.97
56.31,High,Clear,10.65,4,12,Low,Express,Carrier_A,10.63
101.44,High,Clear,3.6,2,23,High,Standard,Carrier_B,15.84
19.64,Low,Storm,3.06,6,1,Medium,Standard,Carrier_A,14.75
72.92,Medium,Rain,26.6,2,4,Medium,Standard,Carrier_A,9.74
157.46,Medium,Clear,1.8,1,19,Low,Standard,Carrier_A,14.45
246.3,High,Clear,11.33,1,1,Low,Standard,Carrier_C,24.06
20.57,Low,Clear,8.56,2,18,Medium,Standard,Carrier_B,7.28
49.08,Medium,Rain,11.07,1,8,Low,Standard,Carrier_A,9.51
29.7,Medium,Clear,4.75,3,16,Medium,Express,Carrier_B,10.2
57.93,Low,Clear,12.53,2,23,Medium,Standard,Carrier_A,7.9
112.32,High,Clear,11.4,1,13,Low,Standard,Carrier_A,15.89
138.5,Low,Clear,60.02,2,0,Medium,Standard,Carrier_A,10.06
141.36,Medium,Rain,10.85,5,12,Low,Standard,Carrier_B,12.01
18.89,Medium,Clear,23.96,3,1,Low,Standard,Carrier_A,7.5
65.77,Medium,Clear,3.77,4,22,High,Standard,Carrier_A,19.52
40.56,Low,Rain,19.36,3,8,Medium,Standard,Carrier_A,12.49
55.54,Medium,Clear,11.55,0,22,High,Standard,Carrier_C,11.77
45.05,Medium,Rain,11.89,4,23,Medium,Standard,Carrier_A,13.27
19.8,High,Rain,11.99,1,7,High,Standard,Carrier_B,21.14
139.36,Medium,Clear,30.24,5,8,Low,Express,Carrier_A,14.93
35.96,High,Clear,11.77,2,20,Low,Standard,Carrier_B,11.28
41.15,Low,Clear,5.99,4,16,Low,Standard,Carrier_A,13.96
158.06,High,Rain,6.68,1,12,Low,Standard,Carrier_B,23.07
16.68,Medium,Storm,16.96,2,20,High,Standard,Carrier_A,15.89
85.66,Medium,Clear,13.34,2,6,Medium,Standard,Carrier_B,11.09
122.55,Medium,Rain,3.69,1,16,Medium,Standard,Carrier_A,15.89
150.21,Low,Rain,13.94,2,8,Medium,Standard,Carrier_A,15.07
81.78,Low,Storm,4.94,3,2,Low,Standard,Carrier_B,15.29
102.66,High,Clear,13.26,2,8,High,Standard,Carrier_C,19.64
122.51,High,Clear,5.91,2,3,Medium,Standard,Carrier_C,13.78
58.58,Low,Rain,8.31,1,23,Low,Standard,Carrier_C,9.15
31.99,Medium,Rain,7.0,0,6,Medium,Standard,Carrier_A,5.0
165.6,Medium,Rain,26.77,5,22,Low,Standard,Carrier_B,17.34
95.54,Medium,Rain,12.95,0,19,Medium,Standard,Carrier_B,18.53
65.72,Medium,Clear,22.64,4,8,Medium,Standard,Carrier_A,19.84
20.77,High,Rain,65.49,0,19,High,Express,Carrier_A,16.83
7.14,Medium,Clear,10.28,1,1,High,Express,Carrier_A,5.09
84.54,Medium,Clear,26.48,2,4,Low,Standard,Carrier_C,6.41
6.6,Medium,Clear,6.33,1,19,Low,Standard,Carrier_B,7.18
65.22,Medium,Clear,22.55,2,9,High,Standard,Carrier_A,19.34
37.3,Low,Clear,5.9,5,3,Medium,Standard,Carrier_B,12.05
44.97,High,Rain,9.86,4,3,Medium,Standard,Carrier_B,14.19
142.33,Low,Rain,14.14,2,19,Medium,Standard,Carrier_B,20.0
37.58,High,Clear,15.66,2,11,Medium,Standard,Carrier_A,16.17
67.54,High,Clear,4.36,2,10,Medium,Standard,Carrier_B,18.1
37.74,Medium,Clear,5.68,1,8,High,Standard,Carrier_A,16.95
79.31,Medium,Clear,14.84,1,2,Medium,Standard,Carrier_A,12.92
71.83,Low,Clear,7.85,4,23,Low,Express,Carrier_B,4.5
65.25,Medium,Clear,4.02,1,5,Low,Standard,Carrier_A,5.75
122.8,Medium,Rain,9.52,4,9,High,Standard,Carrier_B,28.8
16.72,Low,Clear,9.23,4,19,Medium,Standard,Carrier_A,8.83
12.66,Low,Rain,11.19,0,1,Medium,Standard,Carrier_C,1.0
24.29,High,Rain,14.07,0,14,Low,Standard,Carrier_A,12.39
72.08,Medium,Clear,13.5,1,12,High,Standard,Carrier_B,17.23
88.62,Medium,Clear,6.05,0,17,Medium,Standard,Carrier_A,12.26
5.0,Low,Clear,7.64,0,21,High,Express,Carrier_A,6.25
87.84,Medium,Clear,18.23,4,2,Low,Standard,Carrier_A,9.44
50.0,Medium,Rain,7.01,1,8,Low,Express,Carrier_A,8.63
168.29,High,Clear,7.72,1,8,Low,Standard,Carrier_A,13.88
83.57,Medium,Clear,3.75,3,19,Medium,Standard,Carrier_B,12.61
156.09,Low,Clear,9.79,3,10,High,Standard,Carrier_B,22.53
137.83,Medium,Clear,12.48,6,10,Medium,Standard,Carrier_C,7.62
50.02,Low,Storm,2.76,3,6,High,Express,Carrier_B,16.47
112.64,High,Clear,4.97,2,13,Medium,Standard,Carrier_A,14.59
49.94,Low,Rain,3.96,1,14,Low,Standard,Carrier_C,8.83
181.59,Low,Clear,16.65,1,12,Medium,Standard,Carrier_A,8.56
53.53,Medium,Clear,2.88,0,14,High,Standard,Carrier_A,8.96
91.47,Low,Clear,9.48,3,20,Medium,Standard,Carrier_A,9.3
203.13,Medium,Rain,15.9,2,20,Low,Express,Carrier_A,18.19
94.18,Medium,Clear,11.27,1,13,High,Standard,Carrier_B,15.41
46.13,High,Rain,7.49,5,22,Medium,Standard,Carrier_A,12.58
21.86,Low,Clear,12.49,0,9,High,Standard,Carrier_A,8.98
16.87,Medium,Clear,19.57,2,0,Medium,Express,Carrier_A,3.9
87.55,Medium,Clear,9.3,3,18,Medium,Express,Carrier_A,14.03
60.65,Low,Clear,2.33,5,18,Medium,Express,Carrier_B,11.34
24.68,Medium,Clear,21.03,1,1,High,Standard,Carrier_A,15.48
104.82,High,Clear,12.94,7,7,High,Standard,Carrier_A,22.69
103.86,High,Rain,9.76,0,6,Medium,Express,Carrier_C,12.4
59.87,High,Clear,2.75,2,12,Low,Standard,Carrier_B,11.15
160.45,Medium,Clear,8.22,3,6,Low,Standard,Carrier_C,13.58
13.93,Medium,Clear,5.65,1,17,Low,Standard,Carrier_A,9.77
47.48,High,Clear,4.52,2,13,Low,Express,Carrier_B,8.75
93.84,Low,Clear,9.13,5,20,Medium,Express,Carrier_A,9.47
27.25,Medium,Clear,7.04,2,20,Low,Standard,Carrier_B,8.93
111.69,High,Clear,7.35,1,7,Medium,Standard,Carrier_B,16.08
133.53,High,Clear,16.13,0,13,High,Express,Carrier_A,18.5
5.0,High,Clear,11.78,2,14,Low,Standard,Carrier_B,8.73
163.9,Low,Rain,7.23,3,10,Medium,Standard,Carrier_A,14.87
90.07,Medium,Rain,6.66,2,23,Low,Express,Carrier_A,5.52
43.3,Low,Clear,7.42,1,1,Medium,Standard,Carrier_B,4.88
18.31,High,Rain,8.49,1,21,High,Express,Carrier_A,12.93
121.56,Medium,Clear,14.58,1,23,Low,Standard,Carrier_B,12.24
23.55,Low,Rain,5.06,3,8,High,Standard,Carrier_B,15.04
89.95,High,Clear,25.74,4,7,Low,Standard,Carrier_A,13.07
24.43,Medium,Clear,14.59,3,0,Medium,Standard,Carrier_A,8.56
64.17,Medium,Clear,1.68,3,3,Low,Standard,Carrier_A,5.06
118.06,High,Clear,10.54,4,5,Medium,Standard,Carrier_A,14.43
43.75,Medium,Rain,19.62,3,19,Low,Standard,Carrier_C,15.65
163.19,Medium,Clear,12.84,4,18,Medium,Standard,Carrier_C,18.63
95.31,Low,Clear,7.63,3,21,Low,Standard,Carrier_A,10.61
27.33,Low,Clear,9.59,4,7,High,Standard,Carrier_A,17.1
19.71,Low,Clear,11.2,3,7,Low,Standard,Carrier_B,8.49
34.11,Medium,Rain,16.45,5,19,Low,Standard,Carrier_C,16.12
61.97,Medium,Rain,3.98,2,13,Medium,Standard,Carrier_B,14.97
173.13,Medium,Clear,6.73,3,1,Medium,Express,Carrier_B,14.29
194.2,Medium,Rain,28.94,1,18,High,Standard,Carrier_A,24.26
42.45,Low,Clear,10.19,3,2,High,Standard,Carrier_C,8.17
41.41,Medium,Clear,26.93,2,0,Medium,Standard,Carrier_B,12.38
106.17,High,Clear,69.45,6,22,High,Standard,Carrier_B,26.59
105.59,Low,Clear,7.24,2,23,Low,Standard,Carrier_A,5.32
146.77,Medium,Clear,4.58,4,16,High,Express,Carrier_A,16.9
149.3,Low,Clear,8.39,3,7,Medium,Standard,Carrier_A,15.22
32.15,Medium,Rain,20.38,1,3,Low,Standard,Carrier_C,5.91
16.14,Medium,Rain,22.32,1,11,Medium,Standard,Carrier_B,10.29
96.25,Low,Storm,43.68,4,12,Medium,Standard,Carrier_A,20.5
74.82,Medium,Clear,9.74,3,1,Medium,Standard,Carrier_A,15.35
8.82,High,Clear,13.7,4,15,Low,Standard,Carrier_A,8.82
15.76,Low,Rain,6.28,5,1,Medium,Express,Carrier_B,8.29
93.13,Medium,Clear,1.96,4,11,Medium,Standard,Carrier_C,13.71
58.02,Medium,Clear,9.72,2,2,Medium,Standard,Carrier_A,9.93
94.57,Low,Clear,4.71,5,1,High,Standard,Carrier_A,10.88
25.72,Medium,Clear,15.15,2,7,High,Standard,Carrier_A,10.98
99.26,Medium,Rain,2.94,1,14,Medium,Standard,Carrier_B,14.18
81.42,Low,Clear,6.17,1,22,Medium,Standard,Carrier_B,12.12
104.22,High,Clear,11.87,3,1,Medium,Standard,Carrier_B,20.7
44.86,Medium,Rain,12.71,4,12,High,Standard,Carrier_C,12.52
37.57,Medium,Clear,9.67,1,18,Medium,Standard,Carrier_B,9.43
18.28,Low,Clear,33.57,2,7,Medium,Express,Carrier_A,9.12
50.84,Low,Clear,27.66,4,19,Medium,Standard,Carrier_A,10.59
129.83,Medium,Storm,6.39,6,10,High,Standard,Carrier_B,28.95
153.6,Medium,Clear,28.39,3,0,Medium,Standard,Carrier_C,15.17
23.74,Low,Clear,31.36,3,6,Low,Standard,Carrier_B,7.1
61.94,Medium,Clear,9.2,1,10,Medium,Standard,Carrier_C,7.65
174.79,Medium,Storm,10.27,0,14,Low,Standard,Carrier_A,23.41
190.02,Medium,Clear,9.65,5,3,Low,Standard,Carrier_A,13.52
49.27,High,Clear,6.56,1,12,Medium,Standard,Carrier_A,10.65
137.38,Medium,Clear,7.0,2,18,Medium,Standard,Carrier_A,19.44
122.41,Medium,Rain,23.51,2,9,High,Standard,Carrier_B,21.94
115.87,High,Clear,13.25,4,4,High,Standard,Carrier_C,19.57
13.57,Medium,Clear,6.96,3,16,Medium,Standard,Carrier_B,14.37
40.45,High,Clear,5.46,2,15,Low,Standard,Carrier_A,11.58
57.09,High,Clear,6.09,3,9,Low,Express,Carrier_B,15.73
55.88,Medium,Clear,8.97,2,19,High,Standard,Carrier_B,19.45
61.45,Medium,Clear,18.06,4,19,Medium,Express,Carrier_A,8.02
203.34,High,Clear,5.7,3,2,Low,Standard,Carrier_B,19.91
50.57,High,Rain,17.92,2,14,Medium,Standard,Carrier_B,14.15
84.08,Low,Clear,11.34,5,15,Low,Standard,Carrier_B,12.33
82.01,Low,Rain,10.94,0,4,Medium,Express,Carrier_C,10.76
62.02,Medium,Clear,19.43,2,4,High,Express,Carrier_B,5.4
25.13,High,Rain,17.26,1,3,Medium,Standard,Carrier_C,7.95
68.21,High,Clear,4.0,1,7,Medium,Standard,Carrier_C,8.41
8.63,High,Clear,4.93,5,6,Low,Standard,Carrier_B,9.53
89.96,Low,Clear,8.59,3,16,Low,Express,Carrier_A,9.26
6.98,High,Clear,12.57,0,22,Low,Standard,Carrier_A,11.52
84.48,Low,Rain,24.22,1,11,Medium,Standard,Carrier_B,9.14
38.74,Medium,Clear,10.41,2,19,Low,Standard,Carrier_A,16.08
28.32,Medium,Rain,30.19,1,12,Medium,Standard,Carrier_C,11.18
107.27,Medium,Clear,6.3,2,23,Medium,Standard,Carrier_A,14.14
46.15,Medium,Clear,7.03,2,9,Medium,Standard,Carrier_B,14.62
65.68,Low,Rain,8.18,2,17,Low,Express,Carrier_A,5.55
14.07,Low,Clear,5.86,4,20,Medium,Standard,Carrier_B,6.67
160.98,High,Rain,21.19,2,21,Medium,Standard,Carrier_B,19.61
70.4,Low,Clear,1.65,4,9,Low,Standard,Carrier_A,12.44
70.27,Medium,Clear,7.19,0,8,Medium,Standard,Carrier_A,8.69
91.31,Low,Rain,21.04,2,0,Medium,Express,Carrier_B,11.23
5.0,Medium,Clear,8.14,1,14,Medium,Standard,Carrier_A,4.33
171.46,Low,Clear,20.03,1,13,High,Express,Carrier_A,18.56
49.16,Medium,Clear,41.62,0,9,Medium,Standard,Carrier_A,8.97
164.94,Medium,Clear,10.51,4,5,Medium,Standard,Carrier_C,13.5
47.83,Low,Clear,21.32,2,20,High,Standard,Carrier_A,11.88
39.68,High,Clear,48.06,1,23,High,Standard,Carrier_A,14.44
87.07,Low,Clear,12.95,3,23,High,Standard,Carrier_A,17.22
229.46,High,Clear,9.67,2,10,Medium,Standard,Carrier_B,24.37
137.29,Low,Clear,17.93,2,17,High,Standard,Carrier_A,18.36
93.8,High,Clear,21.54,2,19,Low,Express,Carrier_A,16.03
86.13,Low,Clear,9.73,4,18,High,Standard,Carrier_A,17.42
67.75,Medium,Rain,7.28,4,8,Low,Standard,Carrier_A,17.09
160.17,Medium,Rain,30.46,2,21,Low,Standard,Carrier_B,19.86
109.12,Medium,Clear,8.37,2,15,Low,Standard,Carrier_C,9.35
17.89,High,Clear,21.67,5,2,Medium,Standard,Carrier_C,9.08
28.47,Low,Clear,11.83,4,3,Medium,Express,Carrier_B,6.7
96.02,Medium,Clear,32.7,1,11,Medium,Standard,Carrier_A,6.02
24.24,High,Clear,5.74,4,22,Medium,Standard,Carrier_A,10.39
70.11,High,Rain,5.74,1,17,Medium,Standard,Carrier_B,17.52
115.27,Medium,Rain,17.38,2,15,High,Express,Carrier_C,19.41
87.51,Medium,Clear,4.78,8,14,Medium,Standard,Carrier_C,14.8
20.88,High,Clear,10.76,3,22,Medium,Standard,Carrier_C,15.82
29.9,High,Rain,27.29,2,12,High,Standard,Carrier_B,19.48
89.42,High,Storm,3.13,0,9,Low,Standard,Carrier_A,15.93
213.64,High,Clear,12.95,2,9,Medium,Standard,Carrier_C,26.22
59.79,Medium,Rain,21.93,2,12,Low,Standard,Carrier_A,13.93
117.95,Medium,Clear,9.81,1,5,Medium,Express,Carrier_A,5.74
88.04,Medium,Rain,5.46,2,23,Medium,Standard,Carrier_C,15.3
38.41,Low,Clear,8.41,1,22,Low,Standard,Carrier_B,9.78
118.85,High,Clear,5.78,3,9,Low,Standard,Carrier_A,11.42
13.62,Medium,Clear,10.43,6,17,Medium,Standard,Carrier_B,10.85
113.13,Low,Clear,8.33,1,18,Medium,Standard,Carrier_B,16.41
91.8,Medium,Clear,7.14,3,14,Medium,Standard,Carrier_A,11.96
41.47,Low,Clear,13.5,2,2,Medium,Standard,Carrier_B,12.61
26.25,Low,Rain,27.84,1,2,Low,Standard,Carrier_A,9.4
44.5,Medium,Clear,12.34,5,17,Low,Standard,Carrier_A,14.31
36.03,Medium,Rain,23.89,1,2,Medium,Standard,Carrier_A,14.0
52.71,Medium,Clear,27.83,2,19,Medium,Standard,Carrier_B,11.07
48.24,Low,Rain,6.81,4,10,High,Standard,Carrier_A,13.48
41.45,Medium,Clear,11.93,3,19,Medium,Express,Carrier_B,16.66
13.02,Low,Clear,7.57,3,3,Low,Standard,Carrier_C,2.99
22.94,High,Clear,3.81,2,9,Low,Standard,Carrier_A,14.46
131.49,Low,Storm,12.57,5,3,Medium,Express,Carrier_B,20.12
42.44,High,Clear,5.03,1,11,Medium,Express,Carrier_A,7.1
53.49,Low,Clear,13.66,0,1,Medium,Express,Carrier_B,2.89
46.21,Low,Rain,3.63,4,6,Medium,Standard,Carrier_B,14.12
162.55,Medium,Clear,11.15,1,7,Low,Express,Carrier_C,16.41
35.31,High,Clear,3.59,2,12,High,Express,Carrier_C,13.05
33.21,High,Clear,15.46,3,0,Low,Standard,Carrier_C,10.74
93.2,Medium,Rain,7.72,2,7,Low,Standard,Carrier_A,11.62
74.07,Medium,Storm,7.25,2,17,Medium,Standard,Carrier_A,19.98
94.99,Low,Rain,20.74,1,9,Medium,Standard,Carrier_C,14.12
90.93,Medium,Clear,8.09,3,14,Medium,Standard,Carrier_C,9.3
120.9,Medium,Clear,10.72,1,20,Medium,Standard,Carrier_A,13.88
20.35,High,Rain,8.77,3,12,Medium,Express,Carrier_A,10.17
87.18,Medium,Clear,13.87,2,21,High,Express,Carrier_B,12.52
33.4,High,Clear,19.65,1,23,Medium,Express,Carrier_B,12.38
9.14,High,Storm,17.17,2,12,Medium,Standard,Carrier_B,23.06
90.5,Low,Clear,7.36,1,11,Low,Standard,Carrier_A,11.67
86.92,Medium,Clear,21.89,3,7,Medium,Express,Carrier_A,12.3
63.78,High,Rain,5.5,1,20,Medium,Standard,Carrier_C,15.77
122.31,Medium,Clear,6.16,3,18,Low,Standard,Carrier_A,16.44
33.63,Medium,Storm,9.18,3,4,Low,Standard,Carrier_C,15.7
100.77,High,Clear,19.7,4,15,High,Standard,Carrier_C,19.43
57.18,Low,Clear,4.66,2,6,High,Standard,Carrier_C,13.74
60.51,High,Rain,17.8,1,23,High,Express,Carrier_A,14.07
10.76,Medium,Rain,9.63,3,7,Medium,Standard,Carrier_B,10.81
123.13,Medium,Storm,7.52,2,2,Low,Standard,Carrier_B,20.98
84.61,Medium,Clear,20.36,1,23,Low,Standard,Carrier_A,8.28
98.17,Medium,Clear,5.92,1,14,Medium,Standard,Carrier_A,16.71
29.8,Low,Clear,44.07,2,21,High,Express,Carrier_A,6.72
77.91,Low,Clear,8.89,1,21,Medium,Standard,Carrier_A,11.38
57.09,Medium,Storm,10.99,2,10,Medium,Express,Carrier_A,16.25
87.7,Medium,Storm,27.19,1,10,High,Standard,Carrier_A,17.03
75.41,Medium,Clear,11.18,2,20,Low,Standard,Carrier_B,12.1
183.02,Low,Storm,21.6,4,9,Low,Express,Carrier_C,19.72
147.76,Low,Clear,2.8,3,5,High,Standard,Carrier_B,24.45
52.3,Low,Rain,7.48,1,13,Medium,Standard,Carrier_C,6.64
90.43,Medium,Clear,12.91,1,14,Medium,Standard,Carrier_A,8.46
49.03,Low,Rain,20.14,5,19,High,Express,Carrier_B,10.69
120.16,Low,Rain,16.45,3,3,High,Standard,Carrier_A,15.6
58.9,Medium,Clear,15.48,3,11,Medium,Standard,Carrier_A,12.89
43.94,Medium,Rain,19.88,0,13,Medium,Standard,Carrier_B,8.68
77.16,Medium,Clear,13.58,3,23,Medium,Express,Carrier_C,10.57
140.43,Low,Rain,2.48,2,5,High,Standard,Carrier_A,18.58
126.32,High,Clear,25.47,1,14,Low,Standard,Carrier_B,13.02
45.95,Medium,Clear,5.79,4,14,Medium,Standard,Carrier_A,10.39
172.86,Medium,Rain,12.23,2,22,High,Standard,Carrier_B,20.18
31.35,Low,Rain,11.22,4,10,Medium,Standard,Carrier_A,13.12
39.84,Low,Rain,10.29,0,4,Medium,Standard,Carrier_B,4.27
116.84,Medium,Clear,4.86,2,13,Low,Standard,Carrier_A,13.47
9.21,Low,Clear,2.83,1,20,Low,Standard,Carrier_A,1.0
65.81,Medium,Clear,5.2,0,3,Low,Standard,Carrier_B,8.63
52.13,Medium,Rain,17.07,3,17,Medium,Express,Carrier_B,15.72
179.31,Low,Storm,3.9,2,12,Low,Standard,Carrier_C,19.72
26.67,Low,Rain,5.63,5,19,Medium,Standard,Carrier_C,18.38
29.33,Low,Clear,13.09,2,7,Medium,Standard,Carrier_A,7.67
195.08,Medium,Rain,5.11,2,20,Low,Express,Carrier_B,13.58
52.59,Low,Clear,7.01,1,3,Low,Express,Carrier_A,9.45
136.9,Medium,Rain,10.52,2,12,Medium,Express,Carrier_A,15.85
46.36,Low,Clear,11.99,2,12,Medium,Express,Carrier_C,5.29
38.55,Medium,Clear,5.05,3,6,Medium,Standard,Carrier_C,15.14
141.32,High,Clear,10.93,2,3,High,Standard,Carrier_A,16.71
225.28,High,Rain,12.93,2,22,Medium,Express,Carrier_C,21.8
148.36,Medium,Clear,4.36,4,10,Medium,Standard,Carrier_B,14.51
44.09,Medium,Clear,11.47,1,22,Medium,Standard,Carrier_A,8.19
63.74,Medium,Rain,6.26,1,7,Medium,Standard,Carrier_B,11.38
30.47,High,Storm,10.81,1,15,Medium,Standard,Carrier_B,19.19
34.98,Medium,Clear,15.96,1,13,Low,Standard,Carrier_A,6.43
33.53,Low,Clear,8.89,1,9,High,Standard,Carrier_B,12.18
47.23,High,Clear,18.06,3,11,High,Standard,Carrier_C,9.05
71.28,Low,Clear,16.68,1,6,Medium,Standard,Carrier_B,11.65
65.64,High,Clear,17.99,1,3,Medium,Standard,Carrier_A,12.17
105.93,Low,Clear,12.96,3,16,Medium,Standard,Carrier_A,21.2
73.94,Low,Clear,20.4,2,6,Low,Standard,Carrier_A,6.25
99.29,High,Clear,12.81,3,12,Low,Standard,Carrier_A,12.6
109.97,Medium,Clear,3.37,4,13,Low,Express,Carrier_A,11.0
44.7,Medium,Clear,5.96,6,23,Medium,Standard,Carrier_B,9.95
58.01,High,Clear,8.69,6,20,Medium,Standard,Carrier_B,20.62
300.0,High,Clear,9.42,1,4,Medium,Standard,Carrier_B,24.15
41.86,Medium,Clear,12.59,1,1,Low,Standard,Carrier_B,5.61
103.11,High,Clear,5.9,3,23,High,Express,Carrier_A,19.34
21.69,Medium,Rain,36.81,0,2,Medium,Standard,Carrier_C,9.55
112.07,Low,Rain,9.33,4,17,High,Standard,Carrier_C,20.17
36.57,High,Clear,9.92,6,19,Medium,Express,Carrier_A,11.38
67.35,Medium,Rain,6.45,4,20,Medium,Standard,Carrier_A,17.34
18.42,High,Rain,5.2,3,8,Medium,Standard,Carrier_C,12.77
62.56,Low,Rain,9.19,3,8,Low,Standard,Carrier_B,8.73
63.5,Low,Clear,10.15,5,6,Medium,Standard,Carrier_C,11.26
56.41,Low,Clear,9.43,1,4,Medium,Standard,Carrier_A,6.92
88.28,Medium,Clear,29.25,1,5,Medium,Standard,Carrier_B,11.96
133.6,High,Clear,9.19,3,4,Medium,Standard,Carrier_B,21.14
29.21,Medium,Clear,9.43,2,23,Low,Standard,Carrier_B,7.18
57.44,Low,Storm,16.94,0,11,Medium,Standard,Carrier_A,9.07
19.71,Medium,Clear,8.92,3,12,Medium,Express,Carrier_B,7.04
11.86,Medium,Clear,14.16,0,15,Medium,Standard,Carrier_A,7.01
73.27,Medium,Storm,4.34,0,3,High,Express,Carrier_A,17.71
27.29,Medium,Clear,4.37,1,23,Low,Standard,Carrier_C,4.73
65.19,Low,Clear,10.8,2,9,Medium,Standard,Carrier_A,17.73
75.36,Medium,Storm,8.58,1,12,Medium,Standard,Carrier_A,22.0
14.18,Medium,Clear,5.9,1,6,Medium,Standard,Carrier_A,3.57
83.51,Low,Clear,10.8,2,7,High,Express,Carrier_B,10.15
129.43,Medium,Clear,11.43,1,4,Medium,Standard,Carrier_A,17.09
96.85,Medium,Clear,6.29,3,12,High,Standard,Carrier_C,18.07
29.82,Medium,Rain,7.12,2,23,Low,Express,Carrier_B,12.71
62.23,Low,Clear,11.48,1,0,High,Standard,Carrier_C,8.74
67.36,Low,Rain,5.14,3,10,Medium,Standard,Carrier_A,11.6
58.26,High,Clear,6.74,2,9,Low,Standard,Carrier_B,9.85
20.69,Low,Rain,14.11,2,16,Medium,Standard,Carrier_C,10.8
33.97,High,Clear,9.82,7,17,Medium,Standard,Carrier_C,15.31
54.49,Medium,Storm,7.31,2,21,High,Standard,Carrier_B,18.74
74.62,Medium,Clear,5.55,2,6,Low,Standard,Carrier_C,11.19
41.64,High,Rain,5.16,1,4,Medium,Standard,Carrier_A,13.5
10.45,Medium,Rain,9.16,4,11,Medium,Standard,Carrier_A,13.85
43.7,Low,Clear,37.22,0,3,Low,Express,Carrier_B,3.77
182.85,Low,Clear,14.41,2,11,High,Express,Carrier_A,17.65
83.91,Medium,Clear,4.19,2,6,Medium,Standard,Carrier_C,7.12
73.12,Medium,Clear,15.79,1,7,Medium,Express,Carrier_A,7.79
33.55,High,Clear,6.09,2,17,High,Standard,Carrier_A,18.02
45.3,Medium,Clear,9.94,1,3,High,Express,Carrier_A,14.26
9.6,Medium,Storm,6.8,4,9,High,Standard,Carrier_B,23.46
31.67,Low,Storm,37.14,5,16,Low,Standard,Carrier_A,17.2
81.01,Low,Clear,4.77,1,11,High,Standard,Carrier_C,15.1
73.51,High,Clear,12.23,2,20,Low,Standard,Carrier_C,11.05
38.56,Low,Clear,6.39,2,0,Medium,Standard,Carrier_B,6.21
58.22,High,Rain,16.12,2,9,High,Standard,Carrier_A,20.81
65.67,Low,Storm,12.07,2,0,Low,Standard,Carrier_A,15.17
40.25,Medium,Clear,22.54,1,1,Low,Standard,Carrier_A,3.42
87.27,Low,Clear,15.91,1,9,High,Standard,Carrier_A,14.7
72.56,High,Clear,6.35,4,6,Low,Standard,Carrier_B,10.08
46.59,Low,Clear,66.39,1,3,Low,Standard,Carrier_A,5.47
22.01,Medium,Storm,14.31,3,23,Low,Standard,Carrier_A,13.88
44.02,High,Rain,6.97,3,18,Medium,Standard,Carrier_C,17.01
41.74,Medium,Clear,11.4,3,10,Medium,Standard,Carrier_B,5.77
38.49,Low,Clear,15.03,2,22,Medium,Standard,Carrier_B,8.87
14.8,High,Clear,14.66,2,2,High,Standard,Carrier_B,17.33
152.34,Medium,Rain,13.77,2,22,Medium,Standard,Carrier_C,21.17
147.56,Low,Rain,18.69,5,21,Medium,Express,Carrier_B,21.47
56.68,Medium,Clear,17.54,2,11,Low,Express,Carrier_A,6.6
74.37,High,Clear,5.75,3,17,High,Standard,Carrier_A,26.68
86.23,Medium,Rain,39.26,2,6,Low,Standard,Carrier_B,12.12
57.35,High,Rain,35.87,3,23,High,Express,Carrier_A,15.61
78.1,Medium,Clear,16.79,1,11,Low,Standard,Carrier_C,8.3
94.7,Medium,Clear,10.23,2,5,High,Express,Carrier_A,15.31
70.67,Medium,Storm,10.34,2,2,High,Standard,Carrier_B,23.67
106.08,Medium,Rain,8.08,2,16,Low,Standard,Carrier_C,8.45
37.46,Medium,Storm,8.79,0,22,Low,Standard,Carrier_A,10.12
62.18,Low,Clear,2.41,1,16,Low,Standard,Carrier_B,11.56
295.39,Medium,Clear,26.97,3,16,Low,Standard,Carrier_A,22.29
122.72,High,Clear,21.44,3,18,Medium,Standard,Carrier_C,18.83
71.81,Low,Rain,3.35,1,6,Low,Standard,Carrier_B,11.27
29.27,Low,Rain,17.79,0,8,Low,Standard,Carrier_C,9.08
64.5,Low,Clear,9.92,4,18,Medium,Standard,Carrier_A,14.84
117.38,Low,Storm,8.76,0,15,Low,Express,Carrier_B,18.17
101.86,High,Storm,13.74,3,5,Medium,Standard,Carrier_B,26.37
11.42,Medium,Clear,3.21,2,1,Low,Standard,Carrier_A,2.35
15.37,Medium,Clear,9.9,3,18,Low,Standard,Carrier_C,10.02
16.09,High,Rain,10.5,3,20,Low,Standard,Carrier_C,14.75
87.18,Medium,Clear,10.51,0,9,Low,Standard,Carrier_B,13.25
16.3,High,Rain,4.1,3,19,Low,Standard,Carrier_A,18.13
28.19,High,Clear,13.34,0,20,Low,Standard,Carrier_A,9.06
55.83,Medium,Rain,19.86,4,16,Low,Standard,Carrier_A,14.37
130.33,Medium,Rain,13.0,3,23,Medium,Standard,Carrier_A,15.08
90.03,Medium,Rain,8.59,2,23,Medium,Express,Carrier_B,19.3
50.96,High,Rain,57.28,3,7,Medium,Standard,Carrier_A,16.16
108.09,Low,Clear,5.47,1,21,High,Standard,Carrier_A,13.08
217.15,Medium,Clear,16.49,5,13,Medium,Standard,Carrier_A,20.29
64.92,Medium,Rain,11.68,5,9,Low,Standard,Carrier_A,12.09
20.84,Medium,Clear,36.89,3,5,Medium,Standard,Carrier_A,11.85
29.05,High,Rain,12.82,3,16,Medium,Standard,Carrier_A,18.48
28.81,Medium,Clear,14.74,4,19,Medium,Standard,Carrier_B,14.23
34.59,Low,Clear,13.86,2,4,Low,Standard,Carrier_A,3.7
48.29,Medium,Clear,5.01,1,11,Medium,Standard,Carrier_A,10.37
76.16,High,Rain,5.67,3,21,Low,Standard,Carrier_B,16.11
17.97,Medium,Clear,8.34,5,23,Low,Express,Carrier_A,7.84
21.29,High,Clear,18.58,1,10,Medium,Standard,Carrier_A,14.58
94.13,High,Clear,11.61,2,21,High,Standard,Carrier_C,10.44
41.89,High,Rain,8.72,3,20,High,Standard,Carrier_A,21.12
31.47,Medium,Clear,24.34,2,6,High,Express,Carrier_C,15.71
52.53,Medium,Clear,2.75,2,10,Medium,Standard,Carrier_C,13.86
145.22,High,Clear,4.3,5,2,Medium,Express,Carrier_C,19.58
102.98,High,Clear,1.97,2,0,Low,Standard,Carrier_C,16.53
98.29,Low,Clear,21.88,5,14,Medium,Standard,Carrier_C,9.97
178.41,Low,Rain,9.37,2,0,Medium,Standard,Carrier_A,18.15
78.7,Medium,Clear,18.69,1,7,Low,Standard,Carrier_A,10.79
188.88,High,Rain,9.29,5,4,Low,Standard,Carrier_B,23.3
198.56,High,Rain,19.4,3,6,High,Standard,Carrier_B,31.09
18.52,Medium,Clear,9.19,2,5,Low,Express,Carrier_B,4.93
13.92,Low,Rain,13.02,1,13,Low,Standard,Carrier_A,1.0
27.2,Medium,Rain,11.84,4,18,High,Express,Carrier_A,16.74
135.96,High,Clear,12.42,4,12,Low,Express,Carrier_B,16.42
53.33,Medium,Rain,29.82,3,18,High,Standard,Carrier_B,21.66
48.47,Low,Storm,3.47,2,12,Low,Standard,Carrier_A,11.88
110.04,Medium,Clear,9.54,2,16,Low,Standard,Carrier_A,8.7
40.23,High,Clear,11.34,2,7,Low,Standard,Carrier_C,9.29
71.75,Medium,Clear,10.29,0,7,Low,Standard,Carrier_C,6.67
94.1,Low,Clear,7.7,4,3,Medium,Standard,Carrier_A,8.94
29.38,Medium,Clear,7.05,4,12,Medium,Standard,Carrier_B,9.67
23.87,High,Clear,26.96,3,4,Medium,Standard,Carrier_A,14.38
64.65,Medium,Rain,9.53,4,15,Medium,Express,Carrier_B,9.86
70.71,Medium,Clear,48.65,3,17,Low,Standard,Carrier_B,16.49
104.41,Low,Clear,14.06,2,21,Medium,Standard,Carrier_A,7.44
26.61,Medium,Rain,8.26,1,11,Low,Standard,Carrier_A,7.39
35.47,High,Clear,14.29,3,23,Low,Standard,Carrier_B,12.16
197.3,High,Clear,10.71,2,11,High,Standard,Carrier_B,24.01
120.91,Medium,Clear,23.86,2,17,High,Express,Carrier_A,18.62
57.11,High,Clear,4.67,4,23,Low,Standard,Carrier_B,13.72
133.82,Medium,Clear,3.09,3,12,Low,Express,Carrier_A,10.83
26.69,High,Clear,12.61,3,22,Medium,Standard,Carrier_C,4.89
52.31,Low,Rain,17.17,2,13,Medium,Standard,Carrier_B,13.01
70.28,Medium,Clear,12.01,3,1,High,Standard,Carrier_C,18.99
47.9,High,Rain,15.44,1,11,Medium,Standard,Carrier_A,13.09
49.21,High,Rain,14.03,2,19,Low,Standard,Carrier_A,17.61
100.91,High,Clear,3.81,3,15,Medium,Standard,Carrier_A,13.86
122.03,Medium,Clear,11.97,3,5,Low,Standard,Carrier_C,14.84
44.07,High,Rain,23.47,3,6,Medium,Express,Carrier_B,16.55
19.5,Medium,Clear,11.15,0,17,Medium,Standard,Carrier_C,7.05
15.85,Low,Clear,4.26,2,19,High,Standard,Carrier_B,10.94
8.54,Medium,Clear,8.03,4,4,Low,Express,Carrier_A,7.02
176.49,Medium,Rain,14.32,1,10,Medium,Express,Carrier_A,16.63
101.19,Medium,Clear,32.05,2,3,Low,Standard,Carrier_A,7.79
86.62,High,Clear,2.8,2,7,High,Standard,Carrier_A,15.34
39.68,Medium,Clear,12.61,3,22,Low,Standard,Carrier_B,11.11
39.5,Low,Rain,5.44,4,0,Low,Standard,Carrier_B,8.63
124.68,Low,Clear,13.87,2,13,Low,Standard,Carrier_B,11.71
13.99,High,Rain,14.62,1,10,Medium,Standard,Carrier_A,14.23
45.56,Low,Clear,8.57,5,8,Low,Standard,Carrier_B,8.24
136.66,High,Clear,15.04,0,21,Medium,Express,Carrier_A,11.25
45.5,Low,Clear,20.92,2,21,Low,Standard,Carrier_B,11.92
97.71,Medium,Clear,8.96,1,0,Medium,Standard,Carrier_A,10.43
58.82,High,Clear,4.18,0,6,High,Standard,Carrier_A,17.26
5.0,Medium,Rain,25.19,5,5,Low,Express,Carrier_C,14.9
57.0,High,Clear,17.09,2,1,Medium,Standard,Carrier_A,13.91
65.6,Low,Storm,14.39,1,12,Medium,Standard,Carrier_B,13.9
53.75,Medium,Clear,6.37,3,9,Medium,Standard,Carrier_B,14.38
22.85,Medium,Clear,18.93,2,9,Low,Standard,Carrier_B,9.57
54.21,High,Clear,37.62,4,16,Low,Standard,Carrier_B,16.85
9.19,Low,Rain,9.22,1,23,Medium,Standard,Carrier_B,10.63
45.13,Medium,Clear,10.61,2,15,Low,Standard,Carrier_C,9.4
103.07,Medium,Clear,4.99,0,14,Low,Express,Carrier_A,1.75
170.24,High,Clear,6.25,0,11,Low,Standard,Carrier_A,19.41
152.23,High,Clear,4.96,5,9,Medium,Express,Carrier_B,22.68
26.08,High,Clear,10.86,4,12,High,Standard,Carrier_A,14.12
16.56,Medium,Rain,7.99,3,6,High,Standard,Carrier_A,15.96
70.3,Medium,Clear,12.71,5,12,Medium,Standard,Carrier_A,10.2
62.53,High,Rain,5.59,1,9,High,Express,Carrier_B,16.48
92.84,High,Clear,8.94,3,8,Medium,Standard,Carrier_C,20.28
37.05,High,Rain,5.37,2,20,Medium,Express,Carrier_A,12.62
63.94,High,Storm,11.27,3,1,Medium,Standard,Carrier_A,25.66
61.45,High,Rain,3.45,2,19,High,Standard,Carrier_A,18.82
46.36,Low,Storm,11.01,1,3,Low,Standard,Carrier_C,12.41
12.97,Low,Rain,8.32,2,9,Medium,Standard,Carrier_A,11.65
102.05,High,Clear,11.22,0,17,Medium,Standard,Carrier_A,17.45
70.65,Medium,Clear,3.41,2,21,Low,Standard,Carrier_A,10.78
106.91,Low,Clear,15.27,0,19,High,Standard,Carrier_A,15.94
124.61,Medium,Clear,8.21,2,17,High,Standard,Carrier_B,20.06
57.55,Medium,Clear,11.49,4,9,Medium,Standard,Carrier_A,8.44
102.49,High,Clear,2.96,2,8,High,Standard,Carrier_B,24.11
172.84,High,Rain,4.45,1,7,Low,Standard,Carrier_A,14.99
209.51,Low,Clear,7.74,5,20,High,Standard,Carrier_B,19.46
76.9,Medium,Clear,24.39,2,14,Low,Standard,Carrier_A,7.8
81.2,Low,Clear,14.05,1,1,Low,Standard,Carrier_A,9.8
75.98,High,Storm,10.85,2,0,Medium,Express,Carrier_C,17.85
90.59,Low,Clear,5.47,5,2,Medium,Express,Carrier_C,14.88
121.02,Medium,Clear,4.86,1,13,Medium,Standard,Carrier_A,8.91
74.85,Medium,Clear,11.94,4,23,Medium,Standard,Carrier_B,10.75
201.76,Medium,Storm,15.73,1,11,Medium,Standard,Carrier_B,19.33
183.56,Medium,Clear,11.43,4,5,Medium,Standard,Carrier_B,16.59
65.47,Medium,Clear,30.3,5,10,High,Standard,Carrier_B,15.42
65.18,Medium,Clear,6.4,2,16,Low,Express,Carrier_B,14.3
43.66,Low,Clear,11.21,2,0,High,Standard,Carrier_B,14.53
94.0,Medium,Rain,3.32,6,15,High,Standard,Carrier_B,22.2
49.57,Medium,Clear,11.44,2,22,High,Standard,Carrier_B,12.86
42.06,Medium,Rain,25.92,2,22,Medium,Express,Carrier_A,12.22
92.58,High,Clear,5.07,1,4,High,Express,Carrier_C,17.9
24.81,Medium,Storm,17.24,0,23,Low,Express,Carrier_A,8.46
122.43,High,Clear,25.45,0,2,Low,Standard,Carrier_B,13.46
95.17,Low,Storm,6.37,1,11,Medium,Standard,Carrier_B,16.59
177.38,High,Clear,13.51,5,9,High,Standard,Carrier_B,23.39
77.89,Low,Clear,27.85,2,16,High,Express,Carrier_A,16.18
105.43,Medium,Clear,11.59,1,18,Medium,Standard,Carrier_B,13.82
114.89,Medium,Rain,16.63,0,14,Medium,Standard,Carrier_A,13.61
144.36,Medium,Rain,3.15,1,18,Medium,Express,Carrier_C,20.12
71.84,Low,Clear,14.7,0,23,Low,Standard,Carrier_A,4.5
43.4,High,Clear,13.96,2,12,Medium,Standard,Carrier_C,15.28
79.18,Medium,Clear,4.21,2,13,Low,Standard,Carrier_C,3.94
122.34,High,Clear,5.33,3,13,Medium,Standard,Carrier_C,18.25
133.27,Medium,Rain,14.77,3,6,Low,Standard,Carrier_A,14.7
13.1,Medium,Clear,8.19,5,10,Low,Standard,Carrier_A,3.8
300.0,High,Clear,20.55,4,13,Medium,Standard,Carrier_B,26.19
42.24,Low,Clear,12.21,2,0,Medium,Standard,Carrier_A,7.94
106.67,Medium,Clear,10.35,3,9,High,Standard,Carrier_C,15.22
155.15,Medium,Storm,8.93,3,6,Medium,Express,Carrier_B,23.52
61.09,Medium,Clear,12.06,2,15,Low,Standard,Carrier_C,5.89
136.77,Low,Storm,16.81,3,9,Medium,Express,Carrier_C,15.54
12.98,Medium,Rain,14.11,2,3,Low,Standard,Carrier_C,10.58
140.11,Medium,Clear,7.58,3,13,Medium,Express,Carrier_A,14.22
128.93,Medium,Clear,22.32,0,11,Medium,Express,Carrier_C,5.04
86.28,Low,Rain,15.29,3,15,Low,Standard,Carrier_A,13.4
122.6,Medium,Rain,12.81,4,17,Medium,Express,Carrier_B,19.52
186.81,High,Clear,10.59,3,23,High,Standard,Carrier_B,23.81
158.36,Low,Rain,13.81,3,14,Low,Express,Carrier_A,12.41
63.79,Medium,Clear,3.03,5,12,High,Standard,Carrier_A,19.17
78.64,High,Clear,11.67,2,6,Medium,Express,Carrier_B,14.43
55.93,High,Clear,28.97,2,16,Low,Standard,Carrier_B,18.99
50.58,Low,Rain,11.51,0,9,Medium,Standard,Carrier_B,13.72
114.43,Medium,Clear,10.53,4,23,Medium,Standard,Carrier_A,15.44
55.47,Low,Clear,6.77,0,16,Medium,Standard,Carrier_A,6.75
114.25,High,Clear,13.74,0,6,Low,Standard,Carrier_B,14.77
61.04,Medium,Clear,8.79,2,22,High,Standard,Carrier_A,15.97
67.85,Medium,Clear,23.36,3,10,High,Standard,Carrier_B,15.93
33.39,Low,Rain,5.69,4,14,Medium,Express,Carrier_B,15.56
112.25,Medium,Clear,7.43,2,17,Medium,Standard,Carrier_C,17.46
12.16,Low,Storm,6.75,0,15,Medium,Standard,Carrier_C,7.24
143.61,High,Rain,32.87,2,13,Medium,Standard,Carrier_B,20.63
252.8,Medium,Rain,8.82,3,17,Medium,Express,Carrier_B,27.4
69.58,Medium,Storm,6.98,2,21,Low,Standard,Carrier_B,12.98
67.34,High,Clear,2.56,3,3,Medium,Standard,Carrier_A,13.97
16.86,Low,Clear,5.52,3,13,Low,Express,Carrier_B,1.66
44.39,Low,Clear,14.06,1,14,High,Express,Carrier_A,7.86
123.49,Medium,Clear,14.02,3,22,Low,Standard,Carrier_A,10.31
135.36,High,Clear,6.53,0,13,Medium,Standard,Carrier_A,18.81
76.11,Low,Rain,6.77,2,3,Low,Express,Carrier_A,6.68
118.63,High,Rain,33.41,1,18,High,Standard,Carrier_C,24.84
33.96,Medium,Clear,57.55,4,19,Medium,Standard,Carrier_A,9.22
89.01,Medium,Rain,21.06,1,20,Medium,Standard,Carrier_A,12.97
168.22,Medium,Clear,27.48,2,5,Low,Standard,Carrier_A,11.26
101.27,Low,Clear,31.55,2,3,Medium,Standard,Carrier_B,15.68
184.94,Low,Clear,42.08,2,1,Medium,Standard,Carrier_A,13.76
188.62,High,Clear,8.2,0,10,Medium,Standard,Carrier_B,19.78
93.04,Medium,Clear,5.64,3,2,Medium,Standard,Carrier_C,13.05
5.0,Medium,Clear,32.84,3,18,Medium,Standard,Carrier_B,9.73
133.48,High,Clear,5.33,2,13,Low,Standard,Carrier_A,12.18
22.64,Low,Clear,5.11,3,7,Low,Express,Carrier_B,7.31
5.0,Medium,Rain,5.19,0,6,Medium,Express,Carrier_A,1.0
10.32,Medium,Clear,9.16,2,10,Medium,Express,Carrier_B,10.49
139.78,Low,Rain,2.75,5,3,Medium,Standard,Carrier_C,16.4
93.56,High,Clear,3.93,2,9,Medium,Standard,Carrier_C,12.39
77.6,High,Clear,6.66,2,15,Medium,Standard,Carrier_C,12.75
99.85,Medium,Clear,4.58,1,11,Medium,Standard,Carrier_A,13.24
11.08,High,Rain,19.9,4,11,Medium,Express,Carrier_C,9.78
55.74,Low,Clear,10.02,1,19,High,Standard,Carrier_A,7.06
38.94,High,Clear,14.51,2,9,Low,Standard,Carrier_A,12.36
73.32,High,Rain,13.52,1,2,Low,Express,Carrier_B,15.46
75.23,Low,Rain,8.72,2,12,Low,Standard,Carrier_B,11.95
96.93,Medium,Rain,18.96,4,4,Low,Standard,Carrier_B,17.1
107.23,High,Rain,13.38,1,20,Medium,Express,Carrier_C,17.67
11.72,Medium,Clear,8.11,1,3,High,Standard,Carrier_C,13.37
56.33,Medium,Rain,3.34,1,17,Medium,Standard,Carrier_B,7.57
66.3,Medium,Clear,13.99,3,10,High,Express,Carrier_B,9.74
22.04,Low,Rain,4.39,5,11,Low,Express,Carrier_A,7.81
19.9,Low,Clear,12.77,5,21,Low,Standard,Carrier_A,7.65
10.39,Low,Clear,10.5,1,19,Low,Express,Carrier_A,1.0
17.26,Medium,Clear,4.12,2,4,Medium,Standard,Carrier_A,5.63
118.15,Medium,Rain,11.8,2,20,Medium,Express,Carrier_C,18.13
14.01,Medium,Clear,11.29,1,7,Low,Express,Carrier_B,5.73
16.63,Low,Rain,11.32,1,9,Low,Standard,Carrier_B,10.16
71.12,Low,Clear,10.97,1,19,High,Express,Carrier_A,16.37
88.75,Medium,Clear,6.53,2,3,Low,Standard,Carrier_B,11.56
64.77,Low,Clear,14.65,0,9,Low,Express,Carrier_B,9.23
26.28,Medium,Clear,6.38,3,2,Medium,Standard,Carrier_A,10.71
20.33,Medium,Rain,4.96,4,13,Medium,Standard,Carrier_A,11.07
69.68,Medium,Storm,15.46,3,15,Medium,Express,Carrier_B,16.76
59.53,Medium,Rain,18.33,1,13,Medium,Standard,Carrier_A,15.46
48.49,High,Clear,14.79,1,22,High,Standard,Carrier_B,15.96
114.63,Low,Clear,8.72,0,17,High,Standard,Carrier_C,11.44
56.6,High,Rain,2.83,0,0,Medium,Standard,Carrier_A,16.99
18.63,Low,Rain,26.13,0,4,High,Standard,Carrier_A,2.3
48.72,Low,Rain,2.8,0,11,Medium,Standard,Carrier_B,14.35
95.87,Medium,Clear,14.6,3,10,High,Standard,Carrier_A,15.36
54.0,Low,Rain,39.32,3,4,Medium,Standard,Carrier_B,13.15
94.69,Medium,Clear,10.99,0,12,Low,Standard,Carrier_A,9.24
107.97,High,Rain,12.05,2,12,Medium,Standard,Carrier_A,22.18
56.75,High,Rain,12.76,1,10,High,Standard,Carrier_B,19.39
64.54,Medium,Rain,11.35,0,20,High,Standard,Carrier_C,13.59
51.38,High,Clear,45.97,2,9,Low,Standard,Carrier_A,11.29
96.16,Medium,Rain,5.77,2,18,Medium,Standard,Carrier_A,14.89
50.13,Low,Clear,5.31,1,16,High,Standard,Carrier_A,13.9
89.68,High,Clear,8.06,0,23,Medium,Express,Carrier_A,12.0
76.13,Low,Rain,30.92,2,15,Medium,Standard,Carrier_A,16.97
10.24,Low,Clear,6.86,1,11,High,Standard,Carrier_B,6.65
93.16,Low,Clear,13.19,2,0,Medium,Express,Carrier_C,4.43
71.11,Medium,Rain,20.01,3,15,Low,Standard,Carrier_C,12.76
147.41,Medium,Rain,16.55,0,12,Low,Standard,Carrier_B,15.47
23.03,Medium,Clear,19.33,1,21,Medium,Standard,Carrier_C,3.61
77.03,Medium,Clear,25.07,2,14,Medium,Express,Carrier_B,9.23
44.67,High,Rain,12.19,0,16,High,Standard,Carrier_C,19.75
11.63,High,Clear,7.41,1,21,Medium,Standard,Carrier_C,5.43
7.99,Low,Clear,10.98,3,23,Low,Standard,Carrier_B,2.7
167.24,Low,Clear,8.0,2,5,High,Standard,Carrier_A,15.1
77.21,Medium,Rain,51.37,2,5,Low,Express,Carrier_B,9.99
55.3,Low,Clear,7.06,1,18,Low,Express,Carrier_C,7.44
15.47,Medium,Clear,13.65,1,3,Medium,Express,Carrier_B,4.79
160.77,Medium,Rain,3.76,3,19,Medium,Standard,Carrier_A,25.73
35.66,High,Rain,10.87,5,3,Low,Standard,Carrier_A,12.09
79.83,Low,Clear,8.28,2,8,Medium,Standard,Carrier_B,13.96
69.08,Medium,Rain,15.47,6,20,High,Standard,Carrier_C,18.37
211.17,Medium,Storm,15.74,2,3,Medium,Standard,Carrier_A,25.71
63.38,High,Clear,25.05,4,1,Low,Standard,Carrier_A,6.64
42.43,Medium,Clear,23.79,3,18,High,Standard,Carrier_A,12.24
78.05,High,Clear,9.55,2,19,Low,Standard,Carrier_C,13.6
84.16,High,Rain,5.4,3,18,Low,Standard,Carrier_A,12.76
300.0,Low,Rain,5.83,5,11,Low,Standard,Carrier_C,15.77
62.58,Medium,Clear,12.14,3,18,Low,Standard,Carrier_A,8.25
22.3,Medium,Rain,11.05,2,16,Low,Standard,Carrier_A,12.17
48.5,Low,Rain,11.79,1,9,Low,Standard,Carrier_A,11.47
77.92,Medium,Clear,7.04,0,17,Medium,Standard,Carrier_A,8.49
88.29,Medium,Storm,25.39,4,4,Low,Standard,Carrier_C,17.65
14.0,High,Rain,3.83,4,10,Low,Express,Carrier_A,12.13
44.0,Low,Rain,6.8,1,19,Medium,Standard,Carrier_B,16.4
203.23,Medium,Storm,4.95,2,3,Medium,Express,Carrier_C,25.97
29.9,Low,Clear,8.71,3,10,Medium,Express,Carrier_B,9.3
116.46,Medium,Rain,22.43,2,14,Low,Express,Carrier_C,10.2
49.81,Medium,Clear,8.27,1,14,Medium,Standard,Carrier_A,8.8
65.36,Medium,Rain,10.65,2,22,High,Standard,Carrier_B,17.29
15.94,Medium,Rain,15.36,2,15,Low,Standard,Carrier_B,9.35
53.66,Medium,Rain,8.02,1,0,Medium,Standard,Carrier_C,7.09
77.23,Medium,Rain,12.79,1,23,Medium,Standard,Carrier_B,18.26
63.17,Medium,Rain,11.74,2,5,Medium,Standard,Carrier_B,15.4
56.28,Low,Clear,4.78,3,14,Low,Standard,Carrier_A,9.67
96.49,High,Clear,7.38,3,20,Low,Standard,Carrier_B,17.34
20.26,Medium,Clear,12.56,3,14,Medium,Standard,Carrier_C,6.98
79.84,High,Rain,22.95,0,1,Medium,Express,Carrier_A,9.41
7.21,Low,Clear,22.94,2,8,High,Standard,Carrier_A,12.91
138.71,Medium,Clear,38.94,6,0,Low,Standard,Carrier_A,18.35
57.74,Low,Clear,13.67,3,10,Low,Express,Carrier_C,5.58
111.23,High,Clear,7.62,3,21,Medium,Standard,Carrier_B,24.03
5.0,Medium,Clear,9.57,3,6,Medium,Standard,Carrier_A,6.41
100.74,Medium,Storm,9.26,6,18,Medium,Standard,Carrier_C,23.13
34.61,Medium,Rain,7.65,0,1,Low,Standard,Carrier_A,8.72
65.68,Low,Clear,12.79,0,6,Medium,Standard,Carrier_C,5.25
101.84,Medium,Rain,13.19,0,13,High,Express,Carrier_B,14.98
61.25,High,Clear,4.65,1,23,High,Standard,Carrier_B,19.39
93.65,Low,Clear,20.23,7,14,High,Standard,Carrier_A,15.25
50.39,High,Clear,3.02,2,17,Medium,Standard,Carrier_A,13.2
145.99,High,Rain,8.63,3,18,High,Express,Carrier_A,25.85
57.61,High,Clear,21.05,2,2,Medium,Standard,Carrier_A,9.65
58.5,High,Clear,14.8,3,23,Low,Standard,Carrier_B,13.3
59.32,Low,Clear,7.91,3,11,High,Standard,Carrier_A,11.58
64.35,Medium,Clear,35.86,1,7,Low,Standard,Carrier_C,11.79
21.23,Low,Clear,7.49,3,20,Low,Standard,Carrier_B,8.8
29.07,High,Clear,2.71,2,11,Low,Standard,Carrier_A,9.3
122.43,Low,Rain,13.39,3,16,Medium,Express,Carrier_B,16.38
111.19,High,Clear,3.14,4,8,Medium,Standard,Carrier_A,19.57
106.43,Low,Clear,5.81,3,14,Medium,Standard,Carrier_A,10.85
87.84,Low,Clear,14.95,5,3,Low,Express,Carrier_A,12.27
43.18,Low,Clear,7.39,4,10,Low,Standard,Carrier_A,8.71
39.7,Medium,Rain,14.55,3,10,Low,Standard,Carrier_B,15.54
62.36,Low,Clear,4.7,4,5,Low,Standard,Carrier_A,5.86
135.23,Low,Clear,17.43,2,21,Low,Standard,Carrier_A,14.55
74.13,Low,Storm,3.32,6,14,Low,Standard,Carrier_C,17.07
27.81,Medium,Rain,23.5,4,20,High,Standard,Carrier_A,17.47
17.19,High,Clear,7.32,3,3,High,Standard,Carrier_A,9.08
113.54,Medium,Clear,26.98,1,10,Medium,Standard,Carrier_A,17.33
163.62,Low,Rain,5.78,2,19,Medium,Standard,Carrier_B,21.24
13.26,Low,Rain,34.85,2,3,High,Standard,Carrier_B,18.08
116.1,Low,Storm,5.35,2,5,Medium,Standard,Carrier_A,21.59
86.41,Medium,Clear,3.11,2,22,High,Standard,Carrier_B,9.88
33.63,Low,Rain,10.26,0,2,High,Standard,Carrier_B,16.29
74.83,Low,Clear,22.24,2,10,Low,Standard,Carrier_A,8.34
23.93,Low,Clear,16.68,1,1,Low,Standard,Carrier_A,5.96
54.34,Medium,Rain,21.24,1,8,Low,Standard,Carrier_B,15.14
64.92,High,Rain,16.89,1,19,Medium,Express,Carrier_B,16.55
145.07,Low,Clear,5.85,2,8,High,Standard,Carrier_A,16.95
52.34,Medium,Clear,16.41,3,11,Low,Express,Carrier_B,10.2
36.8,Medium,Rain,10.59,4,21,High,Standard,Carrier_A,13.48
81.89,High,Clear,6.29,4,9,Medium,Standard,Carrier_A,18.2
95.38,Low,Clear,11.21,1,14,Medium,Standard,Carrier_C,12.92
35.7,High,Clear,9.62,4,12,Medium,Standard,Carrier_A,10.02
26.87,High,Clear,25.04,2,17,Medium,Express,Carrier_B,12.57
28.94,High,Rain,7.14,0,14,Medium,Standard,Carrier_A,15.79
145.41,High,Clear,6.92,0,19,Medium,Standard,Carrier_C,15.63
92.54,Low,Clear,6.33,3,21,Medium,Standard,Carrier_B,6.81
49.73,High,Rain,34.22,0,23,Low,Standard,Carrier_A,6.9
129.74,High,Clear,6.57,0,8,Medium,Standard,Carrier_B,17.64
